timestamp,hr,acc,label,anomaly_type
0,77.6,0.0697,normal,none
1,77.32,0.1758,normal,none
2,79.26,0.1078,normal,none
3,77.99,0.1461,normal,none
4,80.5,0.1816,normal,none
5,80.1,0.1219,normal,none
6,79.7,0.0612,normal,none
7,77.0,0.0809,normal,none
8,78.72,0.187,normal,none
9,77.79,0.1222,normal,none
10,79.63,0.1948,normal,none
11,77.91,0.1803,normal,none
12,78.66,0.1504,normal,none
13,79.09,0.1046,normal,none
14,78.73,0.1849,normal,none
15,80.71,0.1079,normal,none
16,78.55,0.0898,normal,none
17,78.84,0.168,normal,none
18,78.41,0.0718,normal,none
19,79.24,0.1879,normal,none
20,78.63,0.131,normal,none
21,78.68,0.1221,normal,none
22,79.08,0.0714,normal,none
23,81.78,0.0574,normal,none
24,79.23,0.1051,normal,none
25,77.88,0.0522,normal,none
26,81.04,0.1914,normal,none
27,78.83,0.167,normal,none
28,79.4,0.1508,normal,none
29,79.51,0.0576,normal,none
30,79.97,0.1288,normal,none
31,80.28,0.1401,normal,none
32,80.7,0.1011,normal,none
33,80.06,0.151,normal,none
34,78.58,0.1063,normal,none
35,78.67,0.1217,normal,none
36,79.1,0.1726,normal,none
37,78.96,0.1257,normal,none
38,78.39,0.1767,normal,none
39,78.07,0.1085,normal,none
40,78.36,0.1815,normal,none
41,78.47,0.1561,normal,none
42,78.61,0.146,normal,none
43,79.21,0.0793,normal,none
44,77.39,0.1708,normal,none
45,79.54,0.1701,normal,none
46,80.1,0.151,normal,none
47,80.13,0.095,normal,none
48,79.65,0.1624,normal,none
49,78.32,0.0841,normal,none
50,76.92,0.174,normal,none
51,77.98,0.1699,normal,none
52,79.52,0.189,normal,none
53,79.27,0.1702,normal,none
54,78.45,0.1064,normal,none
55,77.6,0.0771,normal,none
56,75.88,0.0615,normal,none
57,77.53,0.1879,normal,none
58,77.91,0.1872,normal,none
59,77.66,0.1826,normal,none
60,76.17,0.0914,normal,none
61,76.9,0.1739,normal,none
62,75.84,0.057,normal,none
63,78.41,0.1009,normal,none
64,75.17,0.1848,normal,none
65,78.06,0.0957,normal,none
66,77.45,0.0507,normal,none
67,76.16,0.1094,normal,none
68,78.14,0.0628,normal,none
69,76.51,0.1546,normal,none
70,76.24,0.0954,normal,none
71,76.44,0.0715,normal,none
72,77.28,0.1481,normal,none
73,77.04,0.13,normal,none
74,76.7,0.1063,normal,none
75,76.02,0.1547,normal,none
76,78.62,0.0942,normal,none
77,77.53,0.1101,normal,none
78,76.93,0.1002,normal,none
79,75.99,0.1268,normal,none
80,78.07,0.1394,normal,none
81,75.85,0.0832,normal,none
82,76.66,0.1108,normal,none
83,76.8,0.1717,normal,none
84,77.59,0.1303,normal,none
85,75.32,0.157,normal,none
86,78.59,0.101,normal,none
87,77.71,0.0765,normal,none
88,76.12,0.0731,normal,none
89,77.97,0.1943,normal,none
90,77.49,0.0585,normal,none
91,76.85,0.1768,normal,none
92,78.45,0.057,normal,none
93,76.66,0.1338,normal,none
94,77.44,0.1303,normal,none
95,76.12,0.1098,normal,none
96,78.78,0.075,normal,none
97,77.78,0.1439,normal,none
98,79.03,0.1154,normal,none
99,79.4,0.1035,normal,none
100,79.37,0.1699,normal,none
101,79.29,0.1351,normal,none
102,77.81,0.1304,normal,none
103,78.82,0.199,normal,none
104,78.87,0.1459,normal,none
105,78.42,0.1739,normal,none
106,79.9,0.0502,normal,none
107,81.04,0.1505,normal,none
108,80.5,0.1973,normal,none
109,79.19,0.176,normal,none
110,79.44,0.1318,normal,none
111,78.33,0.1745,normal,none
112,81.83,0.1601,normal,none
113,80.72,0.0645,normal,none
114,79.43,0.1036,normal,none
115,79.79,0.1933,normal,none
116,80.33,0.1044,normal,none
117,78.81,0.1987,normal,none
118,78.84,0.0794,normal,none
119,78.97,0.079,normal,none
120,81.09,0.131,normal,none
121,79.31,0.1476,normal,none
122,81.22,0.0667,normal,none
123,78.59,0.0569,normal,none
124,77.69,0.1713,normal,none
125,78.75,0.0819,normal,none
126,79.5,0.1954,normal,none
127,80.36,0.0664,normal,none
128,78.65,0.1646,normal,none
129,79.14,0.1043,normal,none
130,78.82,0.0982,normal,none
131,79.7,0.0806,normal,none
132,78.88,0.099,normal,none
133,80.5,0.1722,normal,none
134,78.56,0.186,normal,none
135,81.23,0.1154,normal,none
136,79.1,0.1099,normal,none
137,78.93,0.0669,normal,none
138,78.54,0.1686,normal,none
139,79.18,0.0828,normal,none
140,80.85,0.1805,normal,none
141,78.55,0.1028,normal,none
142,76.87,0.132,normal,none
143,77.28,0.0716,normal,none
144,77.94,0.1351,normal,none
145,79.57,0.1352,normal,none
146,77.86,0.059,normal,none
147,77.93,0.1945,normal,none
148,77.24,0.1818,normal,none
149,81.13,0.1358,normal,none
150,78.06,0.1849,normal,none
151,75.46,0.0743,normal,none
152,76.86,0.1107,normal,none
153,78.46,0.1152,normal,none
154,77.06,0.1689,normal,none
155,77.25,0.1576,normal,none
156,78.18,0.0819,normal,none
157,78.13,0.0699,normal,none
158,77.8,0.1343,normal,none
159,78.58,0.1159,normal,none
160,76.03,0.1789,normal,none
161,76.43,0.0552,normal,none
162,77.44,0.0512,normal,none
163,77.31,0.1139,normal,none
164,78.19,0.1492,normal,none
165,77.69,0.054,normal,none
166,77.89,0.074,normal,none
167,77.89,0.0627,normal,none
168,75.71,0.1726,normal,none
169,76.82,0.0971,normal,none
170,78.53,0.1555,normal,none
171,78.16,0.1863,normal,none
172,76.54,0.1094,normal,none
173,77.22,0.1966,normal,none
174,77.28,0.1294,normal,none
175,76.78,0.0565,normal,none
176,77.04,0.166,normal,none
177,77.5,0.0647,normal,none
178,79.92,0.0599,normal,none
179,75.85,0.1972,normal,none
180,78.46,0.0517,normal,none
181,79.53,0.1473,normal,none
182,77.39,0.1493,normal,none
183,77.22,0.1665,normal,none
184,76.71,0.0922,normal,none
185,78.85,0.0668,normal,none
186,78.19,0.0894,normal,none
187,78.47,0.137,normal,none
188,78.69,0.1109,normal,none
189,78.28,0.1611,normal,none
190,78.16,0.0704,normal,none
191,79.94,0.0915,normal,none
192,80.35,0.0711,normal,none
193,78.67,0.1115,normal,none
194,79.81,0.1718,normal,none
195,78.88,0.14,normal,none
196,79.24,0.0516,normal,none
197,80.06,0.1331,normal,none
198,78.11,0.1833,normal,none
199,79.84,0.1575,normal,none
200,78.02,0.107,normal,none
201,78.27,0.1647,normal,none
202,80.2,0.1386,normal,none
203,79.64,0.1875,normal,none
204,80.52,0.1679,normal,none
205,79.91,0.1629,normal,none
206,79.23,0.1446,normal,none
207,80.74,0.0934,normal,none
208,81.07,0.141,normal,none
209,78.6,0.1923,normal,none
210,80.31,0.1272,normal,none
211,80.03,0.1154,normal,none
212,82.27,0.1056,normal,none
213,79.74,0.119,normal,none
214,81.0,0.1094,normal,none
215,80.75,0.1976,normal,none
216,78.98,0.1028,normal,none
217,81.07,0.0696,normal,none
218,80.52,0.0512,normal,none
219,79.37,0.0617,normal,none
220,80.24,0.1208,normal,none
221,80.98,0.1543,normal,none
222,79.12,0.0758,normal,none
223,81.03,0.1654,normal,none
224,79.83,0.0576,normal,none
225,80.7,0.1518,normal,none
226,78.89,0.1611,normal,none
227,80.61,0.1481,normal,none
228,80.38,0.0661,normal,none
229,79.35,0.1328,normal,none
230,78.23,0.1408,normal,none
231,80.45,0.1439,normal,none
232,81.45,0.0887,normal,none
233,79.02,0.1154,normal,none
234,79.25,0.1743,normal,none
235,78.8,0.1479,normal,none
236,79.94,0.1371,normal,none
237,79.86,0.1354,normal,none
238,78.73,0.1065,normal,none
239,78.66,0.1539,normal,none
240,79.46,0.0879,normal,none
241,78.55,0.1499,normal,none
242,78.12,0.0892,normal,none
243,76.03,0.1051,normal,none
244,78.34,0.1341,normal,none
245,80.24,0.1886,normal,none
246,77.67,0.1487,normal,none
247,79.16,0.1026,normal,none
248,78.59,0.089,normal,none
249,75.45,0.1461,normal,none
250,77.79,0.19,normal,none
251,77.8,0.1153,normal,none
252,76.48,0.1193,normal,none
253,79.25,0.1488,normal,none
254,77.5,0.1253,normal,none
255,78.41,0.1579,normal,none
256,77.43,0.0556,normal,none
257,80.3,0.124,normal,none
258,78.07,0.0822,normal,none
259,78.14,0.1775,normal,none
260,79.44,0.0793,normal,none
261,77.42,0.1666,normal,none
262,77.06,0.0596,normal,none
263,78.93,0.118,normal,none
264,75.76,0.1195,normal,none
265,75.3,0.1206,normal,none
266,77.53,0.0506,normal,none
267,76.47,0.194,normal,none
268,76.68,0.0593,normal,none
269,77.0,0.1253,normal,none
270,77.0,0.0644,normal,none
271,79.11,0.1278,normal,none
272,77.56,0.1916,normal,none
273,77.66,0.1368,normal,none
274,78.59,0.1687,normal,none
275,77.59,0.1069,normal,none
276,76.77,0.1393,normal,none
277,77.87,0.1982,normal,none
278,78.47,0.1616,normal,none
279,78.76,0.136,normal,none
280,78.76,0.0751,normal,none
281,78.23,0.1484,normal,none
282,78.6,0.1679,normal,none
283,78.44,0.1282,normal,none
284,77.62,0.1718,normal,none
285,78.33,0.0995,normal,none
286,79.35,0.0731,normal,none
287,80.02,0.1664,normal,none
288,77.44,0.1855,normal,none
289,81.03,0.117,normal,none
290,78.96,0.0727,normal,none
291,78.11,0.1523,normal,none
292,79.12,0.1442,normal,none
293,79.2,0.159,normal,none
294,80.82,0.0807,normal,none
295,79.46,0.1945,normal,none
296,80.91,0.1437,normal,none
297,80.51,0.0521,normal,none
298,78.13,0.1294,normal,none
299,81.97,0.1246,normal,none
300,79.85,0.1373,normal,none
301,77.44,0.1518,normal,none
302,80.68,0.1934,normal,none
303,80.45,0.1533,normal,none
304,80.71,0.1125,normal,none
305,81.04,0.1825,normal,none
306,81.67,0.0937,normal,none
307,80.63,0.1755,normal,none
308,79.93,0.1616,normal,none
309,80.39,0.0831,normal,none
310,79.34,0.1788,normal,none
311,81.16,0.1471,normal,none
312,79.37,0.1784,normal,none
313,79.19,0.106,normal,none
314,80.3,0.1064,normal,none
315,82.3,0.0617,normal,none
316,81.59,0.1011,normal,none
317,81.14,0.083,normal,none
318,80.67,0.0853,normal,none
319,78.75,0.1476,normal,none
320,79.22,0.1354,normal,none
321,81.41,0.0947,normal,none
322,80.93,0.0816,normal,none
323,79.68,0.1336,normal,none
324,80.03,0.0956,normal,none
325,81.24,0.0597,normal,none
326,78.61,0.1397,normal,none
327,81.11,0.1466,normal,none
328,78.85,0.1654,normal,none
329,81.57,0.1411,normal,none
330,81.16,0.0741,normal,none
331,80.87,0.0569,normal,none
332,79.25,0.174,normal,none
333,80.07,0.0872,normal,none
334,78.93,0.0702,normal,none
335,79.71,0.1082,normal,none
336,79.39,0.0961,normal,none
337,78.21,0.1249,normal,none
338,77.21,0.1024,normal,none
339,78.85,0.1781,normal,none
340,77.47,0.1762,normal,none
341,79.5,0.1393,normal,none
342,78.58,0.0889,normal,none
343,77.97,0.0681,normal,none
344,79.03,0.061,normal,none
345,78.19,0.0932,normal,none
346,79.34,0.071,normal,none
347,77.86,0.1296,normal,none
348,78.51,0.1655,normal,none
349,77.24,0.053,normal,none
350,129.7,0.0834,anomaly,spike
351,131.23,0.0287,anomaly,spike
352,129.88,0.0381,anomaly,spike
353,129.75,0.0695,anomaly,spike
354,133.8,0.0282,anomaly,spike
355,77.83,0.1827,normal,none
356,76.67,0.064,normal,none
357,80.25,0.116,normal,none
358,76.64,0.164,normal,none
359,77.63,0.1345,normal,none
360,78.49,0.0514,normal,none
361,78.01,0.0544,normal,none
362,78.67,0.1791,normal,none
363,78.35,0.157,normal,none
364,76.19,0.1881,normal,none
365,78.12,0.1143,normal,none
366,78.72,0.1717,normal,none
367,76.38,0.0806,normal,none
368,77.17,0.0803,normal,none
369,78.69,0.1094,normal,none
370,79.25,0.1943,normal,none
371,77.85,0.1152,normal,none
372,77.74,0.0677,normal,none
373,77.29,0.1891,normal,none
374,80.59,0.1094,normal,none
375,77.64,0.0944,normal,none
376,79.52,0.1544,normal,none
377,78.79,0.1522,normal,none
378,77.94,0.125,normal,none
379,78.97,0.0943,normal,none
380,81.4,0.1962,normal,none
381,80.62,0.0564,normal,none
382,79.65,0.1221,normal,none
383,79.34,0.1966,normal,none
384,79.12,0.0541,normal,none
385,82.05,0.1072,normal,none
386,79.74,0.1923,normal,none
387,78.73,0.053,normal,none
388,80.73,0.1928,normal,none
389,79.36,0.1917,normal,none
390,80.23,0.0975,normal,none
391,80.75,0.1515,normal,none
392,81.64,0.0935,normal,none
393,81.37,0.1404,normal,none
394,79.94,0.0832,normal,none
395,80.28,0.0717,normal,none
396,81.24,0.1255,normal,none
397,79.61,0.1227,normal,none
398,79.31,0.1457,normal,none
399,80.52,0.1715,normal,none
400,81.83,0.1579,normal,none
401,80.18,0.1706,normal,none
402,79.82,0.0949,normal,none
403,79.5,0.0685,normal,none
404,80.49,0.0732,normal,none
405,80.24,0.1782,normal,none
406,80.52,0.0848,normal,none
407,82.61,0.1757,normal,none
408,81.12,0.0743,normal,none
409,81.31,0.1388,normal,none
410,81.42,0.1577,normal,none
411,80.97,0.1098,normal,none
412,81.23,0.1047,normal,none
413,80.74,0.1941,normal,none
414,80.31,0.1257,normal,none
415,79.19,0.1499,normal,none
416,79.42,0.0952,normal,none
417,79.55,0.1791,normal,none
418,80.07,0.1109,normal,none
419,80.14,0.1294,normal,none
420,80.64,0.1404,normal,none
421,82.88,0.0638,normal,none
422,81.6,0.1119,normal,none
423,79.84,0.1707,normal,none
424,80.54,0.0815,normal,none
425,79.23,0.1546,normal,none
426,80.7,0.1139,normal,none
427,79.36,0.0512,normal,none
428,78.15,0.112,normal,none
429,81.0,0.1423,normal,none
430,78.5,0.1936,normal,none
431,82.52,0.1769,normal,none
432,79.68,0.081,normal,none
433,80.63,0.1945,normal,none
434,78.28,0.198,normal,none
435,80.54,0.1173,normal,none
436,77.81,0.1239,normal,none
437,79.52,0.085,normal,none
438,80.39,0.1504,normal,none
439,79.15,0.1082,normal,none
440,78.68,0.1961,normal,none
441,78.68,0.1261,normal,none
442,78.3,0.1647,normal,none
443,79.21,0.1783,normal,none
444,78.97,0.0752,normal,none
445,77.36,0.1164,normal,none
446,77.84,0.1358,normal,none
447,77.46,0.1681,normal,none
448,78.95,0.1193,normal,none
449,76.86,0.1329,normal,none
450,78.98,0.0972,normal,none
451,78.36,0.1745,normal,none
452,75.61,0.0893,normal,none
453,78.01,0.1793,normal,none
454,79.93,0.0628,normal,none
455,78.33,0.1055,normal,none
456,77.58,0.1193,normal,none
457,79.33,0.1853,normal,none
458,78.74,0.1123,normal,none
459,78.46,0.1149,normal,none
460,77.98,0.1989,normal,none
461,77.49,0.1805,normal,none
462,79.55,0.1248,normal,none
463,78.96,0.0842,normal,none
464,79.37,0.083,normal,none
465,76.97,0.1411,normal,none
466,76.52,0.0769,normal,none
467,76.74,0.1167,normal,none
468,79.79,0.0975,normal,none
469,79.13,0.0867,normal,none
470,80.39,0.1585,normal,none
471,78.58,0.1512,normal,none
472,78.3,0.15,normal,none
473,76.84,0.1633,normal,none
474,79.31,0.118,normal,none
475,77.87,0.0558,normal,none
476,77.85,0.0769,normal,none
477,80.06,0.1522,normal,none
478,80.69,0.1845,normal,none
479,80.59,0.1568,normal,none
480,79.46,0.1538,normal,none
481,80.54,0.1013,normal,none
482,79.76,0.0943,normal,none
483,79.46,0.1639,normal,none
484,81.13,0.0524,normal,none
485,79.9,0.1195,normal,none
486,81.0,0.125,normal,none
487,80.06,0.14,normal,none
488,82.09,0.1949,normal,none
489,82.04,0.1344,normal,none
490,78.42,0.1257,normal,none
491,80.67,0.0959,normal,none
492,80.43,0.1354,normal,none
493,80.28,0.0863,normal,none
494,82.49,0.0658,normal,none
495,81.16,0.1049,normal,none
496,81.16,0.1004,normal,none
497,81.69,0.061,normal,none
498,79.02,0.0808,normal,none
499,81.58,0.193,normal,none
500,132.56,0.0405,anomaly,spike
501,133.94,0.0856,anomaly,spike
502,132.52,0.0881,anomaly,spike
503,130.68,0.032,anomaly,spike
504,131.24,0.0004,anomaly,spike
505,133.7,0.025,anomaly,spike
506,133.75,0.0145,anomaly,spike
507,133.54,0.092,anomaly,spike
508,82.97,0.0914,normal,none
509,82.77,0.1037,normal,none
510,79.26,0.1275,normal,none
511,80.73,0.174,normal,none
512,79.3,0.0721,normal,none
513,79.22,0.1874,normal,none
514,80.81,0.0614,normal,none
515,81.41,0.0883,normal,none
516,80.8,0.1918,normal,none
517,81.68,0.0616,normal,none
518,79.93,0.0773,normal,none
519,81.64,0.1943,normal,none
520,80.68,0.0836,normal,none
521,82.38,0.0917,normal,none
522,79.88,0.1663,normal,none
523,79.4,0.0625,normal,none
524,80.06,0.061,normal,none
525,80.25,0.1309,normal,none
526,80.01,0.0612,normal,none
527,80.29,0.1986,normal,none
528,78.84,0.1027,normal,none
529,79.76,0.1745,normal,none
530,80.04,0.1548,normal,none
531,78.14,0.1201,normal,none
532,80.27,0.0975,normal,none
533,78.53,0.1704,normal,none
534,79.66,0.1223,normal,none
535,78.64,0.1418,normal,none
536,80.43,0.1608,normal,none
537,78.83,0.1716,normal,none
538,81.09,0.1468,normal,none
539,79.27,0.1707,normal,none
540,80.14,0.1461,normal,none
541,78.24,0.185,normal,none
542,76.84,0.0638,normal,none
543,79.78,0.1131,normal,none
544,77.41,0.1564,normal,none
545,78.96,0.0902,normal,none
546,80.79,0.0832,normal,none
547,77.41,0.1626,normal,none
548,77.94,0.1105,normal,none
549,80.24,0.1509,normal,none
550,79.33,0.1959,normal,none
551,77.9,0.1693,normal,none
552,81.09,0.1117,normal,none
553,77.31,0.1201,normal,none
554,79.67,0.1643,normal,none
555,77.54,0.1461,normal,none
556,77.57,0.0904,normal,none
557,79.36,0.0608,normal,none
558,78.01,0.0802,normal,none
559,78.65,0.1411,normal,none
560,78.67,0.1694,normal,none
561,77.67,0.123,normal,none
562,79.32,0.085,normal,none
563,80.58,0.1643,normal,none
564,80.26,0.1567,normal,none
565,81.1,0.1685,normal,none
566,79.61,0.0788,normal,none
567,79.04,0.149,normal,none
568,78.31,0.1726,normal,none
569,80.77,0.1336,normal,none
570,80.9,0.1094,normal,none
571,79.76,0.1425,normal,none
572,80.1,0.1808,normal,none
573,81.64,0.1905,normal,none
574,79.49,0.1246,normal,none
575,77.85,0.1705,normal,none
576,79.69,0.0892,normal,none
577,80.31,0.1962,normal,none
578,79.83,0.0696,normal,none
579,80.41,0.132,normal,none
580,79.0,0.1838,normal,none
581,82.25,0.1586,normal,none
582,79.9,0.1898,normal,none
583,80.06,0.1698,normal,none
584,80.22,0.0961,normal,none
585,81.74,0.1406,normal,none
586,80.28,0.0826,normal,none
587,82.36,0.1814,normal,none
588,81.3,0.1187,normal,none
589,81.63,0.175,normal,none
590,81.99,0.1127,normal,none
591,82.64,0.0836,normal,none
592,83.15,0.1961,normal,none
593,80.94,0.0801,normal,none
594,81.43,0.1395,normal,none
595,82.62,0.114,normal,none
596,81.11,0.0733,normal,none
597,82.15,0.1502,normal,none
598,83.47,0.181,normal,none
599,82.28,0.0721,normal,none
600,80.68,0.1843,normal,none
601,80.91,0.1477,normal,none
602,81.97,0.0616,normal,none
603,82.84,0.0756,normal,none
604,82.35,0.059,normal,none
605,80.58,0.1363,normal,none
606,81.28,0.1366,normal,none
607,80.91,0.1372,normal,none
608,82.11,0.1356,normal,none
609,81.02,0.0803,normal,none
610,80.98,0.1531,normal,none
611,79.52,0.0907,normal,none
612,80.03,0.1284,normal,none
613,79.54,0.0594,normal,none
614,80.39,0.1839,normal,none
615,81.09,0.1017,normal,none
616,81.33,0.1241,normal,none
617,80.47,0.0777,normal,none
618,80.65,0.0855,normal,none
619,79.3,0.1444,normal,none
620,78.2,0.1623,normal,none
621,81.79,0.0984,normal,none
622,79.58,0.1198,normal,none
623,80.71,0.1445,normal,none
624,77.81,0.0797,normal,none
625,80.56,0.0527,normal,none
626,79.2,0.1015,normal,none
627,79.7,0.1567,normal,none
628,80.65,0.1774,normal,none
629,81.34,0.1939,normal,none
630,80.59,0.1057,normal,none
631,80.29,0.1469,normal,none
632,80.62,0.1761,normal,none
633,79.92,0.1263,normal,none
634,79.31,0.0688,normal,none
635,79.84,0.152,normal,none
636,80.84,0.1579,normal,none
637,80.14,0.1407,normal,none
638,78.44,0.1972,normal,none
639,77.87,0.0803,normal,none
640,78.37,0.1016,normal,none
641,78.5,0.1792,normal,none
642,77.96,0.1822,normal,none
643,78.75,0.1822,normal,none
644,77.71,0.1453,normal,none
645,78.53,0.1854,normal,none
646,78.26,0.143,normal,none
647,78.95,0.1851,normal,none
648,78.16,0.0973,normal,none
649,78.38,0.1279,normal,none
650,79.09,0.0789,normal,none
651,78.22,0.1817,normal,none
652,77.07,0.1265,normal,none
653,78.37,0.0945,normal,none
654,78.27,0.0749,normal,none
655,79.31,0.1093,normal,none
656,79.2,0.1422,normal,none
657,77.25,0.0936,normal,none
658,79.55,0.147,normal,none
659,79.04,0.1842,normal,none
660,79.61,0.1048,normal,none
661,79.94,0.0523,normal,none
662,78.43,0.1317,normal,none
663,79.66,0.1774,normal,none
664,79.38,0.1751,normal,none
665,78.11,0.0651,normal,none
666,79.74,0.111,normal,none
667,79.23,0.1572,normal,none
668,79.0,0.1068,normal,none
669,78.74,0.0568,normal,none
670,79.18,0.1736,normal,none
671,79.67,0.181,normal,none
672,79.38,0.1996,normal,none
673,78.06,0.1514,normal,none
674,80.24,0.1986,normal,none
675,81.63,0.1025,normal,none
676,80.12,0.1392,normal,none
677,80.38,0.167,normal,none
678,79.93,0.0953,normal,none
679,79.98,0.104,normal,none
680,81.54,0.1998,normal,none
681,80.57,0.1937,normal,none
682,81.02,0.1057,normal,none
683,83.62,0.0894,normal,none
684,80.78,0.0684,normal,none
685,82.4,0.0596,normal,none
686,80.98,0.172,normal,none
687,81.01,0.1674,normal,none
688,80.6,0.097,normal,none
689,81.98,0.0871,normal,none
690,81.65,0.193,normal,none
691,82.53,0.1908,normal,none
692,80.74,0.0906,normal,none
693,83.49,0.0739,normal,none
694,82.62,0.1494,normal,none
695,83.4,0.1285,normal,none
696,81.08,0.1653,normal,none
697,80.89,0.1131,normal,none
698,80.66,0.1822,normal,none
699,81.84,0.0961,normal,none
700,80.34,0.1183,normal,none
701,80.51,0.1096,normal,none
702,83.3,0.1574,normal,none
703,81.44,0.1939,normal,none
704,80.65,0.1272,normal,none
705,81.17,0.0927,normal,none
706,83.2,0.1386,normal,none
707,80.17,0.08,normal,none
708,82.39,0.1826,normal,none
709,81.87,0.0994,normal,none
710,81.32,0.1775,normal,none
711,79.97,0.1606,normal,none
712,80.28,0.1917,normal,none
713,79.95,0.1545,normal,none
714,79.88,0.0557,normal,none
715,79.79,0.0595,normal,none
716,80.26,0.0701,normal,none
717,79.92,0.0942,normal,none
718,81.7,0.1532,normal,none
719,80.13,0.1203,normal,none
720,81.08,0.0794,normal,none
721,79.2,0.1199,normal,none
722,81.11,0.0672,normal,none
723,79.67,0.0514,normal,none
724,80.63,0.1042,normal,none
725,78.89,0.1596,normal,none
726,81.79,0.1528,normal,none
727,80.29,0.0978,normal,none
728,80.04,0.0658,normal,none
729,80.01,0.0886,normal,none
730,81.86,0.1174,normal,none
731,78.14,0.0515,normal,none
732,77.91,0.1088,normal,none
733,78.81,0.1159,normal,none
734,80.41,0.1365,normal,none
735,80.01,0.1007,normal,none
736,80.22,0.1594,normal,none
737,78.8,0.1681,normal,none
738,79.48,0.0641,normal,none
739,79.25,0.1244,normal,none
740,78.58,0.1943,normal,none
741,79.37,0.1554,normal,none
742,77.69,0.067,normal,none
743,79.2,0.0702,normal,none
744,79.66,0.0812,normal,none
745,80.36,0.07,normal,none
746,77.55,0.1208,normal,none
747,78.29,0.1928,normal,none
748,79.39,0.1499,normal,none
749,78.65,0.1514,normal,none
750,79.47,0.0517,normal,none
751,79.48,0.1959,normal,none
752,78.72,0.148,normal,none
753,77.87,0.0555,normal,none
754,78.75,0.152,normal,none
755,79.88,0.1088,normal,none
756,79.9,0.0782,normal,none
757,79.23,0.1834,normal,none
758,78.67,0.0816,normal,none
759,78.94,0.1313,normal,none
760,79.52,0.0528,normal,none
761,77.94,0.1564,normal,none
762,79.96,0.1627,normal,none
763,79.77,0.1931,normal,none
764,78.73,0.0957,normal,none
765,80.37,0.1249,normal,none
766,78.78,0.0557,normal,none
767,80.08,0.0802,normal,none
768,80.46,0.1554,normal,none
769,81.22,0.1049,normal,none
770,81.07,0.0842,normal,none
771,81.01,0.1013,normal,none
772,82.04,0.1695,normal,none
773,80.17,0.1316,normal,none
774,81.27,0.1725,normal,none
775,78.62,0.1276,normal,none
776,80.3,0.1159,normal,none
777,80.2,0.0533,normal,none
778,80.77,0.0514,normal,none
779,80.91,0.0822,normal,none
780,82.57,0.0885,normal,none
781,82.24,0.107,normal,none
782,81.83,0.1089,normal,none
783,80.09,0.062,normal,none
784,79.95,0.1552,normal,none
785,81.13,0.1153,normal,none
786,81.03,0.0589,normal,none
787,80.84,0.0926,normal,none
788,80.13,0.1247,normal,none
789,82.37,0.0722,normal,none
790,81.1,0.1903,normal,none
791,82.57,0.1507,normal,none
792,82.35,0.1122,normal,none
793,82.6,0.0922,normal,none
794,83.35,0.1891,normal,none
795,82.24,0.0632,normal,none
796,81.33,0.1357,normal,none
797,82.3,0.0725,normal,none
798,82.71,0.1851,normal,none
799,80.51,0.0603,normal,none
800,81.78,0.085,normal,none
801,81.74,0.1022,normal,none
802,81.27,0.0966,normal,none
803,82.47,0.1097,normal,none
804,81.75,0.1265,normal,none
805,81.94,0.1547,normal,none
806,81.28,0.1078,normal,none
807,79.84,0.0507,normal,none
808,82.42,0.1315,normal,none
809,81.01,0.0944,normal,none
810,80.03,0.1666,normal,none
811,81.86,0.1449,normal,none
812,82.74,0.1053,normal,none
813,80.86,0.1971,normal,none
814,79.77,0.1193,normal,none
815,80.46,0.0513,normal,none
816,79.81,0.0822,normal,none
817,81.78,0.1204,normal,none
818,80.14,0.068,normal,none
819,80.6,0.1476,normal,none
820,79.42,0.0988,normal,none
821,79.87,0.0927,normal,none
822,82.07,0.17,normal,none
823,81.31,0.1648,normal,none
824,78.65,0.0889,normal,none
825,79.57,0.1171,normal,none
826,78.07,0.1877,normal,none
827,79.18,0.1867,normal,none
828,80.32,0.1824,normal,none
829,78.92,0.0939,normal,none
830,81.78,0.1421,normal,none
831,79.78,0.1782,normal,none
832,80.54,0.1499,normal,none
833,80.39,0.1855,normal,none
834,79.17,0.0573,normal,none
835,78.57,0.095,normal,none
836,80.0,0.1016,normal,none
837,78.75,0.059,normal,none
838,78.64,0.1979,normal,none
839,79.54,0.0756,normal,none
840,79.33,0.1661,normal,none
841,79.94,0.1994,normal,none
842,79.95,0.1934,normal,none
843,80.15,0.0754,normal,none
844,79.55,0.1913,normal,none
845,79.52,0.1863,normal,none
846,80.99,0.078,normal,none
847,78.3,0.1938,normal,none
848,79.04,0.1722,normal,none
849,78.87,0.1559,normal,none
850,78.58,0.1767,normal,none
851,78.97,0.1701,normal,none
852,79.87,0.1258,normal,none
853,79.57,0.074,normal,none
854,80.37,0.1763,normal,none
855,78.82,0.1004,normal,none
856,80.1,0.196,normal,none
857,80.16,0.1373,normal,none
858,81.64,0.0804,normal,none
859,81.49,0.0653,normal,none
860,82.11,0.1669,normal,none
861,80.11,0.1376,normal,none
862,80.81,0.127,normal,none
863,82.78,0.1515,normal,none
864,79.55,0.0624,normal,none
865,80.59,0.1872,normal,none
866,80.34,0.1735,normal,none
867,80.54,0.1325,normal,none
868,80.93,0.1333,normal,none
869,80.11,0.1229,normal,none
870,80.96,0.1424,normal,none
871,80.99,0.1366,normal,none
872,81.63,0.0728,normal,none
873,81.11,0.067,normal,none
874,82.05,0.1001,normal,none
875,82.7,0.1535,normal,none
876,81.99,0.1223,normal,none
877,82.0,0.1653,normal,none
878,82.23,0.0611,normal,none
879,80.64,0.1912,normal,none
880,82.95,0.0833,normal,none
881,81.43,0.173,normal,none
882,82.44,0.1849,normal,none
883,83.77,0.0865,normal,none
884,82.69,0.0774,normal,none
885,81.35,0.1002,normal,none
886,82.38,0.1992,normal,none
887,84.57,0.1692,normal,none
888,83.31,0.1294,normal,none
889,81.52,0.1372,normal,none
890,84.18,0.1412,normal,none
891,84.2,0.1387,normal,none
892,83.42,0.1462,normal,none
893,83.58,0.1607,normal,none
894,82.62,0.1229,normal,none
895,82.09,0.1015,normal,none
896,84.21,0.1045,normal,none
897,81.93,0.0815,normal,none
898,80.69,0.0956,normal,none
899,81.29,0.0671,normal,none
900,0.0,0.0,anomaly,drop_out
901,0.0,0.0,anomaly,drop_out
902,0.0,0.0,anomaly,drop_out
903,0.0,0.0,anomaly,drop_out
904,0.0,0.0,anomaly,drop_out
905,0.0,0.0,anomaly,drop_out
906,0.0,0.0,anomaly,drop_out
907,0.0,0.0,anomaly,drop_out
908,0.0,0.0,anomaly,drop_out
909,0.0,0.0,anomaly,drop_out
910,82.13,0.1323,normal,none
911,81.08,0.0744,normal,none
912,80.64,0.1001,normal,none
913,80.65,0.1602,normal,none
914,80.75,0.174,normal,none
915,80.3,0.0776,normal,none
916,82.5,0.0646,normal,none
917,81.38,0.1467,normal,none
918,80.65,0.1465,normal,none
919,80.49,0.0974,normal,none
920,79.68,0.1016,normal,none
921,78.65,0.0732,normal,none
922,79.26,0.1294,normal,none
923,79.59,0.1231,normal,none
924,80.51,0.178,normal,none
925,80.06,0.1035,normal,none
926,79.7,0.1411,normal,none
927,80.68,0.1062,normal,none
928,78.81,0.1219,normal,none
929,80.17,0.1609,normal,none
930,78.91,0.1276,normal,none
931,79.28,0.0664,normal,none
932,79.06,0.0816,normal,none
933,79.94,0.0615,normal,none
934,78.19,0.1407,normal,none
935,78.9,0.1786,normal,none
936,78.4,0.1564,normal,none
937,79.55,0.0744,normal,none
938,78.4,0.1858,normal,none
939,79.82,0.1969,normal,none
940,78.95,0.167,normal,none
941,79.78,0.1338,normal,none
942,79.04,0.0615,normal,none
943,80.06,0.1746,normal,none
944,78.99,0.1884,normal,none
945,79.89,0.0623,normal,none
946,78.43,0.1967,normal,none
947,81.22,0.169,normal,none
948,79.41,0.181,normal,none
949,79.96,0.1121,normal,none
950,78.53,0.1912,normal,none
951,81.7,0.1126,normal,none
952,79.36,0.1848,normal,none
953,80.38,0.1493,normal,none
954,79.05,0.1919,normal,none
955,79.73,0.1455,normal,none
956,80.64,0.1379,normal,none
957,79.98,0.1769,normal,none
958,80.85,0.1555,normal,none
959,80.2,0.1759,normal,none
960,80.3,0.0524,normal,none
961,80.76,0.1181,normal,none
962,81.26,0.1003,normal,none
963,80.84,0.1411,normal,none
964,82.85,0.1333,normal,none
965,82.4,0.1204,normal,none
966,81.98,0.1294,normal,none
967,83.78,0.194,normal,none
968,80.99,0.1281,normal,none
969,83.08,0.1271,normal,none
970,81.93,0.0715,normal,none
971,81.03,0.1367,normal,none
972,82.47,0.0929,normal,none
973,81.18,0.1021,normal,none
974,82.41,0.0907,normal,none
975,82.48,0.1587,normal,none
976,81.46,0.0669,normal,none
977,81.11,0.0598,normal,none
978,80.47,0.1105,normal,none
979,83.23,0.1866,normal,none
980,81.57,0.1803,normal,none
981,83.42,0.1471,normal,none
982,82.14,0.0648,normal,none
983,82.66,0.089,normal,none
984,82.61,0.1225,normal,none
985,83.4,0.1048,normal,none
986,81.91,0.0977,normal,none
987,82.06,0.148,normal,none
988,82.03,0.1161,normal,none
989,81.64,0.1996,normal,none
990,83.17,0.1621,normal,none
991,83.45,0.1219,normal,none
992,83.06,0.1622,normal,none
993,83.49,0.1161,normal,none
994,83.78,0.0958,normal,none
995,79.02,0.1484,normal,none
996,82.18,0.1095,normal,none
997,82.48,0.0505,normal,none
998,80.24,0.0976,normal,none
999,81.28,0.1374,normal,none
1000,0.0,0.0,anomaly,drop_out
1001,0.0,0.0,anomaly,drop_out
1002,0.0,0.0,anomaly,drop_out
1003,0.0,0.0,anomaly,drop_out
1004,0.0,0.0,anomaly,drop_out
1005,0.0,0.0,anomaly,drop_out
1006,0.0,0.0,anomaly,drop_out
1007,0.0,0.0,anomaly,drop_out
1008,0.0,0.0,anomaly,drop_out
1009,0.0,0.0,anomaly,drop_out
1010,0.0,0.0,anomaly,drop_out
1011,0.0,0.0,anomaly,drop_out
1012,0.0,0.0,anomaly,drop_out
1013,0.0,0.0,anomaly,drop_out
1014,0.0,0.0,anomaly,drop_out
1015,82.71,0.1279,normal,none
1016,79.15,0.1818,normal,none
1017,81.03,0.1196,normal,none
1018,79.67,0.1875,normal,none
1019,79.73,0.1926,normal,none
1020,78.33,0.0746,normal,none
1021,80.24,0.1671,normal,none
1022,77.69,0.1728,normal,none
1023,79.5,0.0543,normal,none
1024,79.16,0.1027,normal,none
1025,80.78,0.1143,normal,none
1026,79.12,0.1038,normal,none
1027,79.63,0.1,normal,none
1028,78.79,0.1037,normal,none
1029,78.05,0.1335,normal,none
1030,79.41,0.1853,normal,none
1031,79.85,0.0638,normal,none
1032,80.41,0.0825,normal,none
1033,78.27,0.0961,normal,none
1034,79.59,0.1116,normal,none
1035,79.23,0.0614,normal,none
1036,81.14,0.1394,normal,none
1037,78.97,0.1519,normal,none
1038,78.66,0.0632,normal,none
1039,78.02,0.0627,normal,none
1040,79.66,0.057,normal,none
1041,81.74,0.0857,normal,none
1042,79.41,0.1771,normal,none
1043,80.83,0.1824,normal,none
1044,80.64,0.1517,normal,none
1045,80.72,0.1908,normal,none
1046,80.06,0.1793,normal,none
1047,80.05,0.1772,normal,none
1048,79.45,0.0547,normal,none
1049,80.77,0.1176,normal,none
1050,80.11,0.0548,normal,none
1051,79.54,0.1211,normal,none
1052,81.18,0.1859,normal,none
1053,80.79,0.085,normal,none
1054,79.81,0.1513,normal,none
1055,79.77,0.1576,normal,none
1056,82.29,0.0976,normal,none
1057,81.21,0.1182,normal,none
1058,81.53,0.1285,normal,none
1059,80.51,0.1275,normal,none
1060,79.05,0.1598,normal,none
1061,79.83,0.1658,normal,none
1062,82.09,0.098,normal,none
1063,82.87,0.0635,normal,none
1064,82.35,0.1535,normal,none
1065,81.62,0.0864,normal,none
1066,81.13,0.0869,normal,none
1067,82.72,0.1341,normal,none
1068,82.13,0.0754,normal,none
1069,80.54,0.1618,normal,none
1070,83.79,0.0651,normal,none
1071,82.32,0.1653,normal,none
1072,81.54,0.1449,normal,none
1073,80.83,0.0922,normal,none
1074,81.74,0.1319,normal,none
1075,81.88,0.1872,normal,none
1076,84.46,0.1406,normal,none
1077,80.35,0.1942,normal,none
1078,81.84,0.0718,normal,none
1079,81.08,0.1306,normal,none
1080,81.65,0.0733,normal,none
1081,82.03,0.1433,normal,none
1082,83.63,0.1347,normal,none
1083,81.43,0.165,normal,none
1084,80.67,0.1072,normal,none
1085,81.51,0.1792,normal,none
1086,83.82,0.1973,normal,none
1087,83.21,0.0958,normal,none
1088,81.72,0.1696,normal,none
1089,80.89,0.0804,normal,none
1090,82.87,0.0834,normal,none
1091,81.48,0.1661,normal,none
1092,82.14,0.125,normal,none
1093,81.69,0.0878,normal,none
1094,82.03,0.1054,normal,none
1095,80.37,0.1703,normal,none
1096,80.82,0.1452,normal,none
1097,80.5,0.1253,normal,none
1098,80.45,0.0569,normal,none
1099,79.3,0.0533,normal,none
1100,80.02,0.0545,normal,none
1101,81.6,0.145,normal,none
1102,81.12,0.1349,normal,none
1103,81.3,0.1719,normal,none
1104,80.84,0.1506,normal,none
1105,79.1,0.1093,normal,none
1106,80.4,0.1365,normal,none
1107,81.21,0.1191,normal,none
1108,81.32,0.1985,normal,none
1109,80.75,0.0542,normal,none
1110,80.02,0.1505,normal,none
1111,80.52,0.192,normal,none
1112,79.77,0.094,normal,none
1113,78.72,0.0701,normal,none
1114,80.36,0.1627,normal,none
1115,79.98,0.0512,normal,none
1116,79.69,0.1445,normal,none
1117,79.98,0.1745,normal,none
1118,80.69,0.0629,normal,none
1119,79.83,0.0528,normal,none
1120,79.91,0.1451,normal,none
1121,79.4,0.1213,normal,none
1122,78.75,0.0673,normal,none
1123,82.24,0.145,normal,none
1124,79.2,0.146,normal,none
1125,78.6,0.1627,normal,none
1126,77.99,0.1981,normal,none
1127,78.83,0.1447,normal,none
1128,78.21,0.0517,normal,none
1129,79.52,0.1227,normal,none
1130,79.22,0.1681,normal,none
1131,78.39,0.1365,normal,none
1132,80.28,0.1706,normal,none
1133,78.86,0.172,normal,none
1134,80.11,0.1365,normal,none
1135,80.03,0.0671,normal,none
1136,79.02,0.1524,normal,none
1137,80.72,0.1068,normal,none
1138,80.4,0.0944,normal,none
1139,78.55,0.1514,normal,none
1140,79.1,0.135,normal,none
1141,80.03,0.0538,normal,none
1142,82.29,0.1322,normal,none
1143,80.17,0.1497,normal,none
1144,79.68,0.1025,normal,none
1145,80.29,0.1814,normal,none
1146,78.72,0.0666,normal,none
1147,78.79,0.0726,normal,none
1148,79.84,0.0812,normal,none
1149,79.93,0.0703,normal,none
1150,81.5,0.0893,normal,none
1151,81.03,0.094,normal,none
1152,80.58,0.1223,normal,none
1153,81.97,0.0668,normal,none
1154,81.63,0.0707,normal,none
1155,80.36,0.1635,normal,none
1156,80.14,0.083,normal,none
1157,80.27,0.1008,normal,none
1158,80.58,0.0939,normal,none
1159,80.43,0.1236,normal,none
1160,81.46,0.0558,normal,none
1161,82.95,0.0689,normal,none
1162,81.79,0.1144,normal,none
1163,81.39,0.1033,normal,none
1164,82.18,0.161,normal,none
1165,82.96,0.1653,normal,none
1166,83.98,0.0559,normal,none
1167,81.76,0.0766,normal,none
1168,82.24,0.1161,normal,none
1169,82.75,0.1158,normal,none
1170,82.91,0.0631,normal,none
1171,84.48,0.1646,normal,none
1172,83.42,0.1422,normal,none
1173,82.32,0.1217,normal,none
1174,83.28,0.1558,normal,none
1175,82.02,0.1425,normal,none
1176,81.4,0.1583,normal,none
1177,80.38,0.1284,normal,none
1178,82.4,0.0986,normal,none
1179,81.86,0.1419,normal,none
1180,83.31,0.055,normal,none
1181,83.3,0.1215,normal,none
1182,84.43,0.1856,normal,none
1183,81.03,0.088,normal,none
1184,81.87,0.189,normal,none
1185,83.24,0.0849,normal,none
1186,81.66,0.1627,normal,none
1187,82.63,0.1205,normal,none
1188,82.35,0.1642,normal,none
1189,82.26,0.1557,normal,none
1190,81.42,0.1957,normal,none
1191,81.64,0.1897,normal,none
1192,81.55,0.1501,normal,none
1193,82.53,0.1906,normal,none
1194,83.36,0.1604,normal,none
1195,81.29,0.0583,normal,none
1196,79.55,0.0942,normal,none
1197,82.51,0.1325,normal,none
1198,81.11,0.1105,normal,none
1199,80.35,0.0579,normal,none
1200,106.95,1.5123,walking,walking
1201,104.28,1.3425,walking,walking
1202,108.44,1.0034,walking,walking
1203,104.88,1.2851,walking,walking
1204,106.26,0.9919,walking,walking
1205,106.66,2.0405,walking,walking
1206,106.67,2.2711,walking,walking
1207,106.39,1.858,walking,walking
1208,104.9,1.2687,walking,walking
1209,107.22,1.9463,walking,walking
1210,105.7,0.8657,walking,walking
1211,106.38,1.4163,walking,walking
1212,107.32,1.988,walking,walking
1213,105.15,2.3303,walking,walking
1214,104.58,2.2038,walking,walking
1215,104.18,1.7698,walking,walking
1216,105.64,1.912,walking,walking
1217,107.87,1.3799,walking,walking
1218,106.62,0.933,walking,walking
1219,105.78,1.8507,walking,walking
1220,105.3,1.2011,walking,walking
1221,105.48,0.9593,walking,walking
1222,106.35,1.272,walking,walking
1223,104.87,0.9843,walking,walking
1224,104.64,1.9989,walking,walking
1225,103.4,2.0338,walking,walking
1226,106.1,1.4947,walking,walking
1227,105.57,0.9756,walking,walking
1228,106.46,2.2922,walking,walking
1229,107.11,1.8776,walking,walking
1230,104.88,1.2658,walking,walking
1231,106.3,1.6203,walking,walking
1232,106.17,0.9781,walking,walking
1233,104.87,1.8205,walking,walking
1234,107.02,1.416,walking,walking
1235,106.31,0.9161,walking,walking
1236,105.11,1.4998,walking,walking
1237,105.54,1.2856,walking,walking
1238,106.95,1.1959,walking,walking
1239,104.93,1.4607,walking,walking
1240,106.52,1.3103,walking,walking
1241,106.6,0.9608,walking,walking
1242,107.6,2.271,walking,walking
1243,106.02,1.7218,walking,walking
1244,103.66,1.1878,walking,walking
1245,105.44,1.3578,walking,walking
1246,108.19,2.4974,walking,walking
1247,106.19,2.0374,walking,walking
1248,105.95,0.8043,walking,walking
1249,106.75,1.2562,walking,walking
1250,107.32,2.0508,walking,walking
1251,106.42,1.0351,walking,walking
1252,107.98,2.3236,walking,walking
1253,107.32,1.7966,walking,walking
1254,108.08,2.1946,walking,walking
1255,106.98,1.7839,walking,walking
1256,106.62,2.1468,walking,walking
1257,108.18,2.1173,walking,walking
1258,106.76,1.0188,walking,walking
1259,107.27,1.1466,walking,walking
1260,106.99,1.1068,walking,walking
1261,108.54,2.4033,walking,walking
1262,107.37,1.9784,walking,walking
1263,107.93,1.8348,walking,walking
1264,107.15,1.6554,walking,walking
1265,106.76,0.8985,walking,walking
1266,109.63,2.3988,walking,walking
1267,106.49,1.1046,walking,walking
1268,108.57,0.887,walking,walking
1269,107.42,0.8928,walking,walking
1270,108.25,2.3269,walking,walking
1271,106.95,2.3753,walking,walking
1272,108.83,1.2165,walking,walking
1273,108.36,1.1529,walking,walking
1274,109.09,1.16,walking,walking
1275,106.91,0.8745,walking,walking
1276,107.82,1.0482,walking,walking
1277,107.45,1.1907,walking,walking
1278,108.21,1.0516,walking,walking
1279,106.95,1.5189,walking,walking
1280,109.21,0.8331,walking,walking
1281,107.87,0.8845,walking,walking
1282,108.14,1.2789,walking,walking
1283,108.04,1.1148,walking,walking
1284,106.68,1.9425,walking,walking
1285,106.95,2.0908,walking,walking
1286,108.47,1.2002,walking,walking
1287,107.07,1.6892,walking,walking
1288,107.54,2.3771,walking,walking
1289,110.26,1.427,walking,walking
1290,105.67,2.1941,walking,walking
1291,105.32,1.7378,walking,walking
1292,107.03,0.9111,walking,walking
1293,106.82,2.4642,walking,walking
1294,109.8,1.1424,walking,walking
1295,106.54,2.2331,walking,walking
1296,106.21,1.8669,walking,walking
1297,106.46,2.2903,walking,walking
1298,105.01,2.2825,walking,walking
1299,105.63,1.8674,walking,walking
1300,104.49,2.0231,walking,walking
1301,107.78,1.8272,walking,walking
1302,106.23,1.5353,walking,walking
1303,107.41,1.3974,walking,walking
1304,107.11,1.8765,walking,walking
1305,106.86,0.8619,walking,walking
1306,105.0,1.9744,walking,walking
1307,105.94,1.7786,walking,walking
1308,107.04,1.2915,walking,walking
1309,105.76,1.5164,walking,walking
1310,103.45,1.1909,walking,walking
1311,106.26,1.4384,walking,walking
1312,105.39,2.0164,walking,walking
1313,106.13,1.0228,walking,walking
1314,104.42,1.6734,walking,walking
1315,106.36,1.7877,walking,walking
1316,106.07,1.3084,walking,walking
1317,106.4,1.5858,walking,walking
1318,104.22,1.675,walking,walking
1319,105.91,2.3898,walking,walking
1320,102.84,0.9472,walking,walking
1321,105.14,2.178,walking,walking
1322,102.32,1.3666,walking,walking
1323,105.38,0.9228,walking,walking
1324,104.66,1.9165,walking,walking
1325,103.85,2.4287,walking,walking
1326,105.06,1.563,walking,walking
1327,105.23,2.0308,walking,walking
1328,105.9,1.3981,walking,walking
1329,105.66,1.4749,walking,walking
1330,105.66,0.8121,walking,walking
1331,104.43,2.1256,walking,walking
1332,106.25,2.1807,walking,walking
1333,107.16,1.0708,walking,walking
1334,106.52,1.8238,walking,walking
1335,107.35,1.5255,walking,walking
1336,105.59,1.9136,walking,walking
1337,105.69,1.5956,walking,walking
1338,104.24,2.3062,walking,walking
1339,107.2,1.4843,walking,walking
1340,108.93,2.2273,walking,walking
1341,104.82,0.8407,walking,walking
1342,105.28,1.1192,walking,walking
1343,106.63,1.4643,walking,walking
1344,108.54,1.4659,walking,walking
1345,106.39,1.4625,walking,walking
1346,106.85,1.9999,walking,walking
1347,105.49,2.2797,walking,walking
1348,106.33,0.8562,walking,walking
1349,107.81,1.1352,walking,walking
1350,105.59,1.8026,walking,walking
1351,107.82,1.8271,walking,walking
1352,108.9,1.3436,walking,walking
1353,106.58,2.1135,walking,walking
1354,108.3,2.0579,walking,walking
1355,107.82,1.7257,walking,walking
1356,107.69,1.2317,walking,walking
1357,106.43,1.9205,walking,walking
1358,108.37,1.5699,walking,walking
1359,106.93,1.5981,walking,walking
1360,107.14,1.4076,walking,walking
1361,110.04,1.8519,walking,walking
1362,108.14,1.986,walking,walking
1363,108.84,2.3483,walking,walking
1364,107.12,1.5167,walking,walking
1365,109.31,0.9519,walking,walking
1366,107.53,2.1716,walking,walking
1367,108.28,1.1091,walking,walking
1368,108.94,1.505,walking,walking
1369,107.51,1.6975,walking,walking
1370,108.12,0.981,walking,walking
1371,106.62,1.9864,walking,walking
1372,106.77,1.2686,walking,walking
1373,107.47,2.1426,walking,walking
1374,107.26,0.8058,walking,walking
1375,108.65,1.5175,walking,walking
1376,107.02,0.9586,walking,walking
1377,108.16,1.4066,walking,walking
1378,106.42,1.456,walking,walking
1379,107.73,1.4037,walking,walking
1380,106.51,2.2357,walking,walking
1381,107.68,1.5062,walking,walking
1382,107.94,0.8345,walking,walking
1383,109.35,0.9951,walking,walking
1384,107.83,1.473,walking,walking
1385,106.68,1.7954,walking,walking
1386,107.75,1.6761,walking,walking
1387,107.22,1.9741,walking,walking
1388,107.34,1.8296,walking,walking
1389,106.06,0.8227,walking,walking
1390,105.68,1.476,walking,walking
1391,106.42,1.9069,walking,walking
1392,106.33,2.4722,walking,walking
1393,106.96,1.5542,walking,walking
1394,107.86,2.3653,walking,walking
1395,108.34,0.9013,walking,walking
1396,104.51,1.5034,walking,walking
1397,107.33,1.4996,walking,walking
1398,106.65,1.9984,walking,walking
1399,106.51,1.5386,walking,walking
1400,105.7,1.0162,walking,walking
1401,106.92,1.2893,walking,walking
1402,107.17,2.3718,walking,walking
1403,107.56,1.1053,walking,walking
1404,105.76,1.0394,walking,walking
1405,107.46,0.8544,walking,walking
1406,106.08,1.1679,walking,walking
1407,104.4,2.3608,walking,walking
1408,104.4,1.1502,walking,walking
1409,104.03,1.794,walking,walking
1410,104.96,1.2053,walking,walking
1411,105.83,1.8401,walking,walking
1412,105.1,2.0819,walking,walking
1413,104.4,0.9528,walking,walking
1414,104.92,2.0773,walking,walking
1415,103.58,1.9877,walking,walking
1416,104.41,1.9485,walking,walking
1417,105.79,1.8068,walking,walking
1418,104.85,1.3351,walking,walking
1419,104.89,1.0912,walking,walking
1420,103.87,1.8384,walking,walking
1421,105.89,1.7987,walking,walking
1422,104.44,1.2983,walking,walking
1423,104.28,1.3723,walking,walking
1424,103.47,1.7234,walking,walking
1425,104.81,0.9552,walking,walking
1426,106.96,1.0924,walking,walking
1427,104.99,1.0386,walking,walking
1428,105.86,1.18,walking,walking
1429,105.52,1.1539,walking,walking
1430,105.67,1.5679,walking,walking
1431,105.45,2.2286,walking,walking
1432,106.84,2.0318,walking,walking
1433,103.7,1.7712,walking,walking
1434,106.11,1.0504,walking,walking
1435,107.12,1.5733,walking,walking
1436,108.05,1.021,walking,walking
1437,105.75,2.419,walking,walking
1438,106.52,1.5891,walking,walking
1439,107.06,2.3547,walking,walking
1440,107.44,1.3991,walking,walking
1441,106.95,1.0496,walking,walking
1442,106.31,1.9174,walking,walking
1443,107.45,1.2018,walking,walking
1444,107.08,2.0341,walking,walking
1445,105.56,2.3171,walking,walking
1446,106.83,1.0271,walking,walking
1447,106.15,0.818,walking,walking
1448,105.76,2.401,walking,walking
1449,106.78,1.452,walking,walking
1450,106.13,2.1862,walking,walking
1451,106.65,1.3661,walking,walking
1452,106.38,0.9747,walking,walking
1453,106.12,1.6057,walking,walking
1454,107.13,2.1638,walking,walking
1455,107.43,2.1034,walking,walking
1456,109.03,1.8504,walking,walking
1457,108.8,1.3047,walking,walking
1458,109.74,1.157,walking,walking
1459,108.02,1.3905,walking,walking
1460,107.63,1.6005,walking,walking
1461,108.83,1.0414,walking,walking
1462,109.47,0.9247,walking,walking
1463,105.9,1.2704,walking,walking
1464,108.49,1.2573,walking,walking
1465,108.55,1.1976,walking,walking
1466,107.78,1.2952,walking,walking
1467,105.54,1.5076,walking,walking
1468,107.61,2.2202,walking,walking
1469,107.4,1.553,walking,walking
1470,109.53,1.4912,walking,walking
1471,106.36,1.3349,walking,walking
1472,108.24,1.4906,walking,walking
1473,107.3,1.9645,walking,walking
1474,107.49,1.0537,walking,walking
1475,107.69,2.1756,walking,walking
1476,107.7,1.943,walking,walking
1477,108.93,2.1406,walking,walking
1478,107.33,2.2925,walking,walking
1479,105.57,1.2549,walking,walking
1480,106.41,2.0919,walking,walking
1481,107.71,1.2077,walking,walking
1482,106.61,1.4412,walking,walking
1483,106.72,0.9815,walking,walking
1484,106.49,0.9064,walking,walking
1485,106.57,1.7163,walking,walking
1486,106.18,1.4638,walking,walking
1487,105.16,1.3822,walking,walking
1488,106.16,1.1156,walking,walking
1489,106.34,1.2405,walking,walking
1490,106.33,1.9539,walking,walking
1491,104.86,1.0498,walking,walking
1492,106.68,1.4357,walking,walking
1493,106.58,1.716,walking,walking
1494,105.93,2.4155,walking,walking
1495,106.03,1.1426,walking,walking
1496,107.57,1.3331,walking,walking
1497,105.81,0.8957,walking,walking
1498,104.78,2.4468,walking,walking
1499,104.9,1.4344,walking,walking
1500,104.32,1.6723,walking,walking
1501,105.57,1.835,walking,walking
1502,105.99,0.9296,walking,walking
1503,105.79,1.1387,walking,walking
1504,105.53,1.1486,walking,walking
1505,105.03,1.0914,walking,walking
1506,104.01,1.7453,walking,walking
1507,104.54,2.1381,walking,walking
1508,105.12,1.5015,walking,walking
1509,104.3,2.3231,walking,walking
1510,102.63,0.962,walking,walking
1511,104.94,1.7943,walking,walking
1512,103.34,1.9833,walking,walking
1513,105.46,1.9374,walking,walking
1514,106.18,1.9491,walking,walking
1515,105.54,1.3002,walking,walking
1516,106.02,1.9207,walking,walking
1517,102.58,1.7895,walking,walking
1518,104.95,2.48,walking,walking
1519,106.11,2.0162,walking,walking
1520,104.1,1.519,walking,walking
1521,106.65,1.4702,walking,walking
1522,104.46,2.2768,walking,walking
1523,103.1,2.0577,walking,walking
1524,104.44,1.032,walking,walking
1525,105.42,1.1795,walking,walking
1526,105.95,1.0986,walking,walking
1527,105.23,2.4294,walking,walking
1528,105.92,2.3867,walking,walking
1529,104.69,2.4511,walking,walking
1530,104.97,2.3362,walking,walking
1531,105.8,2.1081,walking,walking
1532,105.71,2.3947,walking,walking
1533,107.57,1.4842,walking,walking
1534,107.01,1.3258,walking,walking
1535,104.94,1.3431,walking,walking
1536,106.63,1.1018,walking,walking
1537,106.81,0.8412,walking,walking
1538,106.49,1.5196,walking,walking
1539,106.8,2.262,walking,walking
1540,105.75,2.285,walking,walking
1541,106.75,1.1571,walking,walking
1542,107.11,1.317,walking,walking
1543,105.94,2.2837,walking,walking
1544,108.05,1.966,walking,walking
1545,107.21,1.6389,walking,walking
1546,108.94,1.9665,walking,walking
1547,107.17,1.2722,walking,walking
1548,108.67,0.8677,walking,walking
1549,106.62,2.1564,walking,walking
1550,108.78,1.7941,walking,walking
1551,108.69,2.3933,walking,walking
1552,108.12,0.9233,walking,walking
1553,108.04,1.1677,walking,walking
1554,109.3,1.0779,walking,walking
1555,108.64,1.1063,walking,walking
1556,106.98,1.2174,walking,walking
1557,108.17,1.2719,walking,walking
1558,107.84,2.2999,walking,walking
1559,108.84,1.9044,walking,walking
1560,109.16,2.2271,walking,walking
1561,107.71,2.4736,walking,walking
1562,108.04,2.2594,walking,walking
1563,109.27,1.492,walking,walking
1564,108.27,1.7656,walking,walking
1565,108.06,1.1579,walking,walking
1566,106.08,1.9189,walking,walking
1567,105.35,1.0806,walking,walking
1568,107.74,1.4725,walking,walking
1569,106.89,1.8273,walking,walking
1570,106.82,0.959,walking,walking
1571,107.03,2.4778,walking,walking
1572,107.58,1.7404,walking,walking
1573,106.67,0.9373,walking,walking
1574,107.6,0.9489,walking,walking
1575,108.46,2.2616,walking,walking
1576,106.19,1.0713,walking,walking
1577,108.44,0.9755,walking,walking
1578,106.05,0.8391,walking,walking
1579,106.24,2.3158,walking,walking
1580,105.75,0.888,walking,walking
1581,105.74,2.4097,walking,walking
1582,104.54,1.9261,walking,walking
1583,107.54,1.6918,walking,walking
1584,106.65,2.2825,walking,walking
1585,106.11,2.2319,walking,walking
1586,107.17,1.4622,walking,walking
1587,106.7,1.4867,walking,walking
1588,106.5,1.0714,walking,walking
1589,105.47,1.9245,walking,walking
1590,106.94,2.2649,walking,walking
1591,106.51,0.8553,walking,walking
1592,106.15,1.9112,walking,walking
1593,104.27,1.3553,walking,walking
1594,105.24,2.2135,walking,walking
1595,103.47,2.3663,walking,walking
1596,105.42,2.2227,walking,walking
1597,106.02,0.8568,walking,walking
1598,104.04,1.4433,walking,walking
1599,102.89,1.6007,walking,walking
1600,105.07,2.343,walking,walking
1601,105.09,1.0083,walking,walking
1602,103.92,1.402,walking,walking
1603,105.56,1.7155,walking,walking
1604,105.48,1.4754,walking,walking
1605,106.44,1.1203,walking,walking
1606,105.13,2.3328,walking,walking
1607,103.84,1.8393,walking,walking
1608,103.59,1.9365,walking,walking
1609,105.32,1.4242,walking,walking
1610,105.43,1.4872,walking,walking
1611,105.66,2.4018,walking,walking
1612,104.83,1.6921,walking,walking
1613,103.26,1.3165,walking,walking
1614,103.88,0.9347,walking,walking
1615,105.13,1.7362,walking,walking
1616,104.39,1.8836,walking,walking
1617,104.51,1.3095,walking,walking
1618,104.63,2.3333,walking,walking
1619,106.23,0.9293,walking,walking
1620,103.72,2.0012,walking,walking
1621,104.36,0.9598,walking,walking
1622,106.35,0.9139,walking,walking
1623,106.08,1.1516,walking,walking
1624,104.5,1.9008,walking,walking
1625,103.54,2.2143,walking,walking
1626,104.8,1.5098,walking,walking
1627,105.54,1.7203,walking,walking
1628,104.35,1.0864,walking,walking
1629,105.01,2.1448,walking,walking
1630,107.26,1.9979,walking,walking
1631,107.15,2.0278,walking,walking
1632,106.24,1.376,walking,walking
1633,106.12,2.4705,walking,walking
1634,107.08,1.0244,walking,walking
1635,105.11,1.1392,walking,walking
1636,104.51,1.5533,walking,walking
1637,106.25,1.6771,walking,walking
1638,105.73,1.6876,walking,walking
1639,105.73,1.6287,walking,walking
1640,107.89,0.9912,walking,walking
1641,107.87,1.4447,walking,walking
1642,106.77,2.0627,walking,walking
1643,108.79,1.1998,walking,walking
1644,108.73,2.3065,walking,walking
1645,107.16,1.6605,walking,walking
1646,106.9,2.0135,walking,walking
1647,106.94,1.7158,walking,walking
1648,107.11,2.4342,walking,walking
1649,105.73,1.1919,walking,walking
1650,107.6,0.8969,walking,walking
1651,109.52,1.4488,walking,walking
1652,107.97,1.1767,walking,walking
1653,108.31,2.495,walking,walking
1654,109.53,1.1198,walking,walking
1655,107.61,2.1506,walking,walking
1656,106.61,2.1357,walking,walking
1657,107.77,2.0333,walking,walking
1658,107.31,1.4042,walking,walking
1659,107.72,1.1737,walking,walking
1660,108.51,1.0463,walking,walking
1661,108.13,2.0904,walking,walking
1662,107.0,0.903,walking,walking
1663,106.97,2.0155,walking,walking
1664,108.71,1.2731,walking,walking
1665,106.78,0.9136,walking,walking
1666,107.98,1.7106,walking,walking
1667,108.04,2.2455,walking,walking
1668,107.46,1.1284,walking,walking
1669,105.59,1.7688,walking,walking
1670,106.68,1.4906,walking,walking
1671,106.19,1.8405,walking,walking
1672,107.48,1.9614,walking,walking
1673,107.41,1.7173,walking,walking
1674,107.1,2.1068,walking,walking
1675,106.5,2.1747,walking,walking
1676,106.08,2.3698,walking,walking
1677,105.15,1.9304,walking,walking
1678,106.98,1.1767,walking,walking
1679,107.33,1.3628,walking,walking
1680,107.66,1.9883,walking,walking
1681,105.54,1.75,walking,walking
1682,106.49,1.9143,walking,walking
1683,104.79,0.8715,walking,walking
1684,104.56,1.1477,walking,walking
1685,105.41,2.0098,walking,walking
1686,106.03,2.1465,walking,walking
1687,105.02,2.304,walking,walking
1688,106.59,2.2698,walking,walking
1689,105.54,0.9606,walking,walking
1690,106.25,1.9891,walking,walking
1691,105.58,1.7852,walking,walking
1692,104.01,2.425,walking,walking
1693,105.93,1.3241,walking,walking
1694,103.84,1.0761,walking,walking
1695,103.97,1.4226,walking,walking
1696,105.45,2.0913,walking,walking
1697,104.1,1.5401,walking,walking
1698,103.27,1.5594,walking,walking
1699,105.24,1.4624,walking,walking
1700,104.21,2.1445,walking,walking
1701,106.1,1.335,walking,walking
1702,103.13,2.4779,walking,walking
1703,104.27,2.4199,walking,walking
1704,103.88,1.9322,walking,walking
1705,103.93,2.4251,walking,walking
1706,104.28,2.0402,walking,walking
1707,104.68,1.4625,walking,walking
1708,105.77,2.2098,walking,walking
1709,105.41,1.53,walking,walking
1710,106.07,2.1045,walking,walking
1711,105.06,1.7322,walking,walking
1712,105.36,0.871,walking,walking
1713,104.2,1.396,walking,walking
1714,105.23,0.9534,walking,walking
1715,104.91,2.0753,walking,walking
1716,104.46,1.3767,walking,walking
1717,103.93,1.978,walking,walking
1718,106.12,2.3647,walking,walking
1719,106.89,2.2724,walking,walking
1720,104.69,0.9875,walking,walking
1721,105.61,1.2737,walking,walking
1722,105.97,0.8771,walking,walking
1723,105.14,2.3604,walking,walking
1724,106.67,1.0931,walking,walking
1725,105.4,1.5605,walking,walking
1726,107.57,2.364,walking,walking
1727,104.98,2.1755,walking,walking
1728,105.58,2.4772,walking,walking
1729,107.86,2.0046,walking,walking
1730,107.42,1.9471,walking,walking
1731,105.55,0.8633,walking,walking
1732,106.66,1.5328,walking,walking
1733,106.38,1.7671,walking,walking
1734,105.95,1.6162,walking,walking
1735,106.53,2.2002,walking,walking
1736,108.18,1.5593,walking,walking
1737,106.38,1.3068,walking,walking
1738,107.37,1.5767,walking,walking
1739,105.05,2.1883,walking,walking
1740,106.12,1.0035,walking,walking
1741,107.33,0.8267,walking,walking
1742,109.61,1.439,walking,walking
1743,107.47,1.0022,walking,walking
1744,107.7,1.3044,walking,walking
1745,108.78,1.0221,walking,walking
1746,106.44,1.5214,walking,walking
1747,107.39,1.3011,walking,walking
1748,106.66,2.1811,walking,walking
1749,104.96,2.4419,walking,walking
1750,106.63,1.2262,walking,walking
1751,108.36,2.2154,walking,walking
1752,106.95,1.6323,walking,walking
1753,107.04,1.5042,walking,walking
1754,107.68,0.8438,walking,walking
1755,109.05,1.4169,walking,walking
1756,106.82,2.1685,walking,walking
1757,109.55,2.2987,walking,walking
1758,108.55,1.522,walking,walking
1759,106.48,2.2884,walking,walking
1760,107.99,1.2051,walking,walking
1761,108.61,1.5004,walking,walking
1762,105.96,2.1212,walking,walking
1763,107.74,1.2335,walking,walking
1764,106.58,1.639,walking,walking
1765,106.86,1.531,walking,walking
1766,108.09,1.7268,walking,walking
1767,104.92,1.6247,walking,walking
1768,105.94,1.6596,walking,walking
1769,106.08,2.0021,walking,walking
1770,105.41,2.1873,walking,walking
1771,106.95,0.8723,walking,walking
1772,106.47,1.4773,walking,walking
1773,106.85,1.7155,walking,walking
1774,106.66,1.8471,walking,walking
1775,107.18,2.0189,walking,walking
1776,106.65,2.2183,walking,walking
1777,105.64,1.6641,walking,walking
1778,105.08,1.9177,walking,walking
1779,105.29,1.3496,walking,walking
1780,105.17,1.8562,walking,walking
1781,105.07,2.2303,walking,walking
1782,106.32,1.1856,walking,walking
1783,106.16,1.5617,walking,walking
1784,104.43,1.4974,walking,walking
1785,104.96,1.4349,walking,walking
1786,104.41,1.5316,walking,walking
1787,104.73,1.7855,walking,walking
1788,107.0,1.3581,walking,walking
1789,105.75,1.8419,walking,walking
1790,104.67,0.8401,walking,walking
1791,104.27,1.5038,walking,walking
1792,104.33,2.0586,walking,walking
1793,104.3,1.8751,walking,walking
1794,103.37,0.8182,walking,walking
1795,103.33,0.9063,walking,walking
1796,104.22,1.212,walking,walking
1797,103.69,1.8473,walking,walking
1798,103.97,1.8156,walking,walking
1799,105.1,1.7746,walking,walking
1800,80.22,0.162,normal,none
1801,80.33,0.0726,normal,none
1802,77.87,0.1727,normal,none
1803,78.09,0.1809,normal,none
1804,79.02,0.0631,normal,none
1805,79.08,0.1731,normal,none
1806,77.25,0.1497,normal,none
1807,77.58,0.1627,normal,none
1808,77.8,0.1252,normal,none
1809,77.9,0.1771,normal,none
1810,78.62,0.1558,normal,none
1811,79.45,0.1015,normal,none
1812,79.16,0.059,normal,none
1813,79.99,0.0703,normal,none
1814,78.75,0.0915,normal,none
1815,79.7,0.1053,normal,none
1816,79.33,0.181,normal,none
1817,79.97,0.071,normal,none
1818,79.21,0.1031,normal,none
1819,79.52,0.1505,normal,none
1820,79.12,0.1222,normal,none
1821,80.72,0.1788,normal,none
1822,80.45,0.0862,normal,none
1823,81.12,0.1296,normal,none
1824,79.88,0.1618,normal,none
1825,81.57,0.1122,normal,none
1826,81.06,0.1799,normal,none
1827,81.11,0.1748,normal,none
1828,81.06,0.0994,normal,none
1829,79.54,0.1049,normal,none
1830,80.24,0.0589,normal,none
1831,82.58,0.0814,normal,none
1832,80.28,0.0766,normal,none
1833,81.09,0.0532,normal,none
1834,81.49,0.1504,normal,none
1835,81.24,0.1982,normal,none
1836,79.73,0.1924,normal,none
1837,82.44,0.1098,normal,none
1838,80.66,0.124,normal,none
1839,81.19,0.1852,normal,none
1840,79.64,0.0681,normal,none
1841,82.25,0.1762,normal,none
1842,82.09,0.0795,normal,none
1843,82.89,0.0911,normal,none
1844,83.54,0.0868,normal,none
1845,80.0,0.1804,normal,none
1846,82.01,0.1951,normal,none
1847,83.29,0.1047,normal,none
1848,82.7,0.1239,normal,none
1849,79.77,0.0628,normal,none
1850,80.05,0.1273,normal,none
1851,83.81,0.1102,normal,none
1852,82.15,0.1718,normal,none
1853,80.88,0.1494,normal,none
1854,82.46,0.1425,normal,none
1855,80.89,0.1252,normal,none
1856,84.22,0.1425,normal,none
1857,80.83,0.0963,normal,none
1858,79.91,0.0652,normal,none
1859,81.32,0.1453,normal,none
1860,79.51,0.1854,normal,none
1861,81.09,0.178,normal,none
1862,80.67,0.1296,normal,none
1863,80.34,0.1487,normal,none
1864,81.31,0.0764,normal,none
1865,79.7,0.1843,normal,none
1866,80.83,0.0856,normal,none
1867,82.27,0.0545,normal,none
1868,78.85,0.1383,normal,none
1869,79.23,0.0942,normal,none
1870,78.8,0.1476,normal,none
1871,79.73,0.1896,normal,none
1872,79.47,0.067,normal,none
1873,79.94,0.1846,normal,none
1874,79.07,0.1214,normal,none
1875,79.0,0.1502,normal,none
1876,77.93,0.1069,normal,none
1877,79.42,0.1659,normal,none
1878,79.17,0.1891,normal,none
1879,79.45,0.0904,normal,none
1880,80.49,0.1407,normal,none
1881,80.27,0.1296,normal,none
1882,78.37,0.0655,normal,none
1883,78.06,0.1293,normal,none
1884,80.21,0.0829,normal,none
1885,79.04,0.1143,normal,none
1886,79.45,0.1696,normal,none
1887,79.64,0.1037,normal,none
1888,79.77,0.1959,normal,none
1889,77.04,0.0966,normal,none
1890,77.68,0.0565,normal,none
1891,79.04,0.1627,normal,none
1892,78.68,0.0737,normal,none
1893,78.07,0.1231,normal,none
1894,78.69,0.1119,normal,none
1895,77.82,0.1623,normal,none
1896,77.51,0.1403,normal,none
1897,79.0,0.1567,normal,none
1898,77.49,0.1123,normal,none
1899,78.53,0.1168,normal,none
1900,79.25,0.0333,anomaly,silent_drift
1901,78.74,0.0277,anomaly,silent_drift
1902,78.92,0.0628,anomaly,silent_drift
1903,79.27,0.0466,anomaly,silent_drift
1904,77.35,0.0832,anomaly,silent_drift
1905,79.24,0.0405,anomaly,silent_drift
1906,79.13,0.0226,anomaly,silent_drift
1907,77.77,0.0932,anomaly,silent_drift
1908,80.63,0.0394,anomaly,silent_drift
1909,82.35,0.0484,anomaly,silent_drift
1910,78.25,0.0039,anomaly,silent_drift
1911,80.04,0.0444,anomaly,silent_drift
1912,79.73,0.0833,anomaly,silent_drift
1913,80.65,0.0198,anomaly,silent_drift
1914,79.26,0.0174,anomaly,silent_drift
1915,81.89,0.0295,anomaly,silent_drift
1916,80.8,0.0259,anomaly,silent_drift
1917,81.55,0.0668,anomaly,silent_drift
1918,80.84,0.0111,anomaly,silent_drift
1919,82.62,0.0665,anomaly,silent_drift
1920,79.77,0.0353,anomaly,silent_drift
1921,80.73,0.014,anomaly,silent_drift
1922,81.58,0.0165,anomaly,silent_drift
1923,82.12,0.08,anomaly,silent_drift
1924,79.86,0.0133,anomaly,silent_drift
1925,81.05,0.0033,anomaly,silent_drift
1926,81.73,0.0672,anomaly,silent_drift
1927,81.72,0.0661,anomaly,silent_drift
1928,81.47,0.0762,anomaly,silent_drift
1929,81.81,0.0824,anomaly,silent_drift
1930,82.47,0.0447,anomaly,silent_drift
1931,82.38,0.0202,anomaly,silent_drift
1932,83.09,0.0645,anomaly,silent_drift
1933,82.37,0.0886,anomaly,silent_drift
1934,80.52,0.0298,anomaly,silent_drift
1935,85.34,0.0244,anomaly,silent_drift
1936,82.76,0.0896,anomaly,silent_drift
1937,86.31,0.0362,anomaly,silent_drift
1938,83.99,0.0153,anomaly,silent_drift
1939,81.6,0.013,anomaly,silent_drift
1940,83.84,0.0525,anomaly,silent_drift
1941,81.82,0.0686,anomaly,silent_drift
1942,82.19,0.0134,anomaly,silent_drift
1943,85.26,0.0421,anomaly,silent_drift
1944,82.42,0.0911,anomaly,silent_drift
1945,83.4,0.0961,anomaly,silent_drift
1946,83.95,0.0905,anomaly,silent_drift
1947,83.31,0.0637,anomaly,silent_drift
1948,83.59,0.0857,anomaly,silent_drift
1949,84.09,0.0942,anomaly,silent_drift
1950,83.82,0.016,anomaly,silent_drift
1951,83.57,0.0567,anomaly,silent_drift
1952,82.57,0.0058,anomaly,silent_drift
1953,86.0,0.014,anomaly,silent_drift
1954,81.6,0.0144,anomaly,silent_drift
1955,84.06,0.0123,anomaly,silent_drift
1956,84.48,0.0726,anomaly,silent_drift
1957,82.01,0.0063,anomaly,silent_drift
1958,85.33,0.0167,anomaly,silent_drift
1959,83.76,0.0827,anomaly,silent_drift
1960,81.51,0.0388,anomaly,silent_drift
1961,82.71,0.0812,anomaly,silent_drift
1962,83.33,0.0878,anomaly,silent_drift
1963,84.38,0.0186,anomaly,silent_drift
1964,83.59,0.0046,anomaly,silent_drift
1965,83.7,0.0376,anomaly,silent_drift
1966,82.16,0.0637,anomaly,silent_drift
1967,82.57,0.0113,anomaly,silent_drift
1968,81.81,0.0561,anomaly,silent_drift
1969,82.2,0.0597,anomaly,silent_drift
1970,80.74,0.0528,anomaly,silent_drift
1971,84.38,0.0187,anomaly,silent_drift
1972,82.34,0.0239,anomaly,silent_drift
1973,82.14,0.0537,anomaly,silent_drift
1974,82.42,0.0406,anomaly,silent_drift
1975,84.62,0.0178,anomaly,silent_drift
1976,82.76,0.0451,anomaly,silent_drift
1977,83.29,0.0795,anomaly,silent_drift
1978,82.38,0.0702,anomaly,silent_drift
1979,85.47,0.0994,anomaly,silent_drift
1980,82.07,0.0657,anomaly,silent_drift
1981,80.24,0.0357,anomaly,silent_drift
1982,81.67,0.0932,anomaly,silent_drift
1983,80.99,0.0077,anomaly,silent_drift
1984,83.28,0.0134,anomaly,silent_drift
1985,84.84,0.0237,anomaly,silent_drift
1986,82.66,0.0728,anomaly,silent_drift
1987,82.61,0.0406,anomaly,silent_drift
1988,81.76,0.0756,anomaly,silent_drift
1989,84.78,0.0881,anomaly,silent_drift
1990,82.32,0.0235,anomaly,silent_drift
1991,82.28,0.0596,anomaly,silent_drift
1992,83.13,0.0765,anomaly,silent_drift
1993,82.06,0.091,anomaly,silent_drift
1994,83.33,0.0263,anomaly,silent_drift
1995,82.16,0.066,anomaly,silent_drift
1996,83.62,0.0985,anomaly,silent_drift
1997,84.28,0.0575,anomaly,silent_drift
1998,83.43,0.0302,anomaly,silent_drift
1999,83.27,0.092,anomaly,silent_drift
2000,83.77,0.0448,anomaly,silent_drift
2001,84.16,0.0952,anomaly,silent_drift
2002,83.95,0.0141,anomaly,silent_drift
2003,81.39,0.0251,anomaly,silent_drift
2004,83.85,0.0994,anomaly,silent_drift
2005,85.54,0.078,anomaly,silent_drift
2006,85.55,0.0164,anomaly,silent_drift
2007,85.12,0.0266,anomaly,silent_drift
2008,84.45,0.081,anomaly,silent_drift
2009,87.31,0.0641,anomaly,silent_drift
2010,82.08,0.0783,anomaly,silent_drift
2011,82.94,0.0582,anomaly,silent_drift
2012,85.0,0.0436,anomaly,silent_drift
2013,85.71,0.0557,anomaly,silent_drift
2014,85.05,0.0378,anomaly,silent_drift
2015,85.82,0.0993,anomaly,silent_drift
2016,86.58,0.0653,anomaly,silent_drift
2017,85.98,0.0555,anomaly,silent_drift
2018,86.26,0.0879,anomaly,silent_drift
2019,86.45,0.0558,anomaly,silent_drift
2020,84.72,0.0112,anomaly,silent_drift
2021,86.83,0.0128,anomaly,silent_drift
2022,87.54,0.0562,anomaly,silent_drift
2023,86.81,0.0001,anomaly,silent_drift
2024,86.76,0.0035,anomaly,silent_drift
2025,86.88,0.0671,anomaly,silent_drift
2026,88.0,0.0616,anomaly,silent_drift
2027,87.46,0.0254,anomaly,silent_drift
2028,88.58,0.0655,anomaly,silent_drift
2029,89.13,0.0874,anomaly,silent_drift
2030,88.56,0.0631,anomaly,silent_drift
2031,87.79,0.071,anomaly,silent_drift
2032,89.22,0.0488,anomaly,silent_drift
2033,89.07,0.0908,anomaly,silent_drift
2034,87.94,0.0301,anomaly,silent_drift
2035,88.12,0.0836,anomaly,silent_drift
2036,89.54,0.0442,anomaly,silent_drift
2037,86.52,0.0879,anomaly,silent_drift
2038,88.35,0.0339,anomaly,silent_drift
2039,88.85,0.0367,anomaly,silent_drift
2040,88.05,0.0117,anomaly,silent_drift
2041,88.44,0.0463,anomaly,silent_drift
2042,88.28,0.0995,anomaly,silent_drift
2043,88.54,0.0336,anomaly,silent_drift
2044,89.8,0.0431,anomaly,silent_drift
2045,88.68,0.0851,anomaly,silent_drift
2046,88.35,0.0448,anomaly,silent_drift
2047,89.92,0.0099,anomaly,silent_drift
2048,88.38,0.0356,anomaly,silent_drift
2049,89.47,0.0798,anomaly,silent_drift
2050,88.51,0.0082,anomaly,silent_drift
2051,86.72,0.0849,anomaly,silent_drift
2052,87.53,0.0504,anomaly,silent_drift
2053,89.22,0.054,anomaly,silent_drift
2054,88.66,0.0672,anomaly,silent_drift
2055,88.71,0.0839,anomaly,silent_drift
2056,89.71,0.0728,anomaly,silent_drift
2057,88.55,0.0035,anomaly,silent_drift
2058,88.18,0.0461,anomaly,silent_drift
2059,89.74,0.0792,anomaly,silent_drift
2060,86.21,0.0641,anomaly,silent_drift
2061,90.56,0.0916,anomaly,silent_drift
2062,88.93,0.086,anomaly,silent_drift
2063,88.66,0.0206,anomaly,silent_drift
2064,87.6,0.0129,anomaly,silent_drift
2065,88.28,0.0167,anomaly,silent_drift
2066,86.4,0.0419,anomaly,silent_drift
2067,85.89,0.062,anomaly,silent_drift
2068,88.47,0.0338,anomaly,silent_drift
2069,86.46,0.0546,anomaly,silent_drift
2070,88.69,0.0014,anomaly,silent_drift
2071,86.58,0.0346,anomaly,silent_drift
2072,88.47,0.0346,anomaly,silent_drift
2073,87.74,0.0304,anomaly,silent_drift
2074,86.16,0.0314,anomaly,silent_drift
2075,86.19,0.0767,anomaly,silent_drift
2076,88.27,0.0576,anomaly,silent_drift
2077,86.77,0.0225,anomaly,silent_drift
2078,86.85,0.0244,anomaly,silent_drift
2079,86.94,0.0564,anomaly,silent_drift
2080,86.08,0.0058,anomaly,silent_drift
2081,88.01,0.0113,anomaly,silent_drift
2082,88.13,0.0278,anomaly,silent_drift
2083,87.87,0.0026,anomaly,silent_drift
2084,87.21,0.0658,anomaly,silent_drift
2085,88.04,0.0763,anomaly,silent_drift
2086,86.01,0.0435,anomaly,silent_drift
2087,88.94,0.098,anomaly,silent_drift
2088,87.96,0.0076,anomaly,silent_drift
2089,87.22,0.0794,anomaly,silent_drift
2090,88.62,0.0902,anomaly,silent_drift
2091,87.6,0.0898,anomaly,silent_drift
2092,89.74,0.0846,anomaly,silent_drift
2093,88.98,0.0523,anomaly,silent_drift
2094,87.25,0.0568,anomaly,silent_drift
2095,88.99,0.0395,anomaly,silent_drift
2096,89.49,0.014,anomaly,silent_drift
2097,89.52,0.0777,anomaly,silent_drift
2098,88.73,0.0851,anomaly,silent_drift
2099,88.97,0.0199,anomaly,silent_drift
2100,88.05,0.0361,anomaly,silent_drift
2101,87.9,0.0761,anomaly,silent_drift
2102,87.91,0.0668,anomaly,silent_drift
2103,87.48,0.0433,anomaly,silent_drift
2104,88.56,0.0584,anomaly,silent_drift
2105,89.52,0.0376,anomaly,silent_drift
2106,89.18,0.0383,anomaly,silent_drift
2107,89.49,0.0299,anomaly,silent_drift
2108,89.09,0.0923,anomaly,silent_drift
2109,91.54,0.0377,anomaly,silent_drift
2110,90.0,0.0615,anomaly,silent_drift
2111,89.28,0.0727,anomaly,silent_drift
2112,90.75,0.0605,anomaly,silent_drift
2113,90.4,0.0186,anomaly,silent_drift
2114,93.13,0.0812,anomaly,silent_drift
2115,91.23,0.0765,anomaly,silent_drift
2116,92.15,0.0258,anomaly,silent_drift
2117,90.85,0.087,anomaly,silent_drift
2118,91.43,0.0763,anomaly,silent_drift
2119,92.56,0.0328,anomaly,silent_drift
2120,93.03,0.0518,anomaly,silent_drift
2121,91.6,0.0598,anomaly,silent_drift
2122,90.92,0.0646,anomaly,silent_drift
2123,91.84,0.043,anomaly,silent_drift
2124,90.91,0.0584,anomaly,silent_drift
2125,92.69,0.0266,anomaly,silent_drift
2126,93.66,0.0518,anomaly,silent_drift
2127,91.85,0.0468,anomaly,silent_drift
2128,92.83,0.0736,anomaly,silent_drift
2129,92.45,0.0346,anomaly,silent_drift
2130,94.65,0.0007,anomaly,silent_drift
2131,91.35,0.0031,anomaly,silent_drift
2132,93.2,0.0229,anomaly,silent_drift
2133,92.81,0.0049,anomaly,silent_drift
2134,93.35,0.0672,anomaly,silent_drift
2135,91.61,0.0147,anomaly,silent_drift
2136,93.9,0.0134,anomaly,silent_drift
2137,92.93,0.0129,anomaly,silent_drift
2138,93.49,0.0571,anomaly,silent_drift
2139,92.58,0.0662,anomaly,silent_drift
2140,90.87,0.0885,anomaly,silent_drift
2141,93.34,0.0134,anomaly,silent_drift
2142,92.94,0.0091,anomaly,silent_drift
2143,94.19,0.0859,anomaly,silent_drift
2144,93.64,0.0805,anomaly,silent_drift
2145,94.59,0.0706,anomaly,silent_drift
2146,93.04,0.0636,anomaly,silent_drift
2147,92.42,0.059,anomaly,silent_drift
2148,94.2,0.0937,anomaly,silent_drift
2149,92.23,0.0669,anomaly,silent_drift
2150,92.48,0.0282,anomaly,silent_drift
2151,94.76,0.0738,anomaly,silent_drift
2152,91.54,0.0244,anomaly,silent_drift
2153,93.81,0.0847,anomaly,silent_drift
2154,93.11,0.0692,anomaly,silent_drift
2155,92.96,0.0952,anomaly,silent_drift
2156,93.22,0.0025,anomaly,silent_drift
2157,91.91,0.0139,anomaly,silent_drift
2158,94.23,0.0326,anomaly,silent_drift
2159,92.04,0.0042,anomaly,silent_drift
2160,94.77,0.0531,anomaly,silent_drift
2161,92.61,0.0803,anomaly,silent_drift
2162,91.93,0.0257,anomaly,silent_drift
2163,93.86,0.0716,anomaly,silent_drift
2164,93.6,0.0868,anomaly,silent_drift
2165,92.05,0.0836,anomaly,silent_drift
2166,91.39,0.0072,anomaly,silent_drift
2167,92.42,0.0371,anomaly,silent_drift
2168,92.64,0.0602,anomaly,silent_drift
2169,92.07,0.0191,anomaly,silent_drift
2170,92.51,0.0533,anomaly,silent_drift
2171,93.14,0.0906,anomaly,silent_drift
2172,91.47,0.0771,anomaly,silent_drift
2173,91.52,0.0505,anomaly,silent_drift
2174,91.42,0.0356,anomaly,silent_drift
2175,92.83,0.032,anomaly,silent_drift
2176,92.64,0.032,anomaly,silent_drift
2177,91.94,0.0431,anomaly,silent_drift
2178,92.16,0.0909,anomaly,silent_drift
2179,91.13,0.0793,anomaly,silent_drift
2180,92.77,0.0597,anomaly,silent_drift
2181,90.9,0.0716,anomaly,silent_drift
2182,92.27,0.0056,anomaly,silent_drift
2183,92.43,0.0313,anomaly,silent_drift
2184,91.66,0.0505,anomaly,silent_drift
2185,91.46,0.0761,anomaly,silent_drift
2186,93.7,0.0934,anomaly,silent_drift
2187,94.46,0.0454,anomaly,silent_drift
2188,93.07,0.0432,anomaly,silent_drift
2189,93.71,0.0459,anomaly,silent_drift
2190,92.58,0.0368,anomaly,silent_drift
2191,93.38,0.0644,anomaly,silent_drift
2192,94.32,0.0118,anomaly,silent_drift
2193,94.35,0.0968,anomaly,silent_drift
2194,92.07,0.0292,anomaly,silent_drift
2195,93.11,0.0319,anomaly,silent_drift
2196,93.84,0.0036,anomaly,silent_drift
2197,95.25,0.0711,anomaly,silent_drift
2198,92.47,0.0621,anomaly,silent_drift
2199,92.41,0.045,anomaly,silent_drift
2200,79.32,0.0123,anomaly,silent_drift
2201,78.35,0.0481,anomaly,silent_drift
2202,76.2,0.0142,anomaly,silent_drift
2203,75.63,0.0172,anomaly,silent_drift
2204,77.25,0.0148,anomaly,silent_drift
2205,78.85,0.0605,anomaly,silent_drift
2206,79.09,0.0144,anomaly,silent_drift
2207,77.39,0.0649,anomaly,silent_drift
2208,80.2,0.027,anomaly,silent_drift
2209,80.19,0.0656,anomaly,silent_drift
2210,77.9,0.056,anomaly,silent_drift
2211,80.41,0.0015,anomaly,silent_drift
2212,80.18,0.0418,anomaly,silent_drift
2213,79.49,0.0175,anomaly,silent_drift
2214,78.84,0.0161,anomaly,silent_drift
2215,81.19,0.0963,anomaly,silent_drift
2216,81.31,0.0426,anomaly,silent_drift
2217,80.09,0.0045,anomaly,silent_drift
2218,80.46,0.0456,anomaly,silent_drift
2219,80.57,0.0789,anomaly,silent_drift
2220,79.21,0.0737,anomaly,silent_drift
2221,80.62,0.0969,anomaly,silent_drift
2222,81.77,0.0255,anomaly,silent_drift
2223,80.61,0.0865,anomaly,silent_drift
2224,80.42,0.0916,anomaly,silent_drift
2225,80.56,0.0224,anomaly,silent_drift
2226,80.97,0.0009,anomaly,silent_drift
2227,80.84,0.0273,anomaly,silent_drift
2228,81.56,0.0581,anomaly,silent_drift
2229,82.71,0.0477,anomaly,silent_drift
2230,82.04,0.0631,anomaly,silent_drift
2231,81.26,0.0715,anomaly,silent_drift
2232,82.1,0.0189,anomaly,silent_drift
2233,82.97,0.0151,anomaly,silent_drift
2234,83.26,0.0744,anomaly,silent_drift
2235,82.95,0.0474,anomaly,silent_drift
2236,81.58,0.0711,anomaly,silent_drift
2237,83.59,0.0699,anomaly,silent_drift
2238,82.93,0.0277,anomaly,silent_drift
2239,82.42,0.0029,anomaly,silent_drift
2240,81.65,0.0013,anomaly,silent_drift
2241,80.01,0.0154,anomaly,silent_drift
2242,82.18,0.0571,anomaly,silent_drift
2243,82.47,0.0541,anomaly,silent_drift
2244,80.99,0.0865,anomaly,silent_drift
2245,82.4,0.0569,anomaly,silent_drift
2246,82.99,0.0313,anomaly,silent_drift
2247,81.71,0.0739,anomaly,silent_drift
2248,81.15,0.0489,anomaly,silent_drift
2249,83.33,0.0164,anomaly,silent_drift
2250,81.77,0.0449,anomaly,silent_drift
2251,81.23,0.0937,anomaly,silent_drift
2252,81.19,0.0282,anomaly,silent_drift
2253,82.31,0.0167,anomaly,silent_drift
2254,80.19,0.0769,anomaly,silent_drift
2255,81.72,0.02,anomaly,silent_drift
2256,81.84,0.0684,anomaly,silent_drift
2257,81.86,0.0789,anomaly,silent_drift
2258,81.83,0.0425,anomaly,silent_drift
2259,82.28,0.0692,anomaly,silent_drift
2260,80.47,0.0892,anomaly,silent_drift
2261,82.67,0.0136,anomaly,silent_drift
2262,82.16,0.0462,anomaly,silent_drift
2263,78.79,0.0171,anomaly,silent_drift
2264,82.94,0.0289,anomaly,silent_drift
2265,81.86,0.0249,anomaly,silent_drift
2266,80.72,0.0719,anomaly,silent_drift
2267,82.82,0.0732,anomaly,silent_drift
2268,80.53,0.0945,anomaly,silent_drift
2269,82.88,0.0928,anomaly,silent_drift
2270,79.45,0.0114,anomaly,silent_drift
2271,81.07,0.0042,anomaly,silent_drift
2272,82.31,0.0716,anomaly,silent_drift
2273,80.66,0.0279,anomaly,silent_drift
2274,81.85,0.0511,anomaly,silent_drift
2275,83.73,0.0133,anomaly,silent_drift
2276,80.48,0.0123,anomaly,silent_drift
2277,80.7,0.0171,anomaly,silent_drift
2278,83.06,0.0575,anomaly,silent_drift
2279,81.9,0.057,anomaly,silent_drift
2280,80.86,0.0181,anomaly,silent_drift
2281,80.04,0.0063,anomaly,silent_drift
2282,80.13,0.0985,anomaly,silent_drift
2283,81.16,0.0828,anomaly,silent_drift
2284,80.57,0.0308,anomaly,silent_drift
2285,81.65,0.0306,anomaly,silent_drift
2286,82.52,0.0399,anomaly,silent_drift
2287,82.76,0.0489,anomaly,silent_drift
2288,83.16,0.0066,anomaly,silent_drift
2289,82.78,0.067,anomaly,silent_drift
2290,83.06,0.0104,anomaly,silent_drift
2291,79.46,0.0668,anomaly,silent_drift
2292,81.27,0.0018,anomaly,silent_drift
2293,84.15,0.0208,anomaly,silent_drift
2294,81.84,0.0154,anomaly,silent_drift
2295,81.6,0.0271,anomaly,silent_drift
2296,84.1,0.0125,anomaly,silent_drift
2297,82.83,0.0716,anomaly,silent_drift
2298,81.58,0.0506,anomaly,silent_drift
2299,82.95,0.0828,anomaly,silent_drift
2300,83.81,0.085,anomaly,silent_drift
2301,82.67,0.0058,anomaly,silent_drift
2302,81.91,0.0698,anomaly,silent_drift
2303,84.24,0.0549,anomaly,silent_drift
2304,84.75,0.0778,anomaly,silent_drift
2305,84.61,0.0197,anomaly,silent_drift
2306,83.56,0.0117,anomaly,silent_drift
2307,82.84,0.0836,anomaly,silent_drift
2308,87.08,0.0245,anomaly,silent_drift
2309,84.95,0.0697,anomaly,silent_drift
2310,85.2,0.0998,anomaly,silent_drift
2311,84.83,0.0426,anomaly,silent_drift
2312,84.97,0.0402,anomaly,silent_drift
2313,85.61,0.0455,anomaly,silent_drift
2314,86.08,0.062,anomaly,silent_drift
2315,83.54,0.0551,anomaly,silent_drift
2316,84.71,0.0189,anomaly,silent_drift
2317,86.86,0.0196,anomaly,silent_drift
2318,85.69,0.0107,anomaly,silent_drift
2319,86.47,0.038,anomaly,silent_drift
2320,86.03,0.0905,anomaly,silent_drift
2321,85.91,0.0225,anomaly,silent_drift
2322,86.67,0.0157,anomaly,silent_drift
2323,85.99,0.0008,anomaly,silent_drift
2324,86.69,0.0804,anomaly,silent_drift
2325,86.21,0.0679,anomaly,silent_drift
2326,86.09,0.0293,anomaly,silent_drift
2327,86.18,0.098,anomaly,silent_drift
2328,86.96,0.0448,anomaly,silent_drift
2329,89.14,0.0791,anomaly,silent_drift
2330,87.63,0.0442,anomaly,silent_drift
2331,86.46,0.0753,anomaly,silent_drift
2332,87.05,0.0287,anomaly,silent_drift
2333,87.54,0.0845,anomaly,silent_drift
2334,87.15,0.0441,anomaly,silent_drift
2335,87.77,0.0529,anomaly,silent_drift
2336,86.51,0.069,anomaly,silent_drift
2337,85.3,0.0754,anomaly,silent_drift
2338,84.59,0.0518,anomaly,silent_drift
2339,88.85,0.0706,anomaly,silent_drift
2340,86.49,0.0243,anomaly,silent_drift
2341,84.35,0.0072,anomaly,silent_drift
2342,85.79,0.0668,anomaly,silent_drift
2343,86.92,0.0107,anomaly,silent_drift
2344,87.29,0.066,anomaly,silent_drift
2345,86.92,0.0853,anomaly,silent_drift
2346,87.3,0.0993,anomaly,silent_drift
2347,87.66,0.0851,anomaly,silent_drift
2348,84.8,0.072,anomaly,silent_drift
2349,83.84,0.052,anomaly,silent_drift
2350,86.57,0.0566,anomaly,silent_drift
2351,86.15,0.0874,anomaly,silent_drift
2352,85.52,0.0856,anomaly,silent_drift
2353,86.7,0.0878,anomaly,silent_drift
2354,85.16,0.0576,anomaly,silent_drift
2355,87.73,0.0556,anomaly,silent_drift
2356,84.94,0.0158,anomaly,silent_drift
2357,84.93,0.0866,anomaly,silent_drift
2358,85.84,0.0158,anomaly,silent_drift
2359,86.57,0.0933,anomaly,silent_drift
2360,87.49,0.0367,anomaly,silent_drift
2361,86.07,0.0647,anomaly,silent_drift
2362,84.88,0.0548,anomaly,silent_drift
2363,85.48,0.0388,anomaly,silent_drift
2364,85.87,0.0927,anomaly,silent_drift
2365,85.86,0.0137,anomaly,silent_drift
2366,85.05,0.0823,anomaly,silent_drift
2367,85.37,0.0362,anomaly,silent_drift
2368,84.55,0.0229,anomaly,silent_drift
2369,86.36,0.0243,anomaly,silent_drift
2370,86.42,0.0082,anomaly,silent_drift
2371,86.27,0.0485,anomaly,silent_drift
2372,85.4,0.0212,anomaly,silent_drift
2373,85.6,0.0536,anomaly,silent_drift
2374,87.43,0.0739,anomaly,silent_drift
2375,86.14,0.0441,anomaly,silent_drift
2376,85.74,0.0485,anomaly,silent_drift
2377,85.68,0.0518,anomaly,silent_drift
2378,87.24,0.0611,anomaly,silent_drift
2379,85.78,0.026,anomaly,silent_drift
2380,85.88,0.0107,anomaly,silent_drift
2381,88.27,0.0986,anomaly,silent_drift
2382,86.78,0.0949,anomaly,silent_drift
2383,86.1,0.0325,anomaly,silent_drift
2384,88.41,0.0581,anomaly,silent_drift
2385,87.14,0.0294,anomaly,silent_drift
2386,87.44,0.0009,anomaly,silent_drift
2387,86.75,0.03,anomaly,silent_drift
2388,86.19,0.0285,anomaly,silent_drift
2389,87.51,0.036,anomaly,silent_drift
2390,85.62,0.0698,anomaly,silent_drift
2391,88.06,0.0533,anomaly,silent_drift
2392,87.33,0.0029,anomaly,silent_drift
2393,88.65,0.0021,anomaly,silent_drift
2394,88.27,0.0199,anomaly,silent_drift
2395,87.44,0.0543,anomaly,silent_drift
2396,88.13,0.0672,anomaly,silent_drift
2397,88.79,0.0224,anomaly,silent_drift
2398,89.59,0.0772,anomaly,silent_drift
2399,85.52,0.0155,anomaly,silent_drift
2400,88.09,0.0662,anomaly,silent_drift
2401,87.4,0.0624,anomaly,silent_drift
2402,87.77,0.0516,anomaly,silent_drift
2403,88.08,0.0379,anomaly,silent_drift
2404,89.36,0.0743,anomaly,silent_drift
2405,89.41,0.0232,anomaly,silent_drift
2406,91.13,0.0007,anomaly,silent_drift
2407,90.6,0.0851,anomaly,silent_drift
2408,88.83,0.0872,anomaly,silent_drift
2409,90.32,0.0865,anomaly,silent_drift
2410,89.67,0.099,anomaly,silent_drift
2411,90.61,0.0075,anomaly,silent_drift
2412,92.3,0.096,anomaly,silent_drift
2413,89.25,0.0633,anomaly,silent_drift
2414,92.55,0.0522,anomaly,silent_drift
2415,91.09,0.0136,anomaly,silent_drift
2416,91.65,0.0207,anomaly,silent_drift
2417,90.14,0.0922,anomaly,silent_drift
2418,93.03,0.0965,anomaly,silent_drift
2419,89.1,0.0083,anomaly,silent_drift
2420,89.99,0.0616,anomaly,silent_drift
2421,89.5,0.0921,anomaly,silent_drift
2422,90.4,0.0625,anomaly,silent_drift
2423,90.88,0.0006,anomaly,silent_drift
2424,92.21,0.0865,anomaly,silent_drift
2425,90.53,0.0028,anomaly,silent_drift
2426,91.31,0.0574,anomaly,silent_drift
2427,90.2,0.0263,anomaly,silent_drift
2428,92.66,0.0457,anomaly,silent_drift
2429,92.8,0.0139,anomaly,silent_drift
2430,92.67,0.0253,anomaly,silent_drift
2431,93.2,0.0537,anomaly,silent_drift
2432,90.02,0.0669,anomaly,silent_drift
2433,92.36,0.0722,anomaly,silent_drift
2434,91.48,0.0616,anomaly,silent_drift
2435,92.1,0.0327,anomaly,silent_drift
2436,93.37,0.0669,anomaly,silent_drift
2437,90.32,0.0229,anomaly,silent_drift
2438,92.03,0.0374,anomaly,silent_drift
2439,91.06,0.021,anomaly,silent_drift
2440,91.78,0.0725,anomaly,silent_drift
2441,91.89,0.0903,anomaly,silent_drift
2442,90.84,0.0853,anomaly,silent_drift
2443,91.35,0.0577,anomaly,silent_drift
2444,90.73,0.0999,anomaly,silent_drift
2445,92.05,0.0761,anomaly,silent_drift
2446,92.09,0.0285,anomaly,silent_drift
2447,89.74,0.097,anomaly,silent_drift
2448,90.94,0.0338,anomaly,silent_drift
2449,90.84,0.0329,anomaly,silent_drift
2450,88.73,0.0261,anomaly,silent_drift
2451,91.56,0.0732,anomaly,silent_drift
2452,91.43,0.0301,anomaly,silent_drift
2453,90.08,0.0205,anomaly,silent_drift
2454,90.24,0.0873,anomaly,silent_drift
2455,90.61,0.0774,anomaly,silent_drift
2456,89.96,0.0478,anomaly,silent_drift
2457,92.65,0.0308,anomaly,silent_drift
2458,89.9,0.0636,anomaly,silent_drift
2459,89.99,0.0386,anomaly,silent_drift
2460,90.14,0.03,anomaly,silent_drift
2461,90.31,0.0164,anomaly,silent_drift
2462,91.71,0.04,anomaly,silent_drift
2463,90.81,0.014,anomaly,silent_drift
2464,91.4,0.0321,anomaly,silent_drift
2465,92.59,0.0561,anomaly,silent_drift
2466,90.8,0.065,anomaly,silent_drift
2467,91.15,0.0511,anomaly,silent_drift
2468,90.63,0.0771,anomaly,silent_drift
2469,89.6,0.0205,anomaly,silent_drift
2470,91.45,0.094,anomaly,silent_drift
2471,89.47,0.0804,anomaly,silent_drift
2472,89.66,0.0316,anomaly,silent_drift
2473,91.55,0.0198,anomaly,silent_drift
2474,89.74,0.079,anomaly,silent_drift
2475,90.47,0.0403,anomaly,silent_drift
2476,93.06,0.0507,anomaly,silent_drift
2477,92.42,0.0749,anomaly,silent_drift
2478,90.95,0.024,anomaly,silent_drift
2479,90.48,0.0688,anomaly,silent_drift
2480,92.53,0.0849,anomaly,silent_drift
2481,92.75,0.0493,anomaly,silent_drift
2482,92.33,0.0594,anomaly,silent_drift
2483,92.91,0.0784,anomaly,silent_drift
2484,92.16,0.0136,anomaly,silent_drift
2485,91.1,0.0131,anomaly,silent_drift
2486,92.49,0.0876,anomaly,silent_drift
2487,92.02,0.0279,anomaly,silent_drift
2488,92.59,0.0395,anomaly,silent_drift
2489,91.99,0.0224,anomaly,silent_drift
2490,91.04,0.0077,anomaly,silent_drift
2491,92.56,0.0348,anomaly,silent_drift
2492,93.38,0.0966,anomaly,silent_drift
2493,93.79,0.0659,anomaly,silent_drift
2494,94.72,0.0867,anomaly,silent_drift
2495,94.49,0.0927,anomaly,silent_drift
2496,92.67,0.0803,anomaly,silent_drift
2497,94.32,0.02,anomaly,silent_drift
2498,94.08,0.0003,anomaly,silent_drift
2499,93.6,0.0648,anomaly,silent_drift
2500,129.37,0.0026,anomaly,spike
2501,128.76,0.018,anomaly,spike
2502,128.47,0.0227,anomaly,spike
2503,130.54,0.0717,anomaly,spike
2504,129.15,0.0274,anomaly,spike
2505,129.25,0.0186,anomaly,spike
2506,128.74,0.086,anomaly,spike
2507,77.97,0.1688,normal,none
2508,79.6,0.1211,normal,none
2509,80.24,0.164,normal,none
2510,79.33,0.1504,normal,none
2511,80.47,0.1249,normal,none
2512,81.12,0.1281,normal,none
2513,79.11,0.0637,normal,none
2514,77.32,0.1786,normal,none
2515,77.95,0.1999,normal,none
2516,78.7,0.0548,normal,none
2517,80.95,0.1683,normal,none
2518,78.1,0.1367,normal,none
2519,78.28,0.1049,normal,none
2520,76.99,0.1742,normal,none
2521,78.62,0.0684,normal,none
2522,78.58,0.0999,normal,none
2523,78.22,0.1946,normal,none
2524,78.97,0.0848,normal,none
2525,79.64,0.1428,normal,none
2526,79.04,0.1021,normal,none
2527,80.68,0.179,normal,none
2528,79.5,0.0647,normal,none
2529,78.55,0.0863,normal,none
2530,77.74,0.1325,normal,none
2531,79.6,0.0788,normal,none
2532,79.45,0.1303,normal,none
2533,77.15,0.184,normal,none
2534,77.11,0.1859,normal,none
2535,79.55,0.1589,normal,none
2536,78.94,0.1537,normal,none
2537,78.72,0.1637,normal,none
2538,77.94,0.1376,normal,none
2539,77.33,0.1844,normal,none
2540,75.7,0.16,normal,none
2541,76.33,0.0618,normal,none
2542,78.38,0.1203,normal,none
2543,78.56,0.1523,normal,none
2544,76.79,0.1694,normal,none
2545,76.22,0.0983,normal,none
2546,77.3,0.0833,normal,none
2547,78.21,0.13,normal,none
2548,77.67,0.0624,normal,none
2549,77.28,0.1984,normal,none
2550,76.78,0.0957,normal,none
2551,76.17,0.1123,normal,none
2552,75.27,0.0953,normal,none
2553,76.41,0.07,normal,none
2554,76.38,0.0593,normal,none
2555,76.57,0.0744,normal,none
2556,77.1,0.1421,normal,none
2557,76.26,0.1541,normal,none
2558,77.37,0.0861,normal,none
2559,76.19,0.0615,normal,none
2560,75.5,0.1438,normal,none
2561,76.26,0.1284,normal,none
2562,74.8,0.182,normal,none
2563,75.5,0.0761,normal,none
2564,76.13,0.1681,normal,none
2565,75.38,0.1253,normal,none
2566,74.48,0.1655,normal,none
2567,76.38,0.067,normal,none
2568,75.05,0.1924,normal,none
2569,75.53,0.1932,normal,none
2570,75.95,0.0826,normal,none
2571,77.25,0.1104,normal,none
2572,75.33,0.1734,normal,none
2573,76.2,0.1934,normal,none
2574,76.91,0.1332,normal,none
2575,75.94,0.1713,normal,none
2576,75.54,0.1648,normal,none
2577,75.33,0.134,normal,none
2578,77.21,0.0876,normal,none
2579,76.15,0.1037,normal,none
2580,77.24,0.1453,normal,none
2581,75.94,0.1344,normal,none
2582,76.86,0.1206,normal,none
2583,75.84,0.0541,normal,none
2584,76.74,0.1727,normal,none
2585,75.88,0.1947,normal,none
2586,76.86,0.0543,normal,none
2587,76.99,0.1123,normal,none
2588,77.54,0.1999,normal,none
2589,76.08,0.1416,normal,none
2590,78.64,0.1845,normal,none
2591,77.19,0.0619,normal,none
2592,77.97,0.1941,normal,none
2593,77.11,0.1797,normal,none
2594,78.25,0.066,normal,none
2595,78.17,0.0884,normal,none
2596,78.46,0.1635,normal,none
2597,77.53,0.1799,normal,none
2598,77.1,0.151,normal,none
2599,79.43,0.0647,normal,none
2600,77.96,0.108,normal,none
2601,78.19,0.1805,normal,none
2602,77.73,0.1729,normal,none
2603,79.68,0.1616,normal,none
2604,78.88,0.1621,normal,none
2605,79.61,0.1447,normal,none
2606,78.79,0.1187,normal,none
2607,79.15,0.1631,normal,none
2608,79.37,0.1474,normal,none
2609,79.07,0.1677,normal,none
2610,77.32,0.1467,normal,none
2611,78.44,0.1624,normal,none
2612,77.5,0.1708,normal,none
2613,77.3,0.1814,normal,none
2614,78.38,0.1493,normal,none
2615,76.06,0.0957,normal,none
2616,78.89,0.1841,normal,none
2617,80.23,0.0971,normal,none
2618,80.59,0.0562,normal,none
2619,78.96,0.1457,normal,none
2620,78.38,0.0524,normal,none
2621,77.68,0.1599,normal,none
2622,78.03,0.1806,normal,none
2623,79.39,0.1348,normal,none
2624,78.35,0.1017,normal,none
2625,78.13,0.1863,normal,none
2626,78.19,0.1422,normal,none
2627,78.7,0.1364,normal,none
2628,78.62,0.0734,normal,none
2629,80.48,0.1089,normal,none
2630,76.86,0.1575,normal,none
2631,76.53,0.1194,normal,none
2632,77.08,0.1345,normal,none
2633,77.65,0.0956,normal,none
2634,77.27,0.15,normal,none
2635,77.2,0.0807,normal,none
2636,79.57,0.1712,normal,none
2637,74.77,0.0744,normal,none
2638,77.01,0.1411,normal,none
2639,76.28,0.1182,normal,none
2640,78.51,0.1273,normal,none
2641,77.21,0.0538,normal,none
2642,77.01,0.1334,normal,none
2643,77.79,0.137,normal,none
2644,76.54,0.0843,normal,none
2645,78.77,0.1721,normal,none
2646,77.35,0.0871,normal,none
2647,77.22,0.0723,normal,none
2648,75.34,0.1664,normal,none
2649,76.75,0.1314,normal,none
2650,76.01,0.1892,normal,none
2651,75.48,0.0777,normal,none
2652,76.54,0.1196,normal,none
2653,75.23,0.1692,normal,none
2654,76.79,0.1189,normal,none
2655,76.68,0.1869,normal,none
2656,75.23,0.1344,normal,none
2657,74.88,0.1986,normal,none
2658,76.13,0.1309,normal,none
2659,74.14,0.1141,normal,none
2660,76.56,0.0527,normal,none
2661,78.04,0.1379,normal,none
2662,76.54,0.0888,normal,none
2663,77.05,0.1217,normal,none
2664,73.36,0.1983,normal,none
2665,75.06,0.1777,normal,none
2666,75.13,0.1789,normal,none
2667,74.83,0.1819,normal,none
2668,75.03,0.1857,normal,none
2669,75.6,0.1448,normal,none
2670,75.36,0.1393,normal,none
2671,76.11,0.1248,normal,none
2672,75.86,0.1831,normal,none
2673,76.75,0.0704,normal,none
2674,76.39,0.1538,normal,none
2675,75.44,0.1142,normal,none
2676,77.27,0.0757,normal,none
2677,76.51,0.1346,normal,none
2678,75.66,0.1935,normal,none
2679,75.6,0.1168,normal,none
2680,77.64,0.1722,normal,none
2681,75.69,0.1343,normal,none
2682,73.81,0.1034,normal,none
2683,77.34,0.1884,normal,none
2684,75.57,0.0957,normal,none
2685,75.78,0.1982,normal,none
2686,77.66,0.1475,normal,none
2687,75.18,0.1532,normal,none
2688,75.12,0.1586,normal,none
2689,76.47,0.1399,normal,none
2690,78.39,0.1966,normal,none
2691,76.53,0.1912,normal,none
2692,76.48,0.1322,normal,none
2693,79.44,0.1068,normal,none
2694,77.35,0.0997,normal,none
2695,77.34,0.0852,normal,none
2696,77.58,0.1877,normal,none
2697,76.82,0.1475,normal,none
2698,77.53,0.147,normal,none
2699,78.03,0.1356,normal,none
2700,77.83,0.1004,normal,none
2701,76.72,0.0904,normal,none
2702,76.64,0.1466,normal,none
2703,78.5,0.1252,normal,none
2704,78.34,0.1212,normal,none
2705,77.53,0.0915,normal,none
2706,78.97,0.127,normal,none
2707,80.06,0.1463,normal,none
2708,78.34,0.0982,normal,none
2709,79.54,0.0893,normal,none
2710,77.65,0.0859,normal,none
2711,77.76,0.1334,normal,none
2712,78.74,0.1188,normal,none
2713,75.55,0.1147,normal,none
2714,79.49,0.1832,normal,none
2715,78.73,0.1787,normal,none
2716,78.64,0.1926,normal,none
2717,76.82,0.0695,normal,none
2718,78.78,0.0639,normal,none
2719,79.62,0.084,normal,none
2720,76.61,0.0504,normal,none
2721,79.61,0.1364,normal,none
2722,79.16,0.1702,normal,none
2723,78.53,0.0612,normal,none
2724,77.67,0.1869,normal,none
2725,79.06,0.1499,normal,none
2726,77.36,0.1447,normal,none
2727,78.11,0.126,normal,none
2728,77.6,0.1063,normal,none
2729,78.23,0.1863,normal,none
2730,77.86,0.1822,normal,none
2731,76.04,0.0757,normal,none
2732,78.15,0.1431,normal,none
2733,77.37,0.199,normal,none
2734,75.65,0.1433,normal,none
2735,77.25,0.1931,normal,none
2736,77.37,0.1971,normal,none
2737,76.37,0.0972,normal,none
2738,76.16,0.1071,normal,none
2739,76.98,0.058,normal,none
2740,76.52,0.189,normal,none
2741,77.0,0.0922,normal,none
2742,74.55,0.1657,normal,none
2743,76.41,0.1835,normal,none
2744,75.93,0.1354,normal,none
2745,76.48,0.0696,normal,none
2746,75.83,0.0573,normal,none
2747,74.64,0.0696,normal,none
2748,74.6,0.1823,normal,none
2749,75.98,0.1501,normal,none
2750,73.68,0.1828,normal,none
2751,76.67,0.1924,normal,none
2752,73.63,0.0777,normal,none
2753,74.99,0.0653,normal,none
2754,74.11,0.0919,normal,none
2755,73.53,0.1307,normal,none
2756,75.74,0.1498,normal,none
2757,74.01,0.1665,normal,none
2758,75.39,0.126,normal,none
2759,74.91,0.1291,normal,none
2760,74.0,0.0708,normal,none
2761,73.92,0.1494,normal,none
2762,73.94,0.1433,normal,none
2763,76.64,0.0516,normal,none
2764,74.64,0.1975,normal,none
2765,73.94,0.1749,normal,none
2766,74.74,0.1788,normal,none
2767,75.78,0.0686,normal,none
2768,74.46,0.0655,normal,none
2769,75.47,0.0693,normal,none
2770,74.56,0.1978,normal,none
2771,76.21,0.1318,normal,none
2772,75.26,0.0593,normal,none
2773,76.77,0.1283,normal,none
2774,75.54,0.1176,normal,none
2775,76.3,0.176,normal,none
2776,77.05,0.1065,normal,none
2777,76.47,0.1108,normal,none
2778,74.95,0.0667,normal,none
2779,76.53,0.1564,normal,none
2780,77.48,0.1108,normal,none
2781,75.52,0.0803,normal,none
2782,74.45,0.1025,normal,none
2783,76.87,0.0892,normal,none
2784,75.91,0.0544,normal,none
2785,76.89,0.0752,normal,none
2786,78.39,0.1685,normal,none
2787,76.87,0.122,normal,none
2788,77.39,0.1009,normal,none
2789,77.22,0.0674,normal,none
2790,75.47,0.1889,normal,none
2791,77.62,0.1534,normal,none
2792,76.58,0.1999,normal,none
2793,77.54,0.0667,normal,none
2794,75.8,0.0872,normal,none
2795,76.41,0.0666,normal,none
2796,79.68,0.1871,normal,none
2797,78.05,0.1046,normal,none
2798,76.97,0.0657,normal,none
2799,78.65,0.1109,normal,none
2800,122.95,0.065,anomaly,spike
2801,122.23,0.0143,anomaly,spike
2802,121.41,0.0294,anomaly,spike
2803,122.81,0.0931,anomaly,spike
2804,123.66,0.0419,anomaly,spike
2805,77.96,0.0741,normal,none
2806,79.53,0.0561,normal,none
2807,77.65,0.0696,normal,none
2808,78.88,0.1365,normal,none
2809,79.91,0.1566,normal,none
2810,78.84,0.1336,normal,none
2811,77.36,0.09,normal,none
2812,78.25,0.1116,normal,none
2813,77.36,0.15,normal,none
2814,79.33,0.1467,normal,none
2815,77.24,0.1347,normal,none
2816,77.32,0.1883,normal,none
2817,76.46,0.0664,normal,none
2818,77.84,0.1855,normal,none
2819,79.13,0.0811,normal,none
2820,78.17,0.1052,normal,none
2821,77.04,0.0808,normal,none
2822,77.33,0.079,normal,none
2823,77.22,0.1771,normal,none
2824,75.9,0.1354,normal,none
2825,78.43,0.0779,normal,none
2826,77.04,0.0705,normal,none
2827,77.92,0.1774,normal,none
2828,77.9,0.1218,normal,none
2829,78.8,0.1789,normal,none
2830,74.91,0.1786,normal,none
2831,77.4,0.1928,normal,none
2832,77.41,0.1835,normal,none
2833,76.67,0.1549,normal,none
2834,78.72,0.0574,normal,none
2835,75.01,0.1851,normal,none
2836,78.68,0.124,normal,none
2837,75.84,0.1849,normal,none
2838,73.96,0.1742,normal,none
2839,74.68,0.0623,normal,none
2840,76.66,0.1153,normal,none
2841,75.32,0.1529,normal,none
2842,75.6,0.0854,normal,none
2843,73.89,0.1449,normal,none
2844,75.76,0.1159,normal,none
2845,76.15,0.0977,normal,none
2846,73.74,0.1599,normal,none
2847,76.14,0.131,normal,none
2848,75.09,0.1482,normal,none
2849,75.41,0.0859,normal,none
2850,76.08,0.0847,normal,none
2851,74.77,0.1047,normal,none
2852,74.38,0.1644,normal,none
2853,76.01,0.1158,normal,none
2854,72.17,0.1718,normal,none
2855,72.95,0.192,normal,none
2856,75.33,0.1139,normal,none
2857,75.43,0.0781,normal,none
2858,75.48,0.1648,normal,none
2859,74.64,0.1141,normal,none
2860,75.8,0.1849,normal,none
2861,73.4,0.1187,normal,none
2862,74.31,0.1499,normal,none
2863,73.98,0.1084,normal,none
2864,74.36,0.1304,normal,none
2865,75.01,0.1427,normal,none
2866,75.23,0.0967,normal,none
2867,73.97,0.1974,normal,none
2868,74.06,0.0645,normal,none
2869,76.75,0.1835,normal,none
2870,76.79,0.0834,normal,none
2871,75.23,0.163,normal,none
2872,75.84,0.0571,normal,none
2873,78.01,0.1017,normal,none
2874,75.77,0.172,normal,none
2875,75.58,0.1905,normal,none
2876,76.73,0.0947,normal,none
2877,77.68,0.1144,normal,none
2878,75.82,0.1873,normal,none
2879,76.73,0.1906,normal,none
2880,77.06,0.0808,normal,none
2881,76.51,0.1452,normal,none
2882,77.64,0.1075,normal,none
2883,76.95,0.0642,normal,none
2884,75.76,0.1948,normal,none
2885,76.41,0.1903,normal,none
2886,76.18,0.1192,normal,none
2887,76.09,0.1596,normal,none
2888,76.51,0.1248,normal,none
2889,76.64,0.1566,normal,none
2890,75.88,0.132,normal,none
2891,78.72,0.1869,normal,none
2892,76.45,0.0851,normal,none
2893,77.07,0.1768,normal,none
2894,78.07,0.1836,normal,none
2895,78.62,0.1916,normal,none
2896,78.53,0.0745,normal,none
2897,75.96,0.1556,normal,none
2898,77.15,0.1864,normal,none
2899,77.46,0.1124,normal,none
2900,76.74,0.0702,normal,none
2901,76.45,0.1524,normal,none
2902,77.02,0.0936,normal,none
2903,79.61,0.0645,normal,none
2904,76.46,0.0744,normal,none
2905,76.08,0.0764,normal,none
2906,76.68,0.1229,normal,none
2907,77.63,0.1006,normal,none
2908,76.34,0.1173,normal,none
2909,77.59,0.1336,normal,none
2910,76.89,0.0677,normal,none
2911,77.22,0.1925,normal,none
2912,77.44,0.1655,normal,none
2913,76.77,0.0765,normal,none
2914,77.77,0.147,normal,none
2915,78.64,0.167,normal,none
2916,77.1,0.0721,normal,none
2917,77.48,0.1774,normal,none
2918,76.76,0.1968,normal,none
2919,76.66,0.0626,normal,none
2920,76.14,0.159,normal,none
2921,75.86,0.0934,normal,none
2922,76.71,0.1875,normal,none
2923,76.28,0.0532,normal,none
2924,77.05,0.1194,normal,none
2925,75.86,0.1332,normal,none
2926,75.88,0.1826,normal,none
2927,75.27,0.0599,normal,none
2928,75.12,0.1339,normal,none
2929,75.3,0.1092,normal,none
2930,77.24,0.0607,normal,none
2931,76.88,0.1519,normal,none
2932,74.2,0.1359,normal,none
2933,77.12,0.1699,normal,none
2934,74.85,0.0871,normal,none
2935,76.12,0.161,normal,none
2936,76.11,0.173,normal,none
2937,74.38,0.1548,normal,none
2938,75.51,0.0999,normal,none
2939,73.92,0.1786,normal,none
2940,75.7,0.134,normal,none
2941,74.67,0.1664,normal,none
2942,75.48,0.1067,normal,none
2943,73.6,0.0797,normal,none
2944,76.34,0.1986,normal,none
2945,74.31,0.1056,normal,none
2946,75.54,0.1353,normal,none
2947,72.87,0.0672,normal,none
2948,75.63,0.1133,normal,none
2949,73.14,0.1083,normal,none
2950,74.97,0.1282,normal,none
2951,74.77,0.1705,normal,none
2952,73.44,0.1465,normal,none
2953,75.78,0.064,normal,none
2954,72.28,0.1693,normal,none
2955,73.94,0.1239,normal,none
2956,74.4,0.057,normal,none
2957,73.86,0.19,normal,none
2958,75.58,0.0926,normal,none
2959,73.22,0.1718,normal,none
2960,74.42,0.0548,normal,none
2961,73.52,0.1907,normal,none
2962,74.59,0.0699,normal,none
2963,75.13,0.1234,normal,none
2964,74.17,0.0915,normal,none
2965,75.47,0.1256,normal,none
2966,75.99,0.0758,normal,none
2967,76.01,0.0809,normal,none
2968,74.41,0.1135,normal,none
2969,77.24,0.197,normal,none
2970,75.29,0.1997,normal,none
2971,74.85,0.0978,normal,none
2972,76.84,0.1511,normal,none
2973,76.25,0.1387,normal,none
2974,76.06,0.1263,normal,none
2975,76.24,0.168,normal,none
2976,76.13,0.1986,normal,none
2977,75.92,0.0995,normal,none
2978,77.15,0.0769,normal,none
2979,77.69,0.1983,normal,none
2980,75.84,0.1885,normal,none
2981,76.45,0.0674,normal,none
2982,76.67,0.0721,normal,none
2983,75.59,0.1266,normal,none
2984,77.3,0.1514,normal,none
2985,75.81,0.1537,normal,none
2986,77.27,0.1067,normal,none
2987,75.92,0.1555,normal,none
2988,76.66,0.1359,normal,none
2989,78.07,0.1371,normal,none
2990,78.4,0.0677,normal,none
2991,77.41,0.1582,normal,none
2992,78.49,0.1948,normal,none
2993,77.87,0.0966,normal,none
2994,78.75,0.1552,normal,none
2995,78.22,0.1496,normal,none
2996,75.69,0.1938,normal,none
2997,78.82,0.0557,normal,none
2998,78.26,0.1981,normal,none
2999,77.8,0.1272,normal,none
3000,77.54,0.147,normal,none
3001,78.43,0.0885,normal,none
3002,76.71,0.1389,normal,none
3003,78.04,0.1516,normal,none
3004,77.91,0.0684,normal,none
3005,77.75,0.1261,normal,none
3006,76.12,0.135,normal,none
3007,78.34,0.1517,normal,none
3008,75.81,0.0708,normal,none
3009,76.34,0.182,normal,none
3010,78.3,0.1212,normal,none
3011,76.59,0.0828,normal,none
3012,76.63,0.1783,normal,none
3013,77.77,0.0783,normal,none
3014,75.73,0.1181,normal,none
3015,77.2,0.1799,normal,none
3016,76.69,0.0965,normal,none
3017,77.23,0.075,normal,none
3018,75.4,0.0715,normal,none
3019,77.22,0.0542,normal,none
3020,76.2,0.085,normal,none
3021,75.45,0.0893,normal,none
3022,77.35,0.1504,normal,none
3023,76.23,0.0928,normal,none
3024,75.73,0.1577,normal,none
3025,74.53,0.0776,normal,none
3026,75.12,0.1978,normal,none
3027,76.2,0.1143,normal,none
3028,75.07,0.0911,normal,none
3029,73.73,0.1798,normal,none
3030,74.89,0.1674,normal,none
3031,76.38,0.104,normal,none
3032,76.12,0.1141,normal,none
3033,73.62,0.1642,normal,none
3034,75.52,0.0708,normal,none
3035,74.81,0.1033,normal,none
3036,73.88,0.1052,normal,none
3037,73.74,0.1398,normal,none
3038,75.59,0.1415,normal,none
3039,77.43,0.1585,normal,none
3040,75.11,0.0902,normal,none
3041,75.67,0.0642,normal,none
3042,74.41,0.0543,normal,none
3043,73.69,0.1163,normal,none
3044,74.32,0.1488,normal,none
3045,72.77,0.1065,normal,none
3046,74.56,0.1705,normal,none
3047,73.12,0.102,normal,none
3048,75.86,0.0619,normal,none
3049,77.01,0.0837,normal,none
3050,74.04,0.0513,normal,none
3051,73.35,0.1074,normal,none
3052,74.49,0.1199,normal,none
3053,74.21,0.1947,normal,none
3054,74.75,0.1427,normal,none
3055,75.57,0.1862,normal,none
3056,74.49,0.1876,normal,none
3057,75.63,0.1781,normal,none
3058,75.48,0.1385,normal,none
3059,73.61,0.1635,normal,none
3060,74.49,0.1371,normal,none
3061,74.58,0.1965,normal,none
3062,75.28,0.1309,normal,none
3063,73.78,0.1195,normal,none
3064,75.03,0.0535,normal,none
3065,75.93,0.0651,normal,none
3066,75.03,0.0602,normal,none
3067,75.99,0.0791,normal,none
3068,75.31,0.0983,normal,none
3069,75.94,0.1059,normal,none
3070,75.1,0.095,normal,none
3071,75.05,0.0989,normal,none
3072,75.42,0.148,normal,none
3073,76.7,0.1771,normal,none
3074,74.85,0.074,normal,none
3075,75.76,0.0549,normal,none
3076,75.5,0.1081,normal,none
3077,77.5,0.0692,normal,none
3078,76.59,0.0572,normal,none
3079,74.86,0.1712,normal,none
3080,75.17,0.1967,normal,none
3081,76.62,0.0985,normal,none
3082,77.99,0.093,normal,none
3083,76.96,0.1664,normal,none
3084,75.39,0.1441,normal,none
3085,76.22,0.1411,normal,none
3086,77.03,0.1467,normal,none
3087,76.04,0.1939,normal,none
3088,76.18,0.0748,normal,none
3089,76.21,0.1319,normal,none
3090,76.46,0.1881,normal,none
3091,74.56,0.1661,normal,none
3092,76.92,0.1951,normal,none
3093,76.02,0.086,normal,none
3094,76.42,0.1645,normal,none
3095,76.95,0.1626,normal,none
3096,77.03,0.1147,normal,none
3097,76.32,0.1392,normal,none
3098,77.44,0.133,normal,none
3099,78.17,0.196,normal,none
3100,0.0,0.0,anomaly,drop_out
3101,0.0,0.0,anomaly,drop_out
3102,0.0,0.0,anomaly,drop_out
3103,0.0,0.0,anomaly,drop_out
3104,0.0,0.0,anomaly,drop_out
3105,0.0,0.0,anomaly,drop_out
3106,0.0,0.0,anomaly,drop_out
3107,0.0,0.0,anomaly,drop_out
3108,0.0,0.0,anomaly,drop_out
3109,0.0,0.0,anomaly,drop_out
3110,0.0,0.0,anomaly,drop_out
3111,0.0,0.0,anomaly,drop_out
3112,0.0,0.0,anomaly,drop_out
3113,0.0,0.0,anomaly,drop_out
3114,0.0,0.0,anomaly,drop_out
3115,77.1,0.0588,normal,none
3116,75.37,0.1611,normal,none
3117,74.99,0.098,normal,none
3118,74.04,0.129,normal,none
3119,76.45,0.0521,normal,none
3120,76.66,0.1209,normal,none
3121,74.67,0.1521,normal,none
3122,77.14,0.1161,normal,none
3123,75.65,0.1984,normal,none
3124,75.14,0.1932,normal,none
3125,74.11,0.095,normal,none
3126,74.74,0.1793,normal,none
3127,75.1,0.0654,normal,none
3128,75.04,0.1771,normal,none
3129,74.96,0.0731,normal,none
3130,75.21,0.121,normal,none
3131,77.04,0.1716,normal,none
3132,72.29,0.1753,normal,none
3133,75.0,0.0637,normal,none
3134,76.0,0.1691,normal,none
3135,74.45,0.0671,normal,none
3136,73.52,0.1221,normal,none
3137,72.72,0.1862,normal,none
3138,74.1,0.1009,normal,none
3139,73.91,0.1448,normal,none
3140,75.25,0.0599,normal,none
3141,73.18,0.171,normal,none
3142,74.58,0.1254,normal,none
3143,74.56,0.0776,normal,none
3144,74.63,0.1695,normal,none
3145,72.9,0.0558,normal,none
3146,72.88,0.0768,normal,none
3147,74.19,0.1613,normal,none
3148,73.77,0.0806,normal,none
3149,75.14,0.086,normal,none
3150,75.22,0.0835,normal,none
3151,71.92,0.1426,normal,none
3152,74.08,0.136,normal,none
3153,75.82,0.1512,normal,none
3154,73.94,0.0561,normal,none
3155,74.65,0.1281,normal,none
3156,74.34,0.119,normal,none
3157,74.61,0.1836,normal,none
3158,74.49,0.1624,normal,none
3159,75.26,0.1891,normal,none
3160,73.88,0.1035,normal,none
3161,74.23,0.0734,normal,none
3162,73.07,0.1356,normal,none
3163,73.59,0.0873,normal,none
3164,75.89,0.1628,normal,none
3165,75.11,0.0825,normal,none
3166,74.99,0.1278,normal,none
3167,73.5,0.061,normal,none
3168,73.83,0.094,normal,none
3169,75.77,0.0801,normal,none
3170,74.53,0.1035,normal,none
3171,75.08,0.1943,normal,none
3172,75.21,0.1749,normal,none
3173,74.89,0.142,normal,none
3174,74.9,0.1185,normal,none
3175,75.97,0.097,normal,none
3176,74.41,0.1584,normal,none
3177,77.67,0.1442,normal,none
3178,77.57,0.0783,normal,none
3179,77.1,0.1832,normal,none
3180,77.56,0.189,normal,none
3181,77.29,0.1971,normal,none
3182,76.33,0.0863,normal,none
3183,76.43,0.0871,normal,none
3184,76.73,0.168,normal,none
3185,77.21,0.1444,normal,none
3186,77.8,0.0775,normal,none
3187,77.76,0.1407,normal,none
3188,77.46,0.1594,normal,none
3189,75.67,0.0988,normal,none
3190,77.31,0.0777,normal,none
3191,77.84,0.0841,normal,none
3192,75.29,0.0694,normal,none
3193,78.08,0.1212,normal,none
3194,75.39,0.1319,normal,none
3195,76.42,0.0549,normal,none
3196,76.17,0.0805,normal,none
3197,76.21,0.1783,normal,none
3198,78.38,0.115,normal,none
3199,77.72,0.1325,normal,none
3200,75.86,0.1373,normal,none
3201,76.4,0.1397,normal,none
3202,76.59,0.1581,normal,none
3203,77.68,0.1071,normal,none
3204,76.08,0.1599,normal,none
3205,77.86,0.1865,normal,none
3206,76.38,0.1132,normal,none
3207,75.81,0.1442,normal,none
3208,75.88,0.0879,normal,none
3209,77.08,0.0584,normal,none
3210,76.76,0.1586,normal,none
3211,77.12,0.1458,normal,none
3212,76.61,0.1915,normal,none
3213,76.5,0.1522,normal,none
3214,76.9,0.0752,normal,none
3215,76.33,0.1821,normal,none
3216,75.12,0.0695,normal,none
3217,75.97,0.0707,normal,none
3218,75.82,0.0717,normal,none
3219,73.85,0.1395,normal,none
3220,75.23,0.1948,normal,none
3221,74.61,0.1394,normal,none
3222,75.12,0.1348,normal,none
3223,74.99,0.0816,normal,none
3224,74.84,0.1078,normal,none
3225,73.88,0.1489,normal,none
3226,74.2,0.1807,normal,none
3227,73.96,0.1806,normal,none
3228,73.63,0.1281,normal,none
3229,75.42,0.0719,normal,none
3230,73.99,0.1097,normal,none
3231,76.76,0.0821,normal,none
3232,73.81,0.0648,normal,none
3233,73.96,0.129,normal,none
3234,73.31,0.154,normal,none
3235,74.45,0.095,normal,none
3236,72.2,0.1396,normal,none
3237,74.4,0.161,normal,none
3238,74.48,0.153,normal,none
3239,74.43,0.0789,normal,none
3240,74.95,0.1548,normal,none
3241,72.14,0.1769,normal,none
3242,73.05,0.1341,normal,none
3243,74.07,0.1295,normal,none
3244,72.02,0.0971,normal,none
3245,73.01,0.0982,normal,none
3246,73.3,0.1954,normal,none
3247,74.87,0.1173,normal,none
3248,74.15,0.1522,normal,none
3249,76.23,0.1662,normal,none
3250,75.48,0.1388,normal,none
3251,75.26,0.116,normal,none
3252,74.37,0.0936,normal,none
3253,74.51,0.0563,normal,none
3254,73.75,0.1219,normal,none
3255,74.2,0.067,normal,none
3256,74.33,0.0519,normal,none
3257,75.65,0.0512,normal,none
3258,73.74,0.1181,normal,none
3259,75.59,0.1893,normal,none
3260,74.62,0.1613,normal,none
3261,76.7,0.0964,normal,none
3262,75.28,0.1534,normal,none
3263,75.81,0.1997,normal,none
3264,77.1,0.1,normal,none
3265,75.2,0.1881,normal,none
3266,75.66,0.1225,normal,none
3267,76.15,0.1212,normal,none
3268,75.07,0.1311,normal,none
3269,75.62,0.1172,normal,none
3270,74.42,0.0851,normal,none
3271,76.65,0.1878,normal,none
3272,77.95,0.1962,normal,none
3273,76.29,0.1432,normal,none
3274,77.07,0.1733,normal,none
3275,76.14,0.1572,normal,none
3276,75.08,0.0804,normal,none
3277,77.71,0.1811,normal,none
3278,75.96,0.0689,normal,none
3279,76.71,0.1655,normal,none
3280,75.61,0.0594,normal,none
3281,74.85,0.0821,normal,none
3282,77.85,0.1873,normal,none
3283,75.47,0.0851,normal,none
3284,77.57,0.0622,normal,none
3285,76.25,0.0528,normal,none
3286,78.82,0.1757,normal,none
3287,76.86,0.1777,normal,none
3288,77.11,0.0974,normal,none
3289,76.93,0.1507,normal,none
3290,76.85,0.1893,normal,none
3291,76.91,0.1995,normal,none
3292,76.83,0.0555,normal,none
3293,77.53,0.1766,normal,none
3294,77.55,0.1872,normal,none
3295,74.66,0.162,normal,none
3296,77.93,0.0722,normal,none
3297,77.88,0.1094,normal,none
3298,77.5,0.1068,normal,none
3299,76.82,0.0629,normal,none
3300,0.0,0.0,anomaly,drop_out
3301,0.0,0.0,anomaly,drop_out
3302,0.0,0.0,anomaly,drop_out
3303,0.0,0.0,anomaly,drop_out
3304,0.0,0.0,anomaly,drop_out
3305,0.0,0.0,anomaly,drop_out
3306,0.0,0.0,anomaly,drop_out
3307,0.0,0.0,anomaly,drop_out
3308,0.0,0.0,anomaly,drop_out
3309,0.0,0.0,anomaly,drop_out
3310,0.0,0.0,anomaly,drop_out
3311,0.0,0.0,anomaly,drop_out
3312,0.0,0.0,anomaly,drop_out
3313,0.0,0.0,anomaly,drop_out
3314,0.0,0.0,anomaly,drop_out
3315,0.0,0.0,anomaly,drop_out
3316,0.0,0.0,anomaly,drop_out
3317,0.0,0.0,anomaly,drop_out
3318,0.0,0.0,anomaly,drop_out
3319,0.0,0.0,anomaly,drop_out
3320,74.32,0.1613,normal,none
3321,75.02,0.1339,normal,none
3322,73.88,0.1427,normal,none
3323,73.38,0.118,normal,none
3324,74.59,0.1423,normal,none
3325,73.64,0.1372,normal,none
3326,71.77,0.1042,normal,none
3327,74.73,0.0989,normal,none
3328,74.63,0.1697,normal,none
3329,74.73,0.0959,normal,none
3330,75.05,0.1161,normal,none
3331,73.94,0.1156,normal,none
3332,76.16,0.0697,normal,none
3333,71.44,0.1108,normal,none
3334,73.6,0.1056,normal,none
3335,72.95,0.0968,normal,none
3336,74.61,0.092,normal,none
3337,73.58,0.1259,normal,none
3338,72.67,0.1621,normal,none
3339,73.19,0.1449,normal,none
3340,73.51,0.1959,normal,none
3341,73.54,0.0626,normal,none
3342,73.1,0.1413,normal,none
3343,74.36,0.1984,normal,none
3344,74.19,0.1041,normal,none
3345,74.12,0.0857,normal,none
3346,72.78,0.0575,normal,none
3347,74.29,0.1794,normal,none
3348,75.84,0.1942,normal,none
3349,74.87,0.1711,normal,none
3350,73.38,0.1049,normal,none
3351,74.7,0.1608,normal,none
3352,74.27,0.1314,normal,none
3353,75.27,0.1315,normal,none
3354,74.69,0.0942,normal,none
3355,75.74,0.092,normal,none
3356,74.87,0.136,normal,none
3357,74.46,0.0693,normal,none
3358,74.98,0.0938,normal,none
3359,75.09,0.1481,normal,none
3360,75.62,0.1355,normal,none
3361,75.76,0.1609,normal,none
3362,74.99,0.0559,normal,none
3363,74.47,0.1707,normal,none
3364,75.4,0.1626,normal,none
3365,74.51,0.1441,normal,none
3366,74.98,0.1226,normal,none
3367,75.77,0.1899,normal,none
3368,75.13,0.1271,normal,none
3369,77.0,0.1091,normal,none
3370,78.01,0.1554,normal,none
3371,75.68,0.1631,normal,none
3372,76.05,0.0803,normal,none
3373,75.29,0.1955,normal,none
3374,76.05,0.1125,normal,none
3375,76.68,0.1729,normal,none
3376,77.25,0.1924,normal,none
3377,75.73,0.1565,normal,none
3378,75.53,0.0942,normal,none
3379,75.68,0.1557,normal,none
3380,75.23,0.0555,normal,none
3381,76.38,0.1498,normal,none
3382,75.23,0.1899,normal,none
3383,76.66,0.1088,normal,none
3384,76.51,0.1019,normal,none
3385,77.46,0.121,normal,none
3386,78.23,0.084,normal,none
3387,76.2,0.0672,normal,none
3388,76.67,0.1259,normal,none
3389,76.26,0.0912,normal,none
3390,75.76,0.0921,normal,none
3391,76.09,0.0547,normal,none
3392,76.02,0.1349,normal,none
3393,75.36,0.135,normal,none
3394,75.91,0.1927,normal,none
3395,76.23,0.1843,normal,none
3396,76.09,0.1604,normal,none
3397,76.77,0.1014,normal,none
3398,75.8,0.1414,normal,none
3399,75.33,0.1213,normal,none
3400,76.74,0.1942,normal,none
3401,74.38,0.1155,normal,none
3402,76.24,0.1403,normal,none
3403,74.96,0.1134,normal,none
3404,74.92,0.075,normal,none
3405,75.0,0.0849,normal,none
3406,74.43,0.096,normal,none
3407,73.97,0.1777,normal,none
3408,74.55,0.1902,normal,none
3409,75.72,0.1169,normal,none
3410,74.34,0.1802,normal,none
3411,75.74,0.1847,normal,none
3412,74.93,0.09,normal,none
3413,73.48,0.1399,normal,none
3414,75.6,0.0608,normal,none
3415,75.91,0.1058,normal,none
3416,73.42,0.1035,normal,none
3417,74.32,0.1871,normal,none
3418,71.8,0.1857,normal,none
3419,74.51,0.1301,normal,none
3420,75.17,0.0949,normal,none
3421,73.33,0.1102,normal,none
3422,75.53,0.1373,normal,none
3423,73.55,0.1362,normal,none
3424,75.41,0.1167,normal,none
3425,73.8,0.1013,normal,none
3426,74.52,0.1279,normal,none
3427,72.97,0.145,normal,none
3428,72.86,0.1897,normal,none
3429,72.59,0.067,normal,none
3430,72.45,0.1498,normal,none
3431,73.47,0.1051,normal,none
3432,72.71,0.1604,normal,none
3433,72.6,0.1353,normal,none
3434,74.6,0.1921,normal,none
3435,72.12,0.054,normal,none
3436,72.53,0.1695,normal,none
3437,73.41,0.064,normal,none
3438,73.78,0.0947,normal,none
3439,74.16,0.1148,normal,none
3440,75.24,0.1203,normal,none
3441,73.93,0.0556,normal,none
3442,73.36,0.1746,normal,none
3443,73.6,0.1504,normal,none
3444,74.83,0.1766,normal,none
3445,74.88,0.1668,normal,none
3446,72.46,0.1781,normal,none
3447,74.98,0.1478,normal,none
3448,73.5,0.1841,normal,none
3449,73.89,0.1064,normal,none
3450,75.9,0.1552,normal,none
3451,74.53,0.1821,normal,none
3452,75.45,0.183,normal,none
3453,77.08,0.0943,normal,none
3454,76.42,0.0652,normal,none
3455,74.71,0.0818,normal,none
3456,75.07,0.1405,normal,none
3457,73.93,0.1234,normal,none
3458,76.27,0.1747,normal,none
3459,74.69,0.097,normal,none
3460,76.15,0.1995,normal,none
3461,75.79,0.1606,normal,none
3462,76.23,0.0834,normal,none
3463,74.92,0.0566,normal,none
3464,76.67,0.1031,normal,none
3465,75.78,0.1735,normal,none
3466,76.25,0.1718,normal,none
3467,75.4,0.0853,normal,none
3468,76.05,0.1086,normal,none
3469,75.43,0.1191,normal,none
3470,75.93,0.1658,normal,none
3471,76.63,0.1801,normal,none
3472,75.82,0.1497,normal,none
3473,76.46,0.0633,normal,none
3474,75.77,0.077,normal,none
3475,76.66,0.0572,normal,none
3476,75.27,0.1852,normal,none
3477,76.9,0.1123,normal,none
3478,76.08,0.0656,normal,none
3479,74.12,0.065,normal,none
3480,76.36,0.0639,normal,none
3481,77.66,0.1016,normal,none
3482,74.85,0.0747,normal,none
3483,76.29,0.0652,normal,none
3484,76.77,0.1574,normal,none
3485,77.39,0.0726,normal,none
3486,76.43,0.0546,normal,none
3487,73.81,0.1756,normal,none
3488,77.01,0.1754,normal,none
3489,78.37,0.0581,normal,none
3490,77.03,0.1071,normal,none
3491,75.89,0.0622,normal,none
3492,74.94,0.0855,normal,none
3493,75.12,0.1882,normal,none
3494,74.17,0.1463,normal,none
3495,75.42,0.1331,normal,none
3496,75.54,0.0651,normal,none
3497,75.61,0.1451,normal,none
3498,73.04,0.0774,normal,none
3499,75.91,0.0948,normal,none
3500,76.14,0.165,normal,none
3501,75.81,0.1003,normal,none
3502,74.41,0.193,normal,none
3503,75.5,0.1716,normal,none
3504,76.44,0.1154,normal,none
3505,74.18,0.0903,normal,none
3506,74.12,0.1076,normal,none
3507,76.74,0.1204,normal,none
3508,72.91,0.0869,normal,none
3509,74.24,0.1059,normal,none
3510,75.06,0.1552,normal,none
3511,75.61,0.0767,normal,none
3512,75.22,0.1496,normal,none
3513,74.4,0.0656,normal,none
3514,74.55,0.0665,normal,none
3515,74.41,0.0847,normal,none
3516,73.8,0.1726,normal,none
3517,74.14,0.1099,normal,none
3518,70.89,0.1493,normal,none
3519,73.98,0.0726,normal,none
3520,72.38,0.0641,normal,none
3521,73.3,0.1427,normal,none
3522,72.11,0.1683,normal,none
3523,74.23,0.0841,normal,none
3524,73.12,0.1623,normal,none
3525,73.75,0.1391,normal,none
3526,74.37,0.1522,normal,none
3527,74.12,0.1268,normal,none
3528,72.53,0.1325,normal,none
3529,75.48,0.1952,normal,none
3530,73.99,0.1477,normal,none
3531,74.59,0.1762,normal,none
3532,72.18,0.1348,normal,none
3533,72.18,0.0723,normal,none
3534,74.11,0.1869,normal,none
3535,71.75,0.1943,normal,none
3536,74.69,0.091,normal,none
3537,74.8,0.1388,normal,none
3538,73.97,0.1854,normal,none
3539,73.4,0.0675,normal,none
3540,74.5,0.1144,normal,none
3541,73.86,0.1499,normal,none
3542,74.67,0.0587,normal,none
3543,74.57,0.1909,normal,none
3544,73.23,0.1869,normal,none
3545,74.0,0.0978,normal,none
3546,76.16,0.1081,normal,none
3547,73.47,0.1081,normal,none
3548,75.51,0.091,normal,none
3549,76.45,0.0545,normal,none
3550,74.11,0.1849,normal,none
3551,76.04,0.1649,normal,none
3552,74.38,0.0745,normal,none
3553,75.99,0.1508,normal,none
3554,75.11,0.0806,normal,none
3555,75.24,0.1536,normal,none
3556,75.96,0.0555,normal,none
3557,73.49,0.0859,normal,none
3558,75.63,0.1936,normal,none
3559,76.28,0.0594,normal,none
3560,74.59,0.0606,normal,none
3561,74.24,0.1996,normal,none
3562,74.11,0.1936,normal,none
3563,76.58,0.1803,normal,none
3564,77.25,0.1651,normal,none
3565,76.79,0.0567,normal,none
3566,76.43,0.1059,normal,none
3567,77.84,0.1331,normal,none
3568,76.25,0.0559,normal,none
3569,76.74,0.1704,normal,none
3570,77.31,0.0926,normal,none
3571,76.32,0.0651,normal,none
3572,76.47,0.1193,normal,none
3573,76.25,0.0776,normal,none
3574,77.22,0.0877,normal,none
3575,78.23,0.1639,normal,none
3576,76.93,0.0952,normal,none
3577,78.23,0.1985,normal,none
3578,75.3,0.156,normal,none
3579,76.96,0.0597,normal,none
3580,77.4,0.0633,normal,none
3581,78.88,0.1915,normal,none
3582,75.08,0.1633,normal,none
3583,76.53,0.1288,normal,none
3584,77.05,0.094,normal,none
3585,74.03,0.1222,normal,none
3586,76.02,0.1614,normal,none
3587,76.88,0.1603,normal,none
3588,76.35,0.1202,normal,none
3589,75.2,0.1551,normal,none
3590,76.02,0.1006,normal,none
3591,77.2,0.1131,normal,none
3592,77.25,0.1001,normal,none
3593,74.87,0.179,normal,none
3594,76.01,0.0892,normal,none
3595,75.88,0.0956,normal,none
3596,76.03,0.1995,normal,none
3597,75.58,0.0714,normal,none
3598,75.67,0.19,normal,none
3599,76.85,0.1845,normal,none
3600,98.13,2.4504,walking,walking
3601,95.24,2.126,walking,walking
3602,97.44,1.8139,walking,walking
3603,97.63,1.4365,walking,walking
3604,97.26,1.8337,walking,walking
3605,96.61,1.154,walking,walking
3606,98.41,2.373,walking,walking
3607,97.5,0.8117,walking,walking
3608,95.87,1.4521,walking,walking
3609,98.31,2.2411,walking,walking
3610,97.79,2.1565,walking,walking
3611,95.02,1.2284,walking,walking
3612,96.09,1.3299,walking,walking
3613,94.6,1.1141,walking,walking
3614,95.76,2.2921,walking,walking
3615,96.09,0.8741,walking,walking
3616,97.12,0.8793,walking,walking
3617,94.2,1.8003,walking,walking
3618,95.78,2.0987,walking,walking
3619,96.34,0.9288,walking,walking
3620,97.04,0.8851,walking,walking
3621,93.69,2.158,walking,walking
3622,95.86,2.4623,walking,walking
3623,94.88,2.1335,walking,walking
3624,96.19,1.8546,walking,walking
3625,95.88,0.8368,walking,walking
3626,96.59,2.0994,walking,walking
3627,96.08,1.9672,walking,walking
3628,96.21,1.4506,walking,walking
3629,97.5,1.1206,walking,walking
3630,96.44,2.1221,walking,walking
3631,95.72,1.4031,walking,walking
3632,97.32,1.7677,walking,walking
3633,95.74,1.669,walking,walking
3634,97.26,1.6911,walking,walking
3635,95.94,1.4543,walking,walking
3636,96.24,1.1962,walking,walking
3637,96.35,1.7611,walking,walking
3638,96.38,1.8144,walking,walking
3639,97.17,2.3223,walking,walking
3640,97.23,1.9521,walking,walking
3641,96.8,0.9996,walking,walking
3642,98.3,1.6285,walking,walking
3643,98.99,2.1767,walking,walking
3644,97.25,1.3295,walking,walking
3645,95.99,1.8898,walking,walking
3646,99.03,1.7133,walking,walking
3647,97.83,0.9033,walking,walking
3648,97.5,1.5957,walking,walking
3649,97.19,1.6369,walking,walking
3650,97.52,1.1006,walking,walking
3651,98.46,1.3868,walking,walking
3652,97.26,2.0319,walking,walking
3653,97.69,0.9151,walking,walking
3654,98.78,2.0596,walking,walking
3655,97.23,1.668,walking,walking
3656,96.11,2.3349,walking,walking
3657,98.03,2.0411,walking,walking
3658,99.13,1.2158,walking,walking
3659,100.04,0.9979,walking,walking
3660,100.37,2.3908,walking,walking
3661,97.57,1.5318,walking,walking
3662,98.45,2.486,walking,walking
3663,99.73,1.6698,walking,walking
3664,97.3,1.7697,walking,walking
3665,98.25,1.3255,walking,walking
3666,96.7,1.083,walking,walking
3667,97.63,0.8241,walking,walking
3668,97.62,1.9488,walking,walking
3669,98.33,1.953,walking,walking
3670,98.16,1.1666,walking,walking
3671,99.16,1.608,walking,walking
3672,99.45,2.451,walking,walking
3673,98.1,0.9553,walking,walking
3674,96.92,1.7771,walking,walking
3675,98.45,1.7643,walking,walking
3676,98.09,1.0577,walking,walking
3677,99.55,1.4639,walking,walking
3678,98.26,2.2863,walking,walking
3679,97.68,1.4217,walking,walking
3680,98.92,2.2685,walking,walking
3681,99.37,1.2987,walking,walking
3682,97.41,1.6242,walking,walking
3683,100.05,2.2897,walking,walking
3684,98.7,2.0118,walking,walking
3685,97.8,1.7533,walking,walking
3686,98.93,1.4958,walking,walking
3687,99.2,1.2339,walking,walking
3688,97.85,1.3093,walking,walking
3689,97.92,0.8856,walking,walking
3690,95.82,1.9139,walking,walking
3691,99.1,1.0233,walking,walking
3692,97.11,1.2655,walking,walking
3693,97.75,1.1103,walking,walking
3694,97.83,1.804,walking,walking
3695,96.13,1.3175,walking,walking
3696,98.83,2.4764,walking,walking
3697,97.84,1.0782,walking,walking
3698,97.35,2.1669,walking,walking
3699,95.27,2.1476,walking,walking
3700,97.59,1.7505,walking,walking
3701,96.55,1.142,walking,walking
3702,97.77,1.2272,walking,walking
3703,96.14,2.494,walking,walking
3704,98.16,1.3354,walking,walking
3705,97.94,1.4345,walking,walking
3706,96.74,0.9376,walking,walking
3707,97.28,2.419,walking,walking
3708,96.71,1.3059,walking,walking
3709,97.33,1.3815,walking,walking
3710,97.48,1.4685,walking,walking
3711,96.35,0.9487,walking,walking
3712,98.09,0.869,walking,walking
3713,97.76,2.4045,walking,walking
3714,95.83,1.5624,walking,walking
3715,96.15,1.5565,walking,walking
3716,97.11,2.3837,walking,walking
3717,95.63,1.5142,walking,walking
3718,96.16,0.9748,walking,walking
3719,94.79,2.2088,walking,walking
3720,95.15,1.0649,walking,walking
3721,94.98,2.0699,walking,walking
3722,95.52,1.9915,walking,walking
3723,94.03,2.161,walking,walking
3724,97.27,1.2026,walking,walking
3725,96.53,0.9784,walking,walking
3726,95.78,2.4161,walking,walking
3727,95.14,2.3724,walking,walking
3728,96.64,1.6291,walking,walking
3729,95.43,2.2813,walking,walking
3730,97.32,2.451,walking,walking
3731,95.83,2.484,walking,walking
3732,95.36,1.8919,walking,walking
3733,98.69,1.2495,walking,walking
3734,96.1,2.0849,walking,walking
3735,94.42,1.5129,walking,walking
3736,97.05,2.3494,walking,walking
3737,95.92,0.812,walking,walking
3738,95.85,1.3993,walking,walking
3739,96.98,1.1406,walking,walking
3740,96.84,2.3526,walking,walking
3741,98.08,1.012,walking,walking
3742,98.15,2.2561,walking,walking
3743,97.95,2.4046,walking,walking
3744,95.74,2.1774,walking,walking
3745,96.73,1.9764,walking,walking
3746,97.98,1.0092,walking,walking
3747,98.44,1.0269,walking,walking
3748,96.92,2.1667,walking,walking
3749,98.64,1.9735,walking,walking
3750,96.6,1.3492,walking,walking
3751,99.1,1.0606,walking,walking
3752,97.22,2.0662,walking,walking
3753,98.52,1.9232,walking,walking
3754,97.32,2.1072,walking,walking
3755,98.18,1.8672,walking,walking
3756,97.87,1.502,walking,walking
3757,96.61,1.6818,walking,walking
3758,97.18,1.7309,walking,walking
3759,98.53,1.7101,walking,walking
3760,96.8,2.4155,walking,walking
3761,97.08,0.8647,walking,walking
3762,99.66,1.9762,walking,walking
3763,98.99,0.8614,walking,walking
3764,100.06,1.9008,walking,walking
3765,98.91,1.9605,walking,walking
3766,99.41,1.6408,walking,walking
3767,98.67,1.2088,walking,walking
3768,98.97,1.4928,walking,walking
3769,98.01,1.1547,walking,walking
3770,99.68,0.8611,walking,walking
3771,98.02,1.5862,walking,walking
3772,97.74,2.0016,walking,walking
3773,97.97,1.807,walking,walking
3774,97.93,1.0244,walking,walking
3775,99.63,0.8811,walking,walking
3776,100.1,0.9253,walking,walking
3777,98.22,1.9526,walking,walking
3778,99.07,1.5648,walking,walking
3779,98.15,1.789,walking,walking
3780,98.7,1.2131,walking,walking
3781,97.85,1.7583,walking,walking
3782,97.54,2.0367,walking,walking
3783,98.24,1.996,walking,walking
3784,99.38,1.4557,walking,walking
3785,97.48,0.8789,walking,walking
3786,96.49,0.965,walking,walking
3787,98.52,2.4841,walking,walking
3788,96.91,0.8338,walking,walking
3789,98.17,1.7028,walking,walking
3790,97.83,1.8097,walking,walking
3791,96.42,2.3117,walking,walking
3792,98.1,2.1898,walking,walking
3793,97.6,1.6856,walking,walking
3794,96.94,2.3976,walking,walking
3795,96.32,2.2582,walking,walking
3796,96.36,1.8422,walking,walking
3797,96.93,0.9173,walking,walking
3798,95.2,2.1577,walking,walking
3799,98.07,1.8028,walking,walking
3800,96.93,1.0227,walking,walking
3801,95.55,1.3102,walking,walking
3802,96.46,1.8729,walking,walking
3803,98.16,1.3136,walking,walking
3804,95.88,1.7451,walking,walking
3805,96.82,2.485,walking,walking
3806,97.47,1.3143,walking,walking
3807,95.2,2.4989,walking,walking
3808,96.57,1.9498,walking,walking
3809,96.09,2.133,walking,walking
3810,97.03,1.0701,walking,walking
3811,97.02,2.1328,walking,walking
3812,95.18,1.3087,walking,walking
3813,96.49,2.1393,walking,walking
3814,96.35,1.7625,walking,walking
3815,95.84,1.0543,walking,walking
3816,97.46,1.9958,walking,walking
3817,96.88,1.1187,walking,walking
3818,94.44,1.2777,walking,walking
3819,95.88,1.0587,walking,walking
3820,96.91,0.9799,walking,walking
3821,96.96,2.0025,walking,walking
3822,96.99,2.4957,walking,walking
3823,96.12,2.3622,walking,walking
3824,96.24,0.9913,walking,walking
3825,96.95,1.038,walking,walking
3826,97.81,2.1311,walking,walking
3827,96.64,1.2818,walking,walking
3828,96.93,1.488,walking,walking
3829,98.02,1.6817,walking,walking
3830,96.71,2.3914,walking,walking
3831,97.09,1.6377,walking,walking
3832,97.57,1.145,walking,walking
3833,96.38,1.2067,walking,walking
3834,97.91,2.3955,walking,walking
3835,98.01,1.3066,walking,walking
3836,97.36,2.3764,walking,walking
3837,95.98,1.391,walking,walking
3838,96.88,1.6396,walking,walking
3839,99.04,1.7675,walking,walking
3840,96.31,1.8024,walking,walking
3841,97.26,1.7585,walking,walking
3842,97.92,2.3256,walking,walking
3843,99.22,2.4201,walking,walking
3844,97.9,1.9791,walking,walking
3845,99.02,1.4474,walking,walking
3846,99.13,2.0829,walking,walking
3847,98.53,1.1532,walking,walking
3848,99.49,2.0247,walking,walking
3849,98.16,1.058,walking,walking
3850,99.24,2.3496,walking,walking
3851,97.99,1.8397,walking,walking
3852,99.4,2.3123,walking,walking
3853,99.86,1.4213,walking,walking
3854,100.4,1.3464,walking,walking
3855,97.69,1.92,walking,walking
3856,97.26,2.2552,walking,walking
3857,99.48,2.3257,walking,walking
3858,100.45,2.1221,walking,walking
3859,99.04,2.1956,walking,walking
3860,100.36,1.665,walking,walking
3861,100.41,1.132,walking,walking
3862,98.62,1.1019,walking,walking
3863,99.95,2.0706,walking,walking
3864,99.18,1.9638,walking,walking
3865,101.42,1.4416,walking,walking
3866,99.44,1.5804,walking,walking
3867,99.83,1.1067,walking,walking
3868,97.18,0.9671,walking,walking
3869,99.81,1.7214,walking,walking
3870,99.31,1.391,walking,walking
3871,97.77,1.0611,walking,walking
3872,100.3,1.4746,walking,walking
3873,99.9,0.9544,walking,walking
3874,98.0,1.6565,walking,walking
3875,98.12,1.3555,walking,walking
3876,98.07,2.4351,walking,walking
3877,99.51,1.2755,walking,walking
3878,101.82,0.9088,walking,walking
3879,98.46,1.8838,walking,walking
3880,98.87,1.8836,walking,walking
3881,98.12,1.1283,walking,walking
3882,99.3,0.9288,walking,walking
3883,98.4,2.4027,walking,walking
3884,97.31,2.0127,walking,walking
3885,98.18,0.8638,walking,walking
3886,98.78,2.0157,walking,walking
3887,97.24,1.1926,walking,walking
3888,99.06,2.1718,walking,walking
3889,99.03,1.825,walking,walking
3890,98.59,1.4973,walking,walking
3891,98.12,2.2603,walking,walking
3892,95.91,1.0927,walking,walking
3893,98.2,1.9629,walking,walking
3894,98.82,2.2197,walking,walking
3895,98.79,1.7693,walking,walking
3896,97.5,2.1289,walking,walking
3897,96.65,2.1056,walking,walking
3898,95.59,2.3769,walking,walking
3899,96.15,1.4258,walking,walking
3900,95.95,1.0984,walking,walking
3901,97.55,2.111,walking,walking
3902,95.53,1.8681,walking,walking
3903,96.12,1.1335,walking,walking
3904,96.14,2.0256,walking,walking
3905,96.08,0.8203,walking,walking
3906,95.81,2.0155,walking,walking
3907,96.11,1.6516,walking,walking
3908,95.81,1.6145,walking,walking
3909,96.63,1.7812,walking,walking
3910,97.03,2.003,walking,walking
3911,97.19,2.15,walking,walking
3912,95.88,1.7525,walking,walking
3913,95.75,1.9628,walking,walking
3914,96.92,1.2169,walking,walking
3915,97.12,1.9585,walking,walking
3916,96.53,0.8985,walking,walking
3917,96.01,1.0342,walking,walking
3918,96.71,2.0521,walking,walking
3919,97.12,1.6691,walking,walking
3920,96.92,0.8534,walking,walking
3921,96.54,2.3885,walking,walking
3922,96.06,1.1243,walking,walking
3923,97.79,1.0804,walking,walking
3924,97.76,1.3843,walking,walking
3925,97.21,0.9819,walking,walking
3926,96.6,2.378,walking,walking
3927,95.72,2.0672,walking,walking
3928,96.33,1.6741,walking,walking
3929,98.02,1.5791,walking,walking
3930,97.62,1.1955,walking,walking
3931,97.12,1.6773,walking,walking
3932,97.29,1.8363,walking,walking
3933,97.65,1.2689,walking,walking
3934,96.77,2.0313,walking,walking
3935,97.46,1.4595,walking,walking
3936,97.56,2.3218,walking,walking
3937,97.69,1.1068,walking,walking
3938,96.64,1.8655,walking,walking
3939,100.27,1.0069,walking,walking
3940,99.28,1.9626,walking,walking
3941,97.43,2.3417,walking,walking
3942,98.18,1.4213,walking,walking
3943,100.43,1.5443,walking,walking
3944,99.23,1.6964,walking,walking
3945,96.72,1.2628,walking,walking
3946,98.96,0.9697,walking,walking
3947,98.16,2.3049,walking,walking
3948,99.89,1.8953,walking,walking
3949,97.32,2.4769,walking,walking
3950,98.55,1.4632,walking,walking
3951,97.36,2.2117,walking,walking
3952,101.09,1.6185,walking,walking
3953,98.82,1.3535,walking,walking
3954,100.24,1.7757,walking,walking
3955,98.81,1.9145,walking,walking
3956,100.34,1.1564,walking,walking
3957,98.82,2.0147,walking,walking
3958,99.0,1.2203,walking,walking
3959,100.15,1.9982,walking,walking
3960,99.66,1.6529,walking,walking
3961,98.73,2.3507,walking,walking
3962,99.65,0.9122,walking,walking
3963,97.75,1.3206,walking,walking
3964,98.08,1.5435,walking,walking
3965,97.96,1.9557,walking,walking
3966,96.51,0.9452,walking,walking
3967,99.57,2.0887,walking,walking
3968,97.77,2.0617,walking,walking
3969,99.46,2.1343,walking,walking
3970,97.61,2.4091,walking,walking
3971,98.15,1.3325,walking,walking
3972,99.19,2.0752,walking,walking
3973,96.96,1.1712,walking,walking
3974,98.09,2.2975,walking,walking
3975,97.32,0.8613,walking,walking
3976,97.42,2.3068,walking,walking
3977,98.26,1.0549,walking,walking
3978,96.92,1.7773,walking,walking
3979,98.52,2.3404,walking,walking
3980,97.75,2.3721,walking,walking
3981,98.41,2.1469,walking,walking
3982,97.61,1.2373,walking,walking
3983,98.5,1.3823,walking,walking
3984,98.34,2.244,walking,walking
3985,97.22,1.3866,walking,walking
3986,97.72,2.3389,walking,walking
3987,96.99,2.35,walking,walking
3988,97.19,1.4482,walking,walking
3989,96.73,1.1989,walking,walking
3990,97.36,1.5024,walking,walking
3991,97.67,1.4386,walking,walking
3992,95.57,1.4088,walking,walking
3993,96.32,1.1699,walking,walking
3994,95.49,0.9468,walking,walking
3995,95.25,1.4553,walking,walking
3996,97.64,0.8826,walking,walking
3997,95.62,1.4808,walking,walking
3998,96.78,1.6451,walking,walking
3999,97.31,1.7693,walking,walking
4000,98.04,2.2139,walking,walking
4001,95.51,2.2486,walking,walking
4002,95.43,1.1809,walking,walking
4003,96.05,1.0015,walking,walking
4004,95.57,2.4937,walking,walking
4005,96.37,1.5616,walking,walking
4006,97.74,2.1369,walking,walking
4007,95.64,1.3763,walking,walking
4008,96.36,2.1954,walking,walking
4009,96.76,1.6513,walking,walking
4010,96.47,2.4948,walking,walking
4011,94.97,0.9019,walking,walking
4012,97.72,1.8488,walking,walking
4013,96.78,0.862,walking,walking
4014,96.98,1.3058,walking,walking
4015,95.78,1.1944,walking,walking
4016,96.53,1.3426,walking,walking
4017,96.93,1.3087,walking,walking
4018,97.05,0.8285,walking,walking
4019,95.65,2.3983,walking,walking
4020,94.88,1.1992,walking,walking
4021,95.29,1.1647,walking,walking
4022,96.38,2.0279,walking,walking
4023,96.3,2.106,walking,walking
4024,98.1,2.0095,walking,walking
4025,97.76,2.0731,walking,walking
4026,96.64,1.5861,walking,walking
4027,96.35,0.8273,walking,walking
4028,97.7,2.1308,walking,walking
4029,96.93,0.8697,walking,walking
4030,96.33,1.6096,walking,walking
4031,96.27,0.9062,walking,walking
4032,99.92,2.1961,walking,walking
4033,99.59,1.9473,walking,walking
4034,99.56,2.4029,walking,walking
4035,98.49,2.22,walking,walking
4036,98.39,0.9531,walking,walking
4037,98.58,0.94,walking,walking
4038,98.17,2.2177,walking,walking
4039,100.82,0.9495,walking,walking
4040,98.67,2.1887,walking,walking
4041,100.46,1.3569,walking,walking
4042,100.07,1.9293,walking,walking
4043,98.85,1.706,walking,walking
4044,98.3,2.4004,walking,walking
4045,99.14,1.4011,walking,walking
4046,99.17,1.2652,walking,walking
4047,97.7,1.5193,walking,walking
4048,99.65,2.3341,walking,walking
4049,99.82,1.9602,walking,walking
4050,99.13,1.8981,walking,walking
4051,99.83,1.1534,walking,walking
4052,98.05,1.9205,walking,walking
4053,98.39,1.2474,walking,walking
4054,99.27,1.2714,walking,walking
4055,99.59,2.1476,walking,walking
4056,97.26,2.2948,walking,walking
4057,100.51,1.6853,walking,walking
4058,101.7,0.8499,walking,walking
4059,100.35,1.551,walking,walking
4060,98.83,1.2453,walking,walking
4061,97.42,1.5051,walking,walking
4062,101.33,2.4284,walking,walking
4063,99.6,2.4551,walking,walking
4064,100.72,2.3314,walking,walking
4065,95.78,1.8557,walking,walking
4066,99.13,2.399,walking,walking
4067,98.61,2.1326,walking,walking
4068,97.7,1.7621,walking,walking
4069,98.81,2.4269,walking,walking
4070,97.85,1.358,walking,walking
4071,98.91,2.1315,walking,walking
4072,99.51,2.179,walking,walking
4073,98.17,1.2815,walking,walking
4074,98.02,2.3524,walking,walking
4075,97.13,0.8911,walking,walking
4076,98.45,1.7656,walking,walking
4077,97.63,1.2897,walking,walking
4078,97.88,1.7352,walking,walking
4079,98.45,1.3152,walking,walking
4080,97.01,1.022,walking,walking
4081,97.0,1.5064,walking,walking
4082,98.26,1.793,walking,walking
4083,96.56,2.3313,walking,walking
4084,97.22,2.3428,walking,walking
4085,97.21,1.3858,walking,walking
4086,98.19,1.3623,walking,walking
4087,96.49,2.348,walking,walking
4088,96.31,1.6896,walking,walking
4089,97.27,2.2047,walking,walking
4090,96.4,1.7101,walking,walking
4091,98.11,1.6775,walking,walking
4092,96.91,1.0687,walking,walking
4093,96.48,2.4526,walking,walking
4094,97.81,1.6659,walking,walking
4095,97.33,1.0147,walking,walking
4096,96.77,1.5241,walking,walking
4097,95.6,1.4814,walking,walking
4098,96.07,1.4536,walking,walking
4099,96.77,1.8623,walking,walking
4100,96.69,0.9668,walking,walking
4101,96.43,0.8182,walking,walking
4102,96.24,1.7733,walking,walking
4103,96.76,2.4654,walking,walking
4104,97.06,2.1168,walking,walking
4105,96.8,0.9171,walking,walking
4106,95.76,1.5878,walking,walking
4107,97.08,1.2288,walking,walking
4108,96.01,1.2706,walking,walking
4109,96.02,1.3428,walking,walking
4110,96.85,2.3757,walking,walking
4111,95.88,2.4375,walking,walking
4112,96.41,1.2308,walking,walking
4113,96.08,2.0192,walking,walking
4114,95.78,0.9482,walking,walking
4115,98.19,1.6458,walking,walking
4116,96.85,1.9522,walking,walking
4117,97.83,2.0618,walking,walking
4118,95.66,2.221,walking,walking
4119,97.09,1.1287,walking,walking
4120,96.89,2.2419,walking,walking
4121,96.62,0.9048,walking,walking
4122,98.11,1.0806,walking,walking
4123,96.92,1.588,walking,walking
4124,98.13,1.6356,walking,walking
4125,98.72,2.2428,walking,walking
4126,97.55,1.546,walking,walking
4127,97.47,1.1162,walking,walking
4128,97.94,2.4887,walking,walking
4129,98.74,2.2517,walking,walking
4130,98.32,2.155,walking,walking
4131,97.18,2.2753,walking,walking
4132,100.1,1.2774,walking,walking
4133,98.63,1.6265,walking,walking
4134,98.33,0.8624,walking,walking
4135,99.99,1.9694,walking,walking
4136,99.04,1.7438,walking,walking
4137,98.63,2.2631,walking,walking
4138,99.07,2.3584,walking,walking
4139,98.22,1.7241,walking,walking
4140,100.92,0.9787,walking,walking
4141,99.7,2.3565,walking,walking
4142,99.65,1.0493,walking,walking
4143,100.05,2.3694,walking,walking
4144,99.94,1.9117,walking,walking
4145,100.19,2.3996,walking,walking
4146,100.01,0.8027,walking,walking
4147,98.78,1.224,walking,walking
4148,99.9,2.0057,walking,walking
4149,97.48,1.0181,walking,walking
4150,99.88,1.1435,walking,walking
4151,99.31,1.4348,walking,walking
4152,99.18,1.6518,walking,walking
4153,98.07,2.3772,walking,walking
4154,99.35,2.1136,walking,walking
4155,99.71,1.9504,walking,walking
4156,99.7,1.4766,walking,walking
4157,99.11,1.2711,walking,walking
4158,99.37,2.4558,walking,walking
4159,102.1,1.2179,walking,walking
4160,97.76,1.5458,walking,walking
4161,99.2,1.6807,walking,walking
4162,100.13,2.2841,walking,walking
4163,97.87,1.1331,walking,walking
4164,97.43,1.7794,walking,walking
4165,98.69,2.293,walking,walking
4166,99.41,2.1343,walking,walking
4167,98.86,1.5073,walking,walking
4168,98.98,0.9906,walking,walking
4169,98.28,1.5893,walking,walking
4170,98.34,2.2921,walking,walking
4171,97.88,1.1808,walking,walking
4172,99.09,2.0337,walking,walking
4173,97.07,1.7197,walking,walking
4174,98.69,1.4333,walking,walking
4175,98.22,1.0201,walking,walking
4176,96.66,1.6682,walking,walking
4177,97.91,2.4383,walking,walking
4178,97.75,1.0939,walking,walking
4179,98.66,2.0441,walking,walking
4180,97.52,1.5992,walking,walking
4181,97.97,2.3372,walking,walking
4182,98.27,1.662,walking,walking
4183,97.66,2.1237,walking,walking
4184,97.21,2.4624,walking,walking
4185,98.28,2.0824,walking,walking
4186,97.26,1.4328,walking,walking
4187,95.74,1.8237,walking,walking
4188,98.25,1.2907,walking,walking
4189,97.67,1.8023,walking,walking
4190,95.84,1.212,walking,walking
4191,95.69,2.375,walking,walking
4192,96.59,1.2472,walking,walking
4193,96.72,1.1058,walking,walking
4194,97.78,1.7808,walking,walking
4195,96.04,1.2067,walking,walking
4196,97.87,2.1352,walking,walking
4197,96.3,1.0398,walking,walking
4198,98.44,2.2341,walking,walking
4199,97.88,2.2013,walking,walking
4200,74.66,0.1405,normal,none
4201,74.89,0.1848,normal,none
4202,72.75,0.0735,normal,none
4203,74.08,0.0524,normal,none
4204,73.62,0.0561,normal,none
4205,72.71,0.0799,normal,none
4206,73.97,0.0609,normal,none
4207,76.61,0.1364,normal,none
4208,75.26,0.1936,normal,none
4209,74.74,0.1707,normal,none
4210,73.82,0.1346,normal,none
4211,75.81,0.1575,normal,none
4212,74.36,0.1566,normal,none
4213,75.8,0.0506,normal,none
4214,75.78,0.1623,normal,none
4215,75.11,0.0586,normal,none
4216,74.47,0.0777,normal,none
4217,75.86,0.1579,normal,none
4218,74.51,0.0993,normal,none
4219,73.79,0.1146,normal,none
4220,75.08,0.1241,normal,none
4221,74.2,0.1364,normal,none
4222,76.32,0.1274,normal,none
4223,74.32,0.1492,normal,none
4224,75.42,0.179,normal,none
4225,77.78,0.1653,normal,none
4226,76.09,0.1705,normal,none
4227,76.78,0.101,normal,none
4228,76.45,0.1577,normal,none
4229,76.23,0.161,normal,none
4230,77.39,0.1297,normal,none
4231,77.32,0.1349,normal,none
4232,77.73,0.1562,normal,none
4233,78.17,0.1122,normal,none
4234,77.28,0.1739,normal,none
4235,77.82,0.0877,normal,none
4236,76.82,0.0662,normal,none
4237,79.55,0.0662,normal,none
4238,79.05,0.1121,normal,none
4239,77.68,0.1558,normal,none
4240,76.47,0.1058,normal,none
4241,77.93,0.0577,normal,none
4242,77.48,0.1338,normal,none
4243,77.94,0.1022,normal,none
4244,77.08,0.1265,normal,none
4245,77.93,0.0937,normal,none
4246,76.34,0.1319,normal,none
4247,77.78,0.1451,normal,none
4248,77.47,0.1279,normal,none
4249,76.17,0.051,normal,none
4250,75.56,0.0682,normal,none
4251,77.92,0.1307,normal,none
4252,78.64,0.1541,normal,none
4253,77.38,0.1576,normal,none
4254,77.42,0.1477,normal,none
4255,78.45,0.1004,normal,none
4256,77.01,0.1773,normal,none
4257,77.05,0.1227,normal,none
4258,77.82,0.1944,normal,none
4259,79.15,0.1963,normal,none
4260,76.41,0.1697,normal,none
4261,78.24,0.0884,normal,none
4262,76.15,0.0762,normal,none
4263,77.6,0.0868,normal,none
4264,75.87,0.1809,normal,none
4265,77.55,0.1538,normal,none
4266,78.24,0.1035,normal,none
4267,76.55,0.0859,normal,none
4268,78.7,0.1951,normal,none
4269,77.4,0.1733,normal,none
4270,77.38,0.0721,normal,none
4271,76.5,0.1556,normal,none
4272,76.47,0.1939,normal,none
4273,76.18,0.1229,normal,none
4274,75.44,0.1002,normal,none
4275,74.73,0.0551,normal,none
4276,75.57,0.0982,normal,none
4277,76.81,0.1413,normal,none
4278,73.45,0.0621,normal,none
4279,76.78,0.1437,normal,none
4280,75.45,0.0843,normal,none
4281,74.0,0.1896,normal,none
4282,74.94,0.1874,normal,none
4283,74.56,0.1044,normal,none
4284,74.06,0.1236,normal,none
4285,75.21,0.1028,normal,none
4286,73.8,0.1947,normal,none
4287,73.03,0.1765,normal,none
4288,73.96,0.0749,normal,none
4289,74.18,0.0885,normal,none
4290,74.46,0.0603,normal,none
4291,75.52,0.0714,normal,none
4292,73.67,0.1451,normal,none
4293,76.49,0.1501,normal,none
4294,73.69,0.077,normal,none
4295,74.33,0.1452,normal,none
4296,75.32,0.1854,normal,none
4297,75.57,0.1267,normal,none
4298,74.18,0.0986,normal,none
4299,76.93,0.1086,normal,none
4300,72.97,0.1274,normal,none
4301,73.7,0.1216,normal,none
4302,73.59,0.1157,normal,none
4303,74.83,0.0851,normal,none
4304,73.75,0.1982,normal,none
4305,75.81,0.1603,normal,none
4306,74.22,0.1414,normal,none
4307,75.08,0.1837,normal,none
4308,74.44,0.0539,normal,none
4309,75.37,0.1212,normal,none
4310,75.3,0.0901,normal,none
4311,77.25,0.0533,normal,none
4312,78.05,0.1932,normal,none
4313,76.61,0.186,normal,none
4314,75.04,0.1721,normal,none
4315,74.91,0.1737,normal,none
4316,78.65,0.1669,normal,none
4317,74.89,0.1408,normal,none
4318,77.22,0.1745,normal,none
4319,76.87,0.1405,normal,none
4320,77.11,0.0609,normal,none
4321,76.48,0.0987,normal,none
4322,76.14,0.0754,normal,none
4323,75.45,0.0663,normal,none
4324,75.41,0.1431,normal,none
4325,76.67,0.1191,normal,none
4326,76.55,0.1636,normal,none
4327,76.24,0.0771,normal,none
4328,76.98,0.1449,normal,none
4329,77.0,0.1942,normal,none
4330,76.5,0.1746,normal,none
4331,77.21,0.0509,normal,none
4332,79.98,0.0631,normal,none
4333,77.02,0.1615,normal,none
4334,78.84,0.0746,normal,none
4335,75.43,0.133,normal,none
4336,79.73,0.1393,normal,none
4337,76.66,0.1288,normal,none
4338,79.04,0.1881,normal,none
4339,76.91,0.1695,normal,none
4340,77.2,0.0533,normal,none
4341,77.83,0.0637,normal,none
4342,78.57,0.1574,normal,none
4343,79.05,0.1172,normal,none
4344,79.08,0.1068,normal,none
4345,77.87,0.18,normal,none
4346,77.73,0.1273,normal,none
4347,78.29,0.1177,normal,none
4348,77.02,0.0717,normal,none
4349,79.45,0.0887,normal,none
4350,77.73,0.0735,normal,none
4351,79.73,0.1,normal,none
4352,78.52,0.0863,normal,none
4353,78.68,0.1959,normal,none
4354,76.86,0.1244,normal,none
4355,76.99,0.0915,normal,none
4356,78.03,0.1459,normal,none
4357,77.19,0.0971,normal,none
4358,76.51,0.1038,normal,none
4359,79.45,0.1282,normal,none
4360,75.55,0.1152,normal,none
4361,78.32,0.1029,normal,none
4362,76.4,0.0726,normal,none
4363,76.38,0.0621,normal,none
4364,77.35,0.0798,normal,none
4365,76.22,0.1985,normal,none
4366,77.88,0.0604,normal,none
4367,78.32,0.1679,normal,none
4368,77.19,0.1875,normal,none
4369,75.9,0.1165,normal,none
4370,75.59,0.1361,normal,none
4371,78.84,0.1094,normal,none
4372,75.15,0.1916,normal,none
4373,75.48,0.1432,normal,none
4374,76.8,0.0808,normal,none
4375,76.37,0.1823,normal,none
4376,75.06,0.1257,normal,none
4377,75.35,0.1733,normal,none
4378,74.7,0.1444,normal,none
4379,73.22,0.1943,normal,none
4380,75.14,0.09,normal,none
4381,77.0,0.1913,normal,none
4382,75.08,0.1121,normal,none
4383,74.37,0.1769,normal,none
4384,73.45,0.1264,normal,none
4385,73.47,0.0925,normal,none
4386,75.78,0.1609,normal,none
4387,76.18,0.0606,normal,none
4388,73.74,0.0854,normal,none
4389,75.79,0.0961,normal,none
4390,75.06,0.1967,normal,none
4391,73.74,0.1053,normal,none
4392,74.06,0.1403,normal,none
4393,76.75,0.1991,normal,none
4394,75.31,0.1005,normal,none
4395,74.41,0.1649,normal,none
4396,75.62,0.1521,normal,none
4397,77.7,0.1923,normal,none
4398,76.4,0.0745,normal,none
4399,74.41,0.1994,normal,none
4400,76.19,0.1196,normal,none
4401,76.43,0.0817,normal,none
4402,77.06,0.1876,normal,none
4403,75.8,0.0798,normal,none
4404,75.4,0.1763,normal,none
4405,75.33,0.1082,normal,none
4406,76.39,0.1725,normal,none
4407,75.47,0.0625,normal,none
4408,76.49,0.1854,normal,none
4409,76.5,0.1162,normal,none
4410,76.63,0.121,normal,none
4411,75.29,0.1248,normal,none
4412,75.55,0.1095,normal,none
4413,77.45,0.0651,normal,none
4414,75.33,0.1332,normal,none
4415,77.28,0.1037,normal,none
4416,75.02,0.1104,normal,none
4417,76.32,0.0976,normal,none
4418,76.96,0.1787,normal,none
4419,75.07,0.1515,normal,none
4420,77.49,0.0663,normal,none
4421,75.98,0.1917,normal,none
4422,76.12,0.0533,normal,none
4423,77.16,0.1254,normal,none
4424,77.91,0.1467,normal,none
4425,78.84,0.0551,normal,none
4426,77.25,0.0844,normal,none
4427,77.99,0.144,normal,none
4428,77.34,0.0673,normal,none
4429,77.53,0.0975,normal,none
4430,77.47,0.1242,normal,none
4431,78.16,0.0987,normal,none
4432,77.8,0.1129,normal,none
4433,78.0,0.094,normal,none
4434,78.93,0.1765,normal,none
4435,76.66,0.1832,normal,none
4436,76.32,0.1276,normal,none
4437,79.26,0.1009,normal,none
4438,77.07,0.188,normal,none
4439,78.81,0.1211,normal,none
4440,76.75,0.0791,normal,none
4441,76.82,0.1445,normal,none
4442,78.29,0.1846,normal,none
4443,79.2,0.1184,normal,none
4444,77.15,0.1356,normal,none
4445,77.21,0.0557,normal,none
4446,77.41,0.1193,normal,none
4447,78.36,0.1776,normal,none
4448,77.19,0.1533,normal,none
4449,77.09,0.067,normal,none
4450,78.62,0.135,normal,none
4451,79.45,0.1472,normal,none
4452,77.41,0.1945,normal,none
4453,78.62,0.1632,normal,none
4454,77.5,0.1808,normal,none
4455,78.39,0.1602,normal,none
4456,76.58,0.0624,normal,none
4457,76.57,0.0635,normal,none
4458,76.92,0.1336,normal,none
4459,74.65,0.0647,normal,none
4460,79.08,0.0777,normal,none
4461,76.51,0.1376,normal,none
4462,78.47,0.092,normal,none
4463,76.48,0.1975,normal,none
4464,75.34,0.1417,normal,none
4465,77.55,0.197,normal,none
4466,75.97,0.1549,normal,none
4467,76.05,0.1391,normal,none
4468,76.68,0.1365,normal,none
4469,75.81,0.1755,normal,none
4470,77.02,0.0776,normal,none
4471,74.66,0.1084,normal,none
4472,76.75,0.1886,normal,none
4473,74.22,0.1897,normal,none
4474,75.49,0.1154,normal,none
4475,77.26,0.091,normal,none
4476,74.69,0.1358,normal,none
4477,75.21,0.1937,normal,none
4478,75.66,0.0954,normal,none
4479,74.76,0.167,normal,none
4480,74.96,0.1391,normal,none
4481,75.4,0.1284,normal,none
4482,74.37,0.1324,normal,none
4483,74.13,0.1397,normal,none
4484,72.26,0.0763,normal,none
4485,74.08,0.056,normal,none
4486,72.83,0.0888,normal,none
4487,74.05,0.0602,normal,none
4488,73.93,0.1606,normal,none
4489,76.26,0.1803,normal,none
4490,76.88,0.1042,normal,none
4491,74.79,0.1477,normal,none
4492,74.66,0.0625,normal,none
4493,74.6,0.1582,normal,none
4494,75.45,0.1072,normal,none
4495,73.35,0.1509,normal,none
4496,72.78,0.1616,normal,none
4497,75.14,0.0609,normal,none
4498,74.67,0.1248,normal,none
4499,75.22,0.1243,normal,none
4500,76.04,0.0051,anomaly,silent_drift
4501,75.47,0.0793,anomaly,silent_drift
4502,76.37,0.0119,anomaly,silent_drift
4503,76.63,0.0484,anomaly,silent_drift
4504,75.89,0.0739,anomaly,silent_drift
4505,77.27,0.014,anomaly,silent_drift
4506,77.01,0.0502,anomaly,silent_drift
4507,77.73,0.0042,anomaly,silent_drift
4508,77.91,0.0129,anomaly,silent_drift
4509,77.76,0.0787,anomaly,silent_drift
4510,77.19,0.056,anomaly,silent_drift
4511,76.83,0.0624,anomaly,silent_drift
4512,76.19,0.0295,anomaly,silent_drift
4513,78.29,0.0717,anomaly,silent_drift
4514,78.43,0.001,anomaly,silent_drift
4515,76.7,0.0628,anomaly,silent_drift
4516,80.11,0.0982,anomaly,silent_drift
4517,78.6,0.0969,anomaly,silent_drift
4518,78.45,0.0026,anomaly,silent_drift
4519,77.27,0.0419,anomaly,silent_drift
4520,79.02,0.0461,anomaly,silent_drift
4521,79.74,0.0875,anomaly,silent_drift
4522,78.67,0.0871,anomaly,silent_drift
4523,81.35,0.0496,anomaly,silent_drift
4524,81.23,0.0011,anomaly,silent_drift
4525,80.48,0.0819,anomaly,silent_drift
4526,79.41,0.015,anomaly,silent_drift
4527,79.93,0.0949,anomaly,silent_drift
4528,81.18,0.0672,anomaly,silent_drift
4529,78.36,0.0373,anomaly,silent_drift
4530,80.51,0.0413,anomaly,silent_drift
4531,79.7,0.0419,anomaly,silent_drift
4532,78.89,0.033,anomaly,silent_drift
4533,80.49,0.0713,anomaly,silent_drift
4534,80.27,0.0747,anomaly,silent_drift
4535,79.28,0.0294,anomaly,silent_drift
4536,81.52,0.0147,anomaly,silent_drift
4537,81.46,0.0831,anomaly,silent_drift
4538,79.26,0.001,anomaly,silent_drift
4539,80.33,0.0193,anomaly,silent_drift
4540,80.85,0.0054,anomaly,silent_drift
4541,81.35,0.0543,anomaly,silent_drift
4542,81.43,0.0222,anomaly,silent_drift
4543,81.95,0.029,anomaly,silent_drift
4544,80.99,0.0041,anomaly,silent_drift
4545,83.16,0.0388,anomaly,silent_drift
4546,81.73,0.0812,anomaly,silent_drift
4547,81.19,0.0766,anomaly,silent_drift
4548,80.45,0.0526,anomaly,silent_drift
4549,81.43,0.0702,anomaly,silent_drift
4550,81.01,0.0576,anomaly,silent_drift
4551,79.77,0.0464,anomaly,silent_drift
4552,80.58,0.0872,anomaly,silent_drift
4553,79.31,0.0341,anomaly,silent_drift
4554,80.3,0.0562,anomaly,silent_drift
4555,78.71,0.0957,anomaly,silent_drift
4556,80.73,0.0724,anomaly,silent_drift
4557,81.07,0.0079,anomaly,silent_drift
4558,79.29,0.033,anomaly,silent_drift
4559,78.51,0.0074,anomaly,silent_drift
4560,79.56,0.0068,anomaly,silent_drift
4561,80.61,0.0617,anomaly,silent_drift
4562,81.62,0.0548,anomaly,silent_drift
4563,79.97,0.0972,anomaly,silent_drift
4564,78.92,0.0971,anomaly,silent_drift
4565,80.01,0.0393,anomaly,silent_drift
4566,81.36,0.0486,anomaly,silent_drift
4567,79.02,0.0567,anomaly,silent_drift
4568,79.57,0.0898,anomaly,silent_drift
4569,79.72,0.0759,anomaly,silent_drift
4570,79.03,0.0135,anomaly,silent_drift
4571,79.75,0.0103,anomaly,silent_drift
4572,80.17,0.0414,anomaly,silent_drift
4573,81.32,0.0925,anomaly,silent_drift
4574,79.43,0.0049,anomaly,silent_drift
4575,80.52,0.0454,anomaly,silent_drift
4576,80.38,0.0551,anomaly,silent_drift
4577,80.58,0.0448,anomaly,silent_drift
4578,79.87,0.0559,anomaly,silent_drift
4579,80.41,0.003,anomaly,silent_drift
4580,80.39,0.0092,anomaly,silent_drift
4581,78.89,0.019,anomaly,silent_drift
4582,80.24,0.0177,anomaly,silent_drift
4583,80.56,0.0301,anomaly,silent_drift
4584,80.14,0.0759,anomaly,silent_drift
4585,80.34,0.0951,anomaly,silent_drift
4586,80.78,0.0614,anomaly,silent_drift
4587,80.37,0.0359,anomaly,silent_drift
4588,81.32,0.0365,anomaly,silent_drift
4589,80.2,0.0866,anomaly,silent_drift
4590,80.14,0.0356,anomaly,silent_drift
4591,81.94,0.0831,anomaly,silent_drift
4592,80.66,0.0108,anomaly,silent_drift
4593,81.27,0.0935,anomaly,silent_drift
4594,80.75,0.0183,anomaly,silent_drift
4595,79.97,0.0562,anomaly,silent_drift
4596,82.59,0.0931,anomaly,silent_drift
4597,80.37,0.0302,anomaly,silent_drift
4598,81.44,0.0804,anomaly,silent_drift
4599,80.54,0.0227,anomaly,silent_drift
4600,82.05,0.0281,anomaly,silent_drift
4601,81.03,0.0712,anomaly,silent_drift
4602,81.87,0.0106,anomaly,silent_drift
4603,83.37,0.0697,anomaly,silent_drift
4604,82.14,0.0272,anomaly,silent_drift
4605,81.73,0.0659,anomaly,silent_drift
4606,81.78,0.0894,anomaly,silent_drift
4607,82.93,0.0541,anomaly,silent_drift
4608,82.44,0.0281,anomaly,silent_drift
4609,85.43,0.0293,anomaly,silent_drift
4610,84.51,0.0549,anomaly,silent_drift
4611,81.63,0.0441,anomaly,silent_drift
4612,83.87,0.0727,anomaly,silent_drift
4613,83.43,0.0708,anomaly,silent_drift
4614,84.48,0.0622,anomaly,silent_drift
4615,83.83,0.0863,anomaly,silent_drift
4616,83.03,0.0927,anomaly,silent_drift
4617,85.65,0.0799,anomaly,silent_drift
4618,84.61,0.0019,anomaly,silent_drift
4619,84.73,0.0979,anomaly,silent_drift
4620,84.05,0.0597,anomaly,silent_drift
4621,85.5,0.013,anomaly,silent_drift
4622,85.67,0.0465,anomaly,silent_drift
4623,85.6,0.0507,anomaly,silent_drift
4624,85.21,0.0307,anomaly,silent_drift
4625,86.01,0.084,anomaly,silent_drift
4626,85.37,0.0011,anomaly,silent_drift
4627,86.6,0.0774,anomaly,silent_drift
4628,84.62,0.0892,anomaly,silent_drift
4629,85.82,0.0025,anomaly,silent_drift
4630,85.57,0.0705,anomaly,silent_drift
4631,84.42,0.0056,anomaly,silent_drift
4632,83.95,0.0229,anomaly,silent_drift
4633,85.42,0.0631,anomaly,silent_drift
4634,86.99,0.0245,anomaly,silent_drift
4635,85.75,0.0995,anomaly,silent_drift
4636,86.05,0.0963,anomaly,silent_drift
4637,86.66,0.023,anomaly,silent_drift
4638,85.17,0.086,anomaly,silent_drift
4639,86.38,0.0794,anomaly,silent_drift
4640,85.43,0.0954,anomaly,silent_drift
4641,87.61,0.0773,anomaly,silent_drift
4642,87.14,0.0971,anomaly,silent_drift
4643,87.93,0.0485,anomaly,silent_drift
4644,83.75,0.0863,anomaly,silent_drift
4645,84.03,0.0047,anomaly,silent_drift
4646,86.09,0.0826,anomaly,silent_drift
4647,83.63,0.0062,anomaly,silent_drift
4648,85.73,0.055,anomaly,silent_drift
4649,84.2,0.0657,anomaly,silent_drift
4650,85.18,0.099,anomaly,silent_drift
4651,87.2,0.035,anomaly,silent_drift
4652,84.57,0.0867,anomaly,silent_drift
4653,87.33,0.0644,anomaly,silent_drift
4654,85.41,0.0137,anomaly,silent_drift
4655,86.58,0.058,anomaly,silent_drift
4656,85.21,0.0717,anomaly,silent_drift
4657,84.98,0.0953,anomaly,silent_drift
4658,84.8,0.0538,anomaly,silent_drift
4659,85.67,0.0485,anomaly,silent_drift
4660,84.71,0.0844,anomaly,silent_drift
4661,85.93,0.0206,anomaly,silent_drift
4662,85.06,0.0543,anomaly,silent_drift
4663,85.24,0.0188,anomaly,silent_drift
4664,85.09,0.0619,anomaly,silent_drift
4665,84.44,0.0484,anomaly,silent_drift
4666,86.67,0.085,anomaly,silent_drift
4667,84.99,0.0017,anomaly,silent_drift
4668,86.67,0.0888,anomaly,silent_drift
4669,86.88,0.0316,anomaly,silent_drift
4670,85.8,0.0197,anomaly,silent_drift
4671,85.17,0.0334,anomaly,silent_drift
4672,85.41,0.0791,anomaly,silent_drift
4673,85.76,0.097,anomaly,silent_drift
4674,87.42,0.0529,anomaly,silent_drift
4675,84.08,0.0258,anomaly,silent_drift
4676,85.59,0.05,anomaly,silent_drift
4677,84.74,0.086,anomaly,silent_drift
4678,85.92,0.0682,anomaly,silent_drift
4679,86.41,0.0987,anomaly,silent_drift
4680,85.4,0.0012,anomaly,silent_drift
4681,86.68,0.0837,anomaly,silent_drift
4682,86.86,0.0026,anomaly,silent_drift
4683,85.02,0.0716,anomaly,silent_drift
4684,86.76,0.0309,anomaly,silent_drift
4685,86.27,0.0205,anomaly,silent_drift
4686,85.33,0.0834,anomaly,silent_drift
4687,87.5,0.0615,anomaly,silent_drift
4688,86.94,0.0953,anomaly,silent_drift
4689,86.65,0.0484,anomaly,silent_drift
4690,87.7,0.0126,anomaly,silent_drift
4691,86.69,0.0548,anomaly,silent_drift
4692,87.79,0.0981,anomaly,silent_drift
4693,85.62,0.0136,anomaly,silent_drift
4694,85.62,0.0627,anomaly,silent_drift
4695,87.26,0.0107,anomaly,silent_drift
4696,90.05,0.0674,anomaly,silent_drift
4697,86.18,0.0765,anomaly,silent_drift
4698,87.4,0.1,anomaly,silent_drift
4699,89.49,0.0113,anomaly,silent_drift
4700,88.68,0.0202,anomaly,silent_drift
4701,88.65,0.0155,anomaly,silent_drift
4702,90.33,0.0693,anomaly,silent_drift
4703,88.46,0.0837,anomaly,silent_drift
4704,89.23,0.0535,anomaly,silent_drift
4705,89.8,0.0915,anomaly,silent_drift
4706,89.12,0.0952,anomaly,silent_drift
4707,89.82,0.0931,anomaly,silent_drift
4708,90.32,0.0935,anomaly,silent_drift
4709,89.26,0.0048,anomaly,silent_drift
4710,87.75,0.0122,anomaly,silent_drift
4711,89.11,0.0071,anomaly,silent_drift
4712,89.53,0.0944,anomaly,silent_drift
4713,88.79,0.0688,anomaly,silent_drift
4714,89.78,0.0336,anomaly,silent_drift
4715,91.47,0.0508,anomaly,silent_drift
4716,90.08,0.0165,anomaly,silent_drift
4717,90.33,0.0385,anomaly,silent_drift
4718,92.81,0.0165,anomaly,silent_drift
4719,91.4,0.0575,anomaly,silent_drift
4720,91.55,0.091,anomaly,silent_drift
4721,91.38,0.0228,anomaly,silent_drift
4722,90.93,0.084,anomaly,silent_drift
4723,90.75,0.0035,anomaly,silent_drift
4724,90.92,0.0868,anomaly,silent_drift
4725,90.32,0.0724,anomaly,silent_drift
4726,90.9,0.0779,anomaly,silent_drift
4727,89.51,0.0767,anomaly,silent_drift
4728,92.15,0.0966,anomaly,silent_drift
4729,90.61,0.0538,anomaly,silent_drift
4730,91.4,0.0742,anomaly,silent_drift
4731,91.08,0.0451,anomaly,silent_drift
4732,90.7,0.0109,anomaly,silent_drift
4733,89.46,0.0721,anomaly,silent_drift
4734,91.1,0.0958,anomaly,silent_drift
4735,91.94,0.0233,anomaly,silent_drift
4736,92.03,0.0886,anomaly,silent_drift
4737,92.19,0.0112,anomaly,silent_drift
4738,91.57,0.0775,anomaly,silent_drift
4739,92.83,0.0298,anomaly,silent_drift
4740,89.68,0.0869,anomaly,silent_drift
4741,91.57,0.0994,anomaly,silent_drift
4742,93.54,0.0339,anomaly,silent_drift
4743,90.34,0.0154,anomaly,silent_drift
4744,91.52,0.0465,anomaly,silent_drift
4745,93.25,0.0535,anomaly,silent_drift
4746,91.91,0.0298,anomaly,silent_drift
4747,90.92,0.0748,anomaly,silent_drift
4748,92.38,0.0982,anomaly,silent_drift
4749,92.42,0.0901,anomaly,silent_drift
4750,90.84,0.0406,anomaly,silent_drift
4751,90.46,0.0051,anomaly,silent_drift
4752,90.4,0.0689,anomaly,silent_drift
4753,90.56,0.0532,anomaly,silent_drift
4754,91.31,0.0156,anomaly,silent_drift
4755,91.42,0.0789,anomaly,silent_drift
4756,91.77,0.0916,anomaly,silent_drift
4757,91.94,0.012,anomaly,silent_drift
4758,90.24,0.0839,anomaly,silent_drift
4759,92.06,0.0811,anomaly,silent_drift
4760,90.72,0.0718,anomaly,silent_drift
4761,92.08,0.0781,anomaly,silent_drift
4762,91.31,0.0444,anomaly,silent_drift
4763,90.89,0.0912,anomaly,silent_drift
4764,89.57,0.0931,anomaly,silent_drift
4765,90.42,0.0644,anomaly,silent_drift
4766,92.52,0.042,anomaly,silent_drift
4767,88.93,0.041,anomaly,silent_drift
4768,91.87,0.0024,anomaly,silent_drift
4769,91.08,0.0245,anomaly,silent_drift
4770,91.58,0.0718,anomaly,silent_drift
4771,91.76,0.0724,anomaly,silent_drift
4772,90.06,0.0841,anomaly,silent_drift
4773,91.14,0.0565,anomaly,silent_drift
4774,90.08,0.0431,anomaly,silent_drift
4775,89.36,0.082,anomaly,silent_drift
4776,90.12,0.007,anomaly,silent_drift
4777,91.89,0.0215,anomaly,silent_drift
4778,92.79,0.0361,anomaly,silent_drift
4779,92.45,0.0011,anomaly,silent_drift
4780,92.38,0.0609,anomaly,silent_drift
4781,91.18,0.0485,anomaly,silent_drift
4782,90.85,0.0674,anomaly,silent_drift
4783,92.65,0.0959,anomaly,silent_drift
4784,91.9,0.0492,anomaly,silent_drift
4785,90.75,0.0863,anomaly,silent_drift
4786,92.69,0.0743,anomaly,silent_drift
4787,92.96,0.0153,anomaly,silent_drift
4788,92.58,0.0584,anomaly,silent_drift
4789,91.67,0.0624,anomaly,silent_drift
4790,93.85,0.0261,anomaly,silent_drift
4791,92.47,0.0447,anomaly,silent_drift
4792,93.72,0.0734,anomaly,silent_drift
4793,93.52,0.0219,anomaly,silent_drift
4794,93.08,0.0371,anomaly,silent_drift
4795,94.31,0.049,anomaly,silent_drift
4796,95.1,0.009,anomaly,silent_drift
4797,91.94,0.0693,anomaly,silent_drift
4798,93.97,0.0331,anomaly,silent_drift
4799,94.86,0.0403,anomaly,silent_drift
4800,78.51,0.05,anomaly,silent_drift
4801,77.22,0.0123,anomaly,silent_drift
4802,80.82,0.0564,anomaly,silent_drift
4803,80.67,0.0659,anomaly,silent_drift
4804,78.86,0.0322,anomaly,silent_drift
4805,78.61,0.0402,anomaly,silent_drift
4806,78.76,0.0074,anomaly,silent_drift
4807,78.39,0.0142,anomaly,silent_drift
4808,78.09,0.0447,anomaly,silent_drift
4809,79.33,0.0563,anomaly,silent_drift
4810,79.06,0.0602,anomaly,silent_drift
4811,78.13,0.0223,anomaly,silent_drift
4812,79.54,0.0726,anomaly,silent_drift
4813,80.07,0.003,anomaly,silent_drift
4814,77.24,0.0957,anomaly,silent_drift
4815,80.15,0.0024,anomaly,silent_drift
4816,81.33,0.083,anomaly,silent_drift
4817,80.79,0.0487,anomaly,silent_drift
4818,81.37,0.0659,anomaly,silent_drift
4819,80.11,0.0001,anomaly,silent_drift
4820,81.04,0.0107,anomaly,silent_drift
4821,81.12,0.0657,anomaly,silent_drift
4822,80.42,0.0341,anomaly,silent_drift
4823,78.83,0.0167,anomaly,silent_drift
4824,79.85,0.0635,anomaly,silent_drift
4825,80.72,0.0842,anomaly,silent_drift
4826,82.54,0.0192,anomaly,silent_drift
4827,81.96,0.0291,anomaly,silent_drift
4828,80.89,0.0528,anomaly,silent_drift
4829,81.53,0.0565,anomaly,silent_drift
4830,81.07,0.026,anomaly,silent_drift
4831,82.73,0.0523,anomaly,silent_drift
4832,81.99,0.0538,anomaly,silent_drift
4833,82.47,0.018,anomaly,silent_drift
4834,80.89,0.087,anomaly,silent_drift
4835,81.27,0.0994,anomaly,silent_drift
4836,80.4,0.0035,anomaly,silent_drift
4837,79.54,0.0879,anomaly,silent_drift
4838,81.77,0.0641,anomaly,silent_drift
4839,80.44,0.0976,anomaly,silent_drift
4840,81.11,0.0254,anomaly,silent_drift
4841,82.38,0.0503,anomaly,silent_drift
4842,79.43,0.0964,anomaly,silent_drift
4843,79.92,0.0378,anomaly,silent_drift
4844,82.96,0.0514,anomaly,silent_drift
4845,79.1,0.0226,anomaly,silent_drift
4846,81.34,0.0518,anomaly,silent_drift
4847,80.62,0.0573,anomaly,silent_drift
4848,81.29,0.0625,anomaly,silent_drift
4849,80.71,0.0302,anomaly,silent_drift
4850,80.1,0.0712,anomaly,silent_drift
4851,80.82,0.0251,anomaly,silent_drift
4852,81.1,0.0423,anomaly,silent_drift
4853,82.03,0.0343,anomaly,silent_drift
4854,79.87,0.0669,anomaly,silent_drift
4855,81.48,0.0132,anomaly,silent_drift
4856,80.68,0.0863,anomaly,silent_drift
4857,80.08,0.0492,anomaly,silent_drift
4858,81.49,0.0325,anomaly,silent_drift
4859,79.87,0.0753,anomaly,silent_drift
4860,79.0,0.0138,anomaly,silent_drift
4861,80.18,0.0637,anomaly,silent_drift
4862,80.63,0.0208,anomaly,silent_drift
4863,79.71,0.0047,anomaly,silent_drift
4864,80.24,0.033,anomaly,silent_drift
4865,79.5,0.0436,anomaly,silent_drift
4866,79.41,0.0694,anomaly,silent_drift
4867,78.99,0.0843,anomaly,silent_drift
4868,78.66,0.0902,anomaly,silent_drift
4869,80.72,0.0708,anomaly,silent_drift
4870,80.8,0.0331,anomaly,silent_drift
4871,81.12,0.0248,anomaly,silent_drift
4872,80.39,0.0284,anomaly,silent_drift
4873,80.27,0.0504,anomaly,silent_drift
4874,81.49,0.0889,anomaly,silent_drift
4875,80.02,0.0746,anomaly,silent_drift
4876,80.24,0.0058,anomaly,silent_drift
4877,79.58,0.013,anomaly,silent_drift
4878,81.33,0.0771,anomaly,silent_drift
4879,80.59,0.0478,anomaly,silent_drift
4880,83.21,0.0943,anomaly,silent_drift
4881,82.06,0.0935,anomaly,silent_drift
4882,81.21,0.0359,anomaly,silent_drift
4883,83.08,0.0181,anomaly,silent_drift
4884,81.61,0.0789,anomaly,silent_drift
4885,79.52,0.0449,anomaly,silent_drift
4886,81.12,0.0722,anomaly,silent_drift
4887,81.69,0.0186,anomaly,silent_drift
4888,81.69,0.023,anomaly,silent_drift
4889,80.57,0.0057,anomaly,silent_drift
4890,81.55,0.0664,anomaly,silent_drift
4891,83.39,0.0509,anomaly,silent_drift
4892,83.28,0.0799,anomaly,silent_drift
4893,84.0,0.0503,anomaly,silent_drift
4894,82.44,0.0764,anomaly,silent_drift
4895,81.94,0.0147,anomaly,silent_drift
4896,82.89,0.0248,anomaly,silent_drift
4897,83.65,0.0951,anomaly,silent_drift
4898,83.09,0.0796,anomaly,silent_drift
4899,84.9,0.0047,anomaly,silent_drift
4900,85.0,0.0481,anomaly,silent_drift
4901,85.22,0.0434,anomaly,silent_drift
4902,84.45,0.0365,anomaly,silent_drift
4903,85.16,0.0783,anomaly,silent_drift
4904,85.45,0.0189,anomaly,silent_drift
4905,85.34,0.0999,anomaly,silent_drift
4906,84.3,0.0671,anomaly,silent_drift
4907,83.77,0.0724,anomaly,silent_drift
4908,85.02,0.007,anomaly,silent_drift
4909,85.66,0.0325,anomaly,silent_drift
4910,85.56,0.085,anomaly,silent_drift
4911,84.18,0.0028,anomaly,silent_drift
4912,86.6,0.0144,anomaly,silent_drift
4913,85.47,0.072,anomaly,silent_drift
4914,86.18,0.0428,anomaly,silent_drift
4915,86.1,0.0498,anomaly,silent_drift
4916,87.63,0.0545,anomaly,silent_drift
4917,85.73,0.0369,anomaly,silent_drift
4918,88.03,0.0221,anomaly,silent_drift
4919,87.95,0.081,anomaly,silent_drift
4920,86.82,0.0642,anomaly,silent_drift
4921,83.99,0.0663,anomaly,silent_drift
4922,87.78,0.028,anomaly,silent_drift
4923,87.19,0.0947,anomaly,silent_drift
4924,87.56,0.028,anomaly,silent_drift
4925,87.26,0.0515,anomaly,silent_drift
4926,87.15,0.0292,anomaly,silent_drift
4927,88.6,0.0031,anomaly,silent_drift
4928,86.26,0.0789,anomaly,silent_drift
4929,87.19,0.0457,anomaly,silent_drift
4930,87.27,0.0227,anomaly,silent_drift
4931,85.87,0.0512,anomaly,silent_drift
4932,88.14,0.055,anomaly,silent_drift
4933,85.57,0.0144,anomaly,silent_drift
4934,85.83,0.0748,anomaly,silent_drift
4935,87.69,0.0833,anomaly,silent_drift
4936,85.46,0.0068,anomaly,silent_drift
4937,85.31,0.0695,anomaly,silent_drift
4938,86.05,0.0448,anomaly,silent_drift
4939,86.98,0.0276,anomaly,silent_drift
4940,86.65,0.095,anomaly,silent_drift
4941,86.75,0.074,anomaly,silent_drift
4942,86.78,0.0498,anomaly,silent_drift
4943,85.49,0.0796,anomaly,silent_drift
4944,88.67,0.0813,anomaly,silent_drift
4945,86.97,0.0884,anomaly,silent_drift
4946,87.67,0.0704,anomaly,silent_drift
4947,84.95,0.0174,anomaly,silent_drift
4948,86.88,0.012,anomaly,silent_drift
4949,85.64,0.0732,anomaly,silent_drift
4950,85.74,0.0459,anomaly,silent_drift
4951,86.61,0.0131,anomaly,silent_drift
4952,85.18,0.0585,anomaly,silent_drift
4953,86.37,0.0443,anomaly,silent_drift
4954,84.92,0.0957,anomaly,silent_drift
4955,86.15,0.0109,anomaly,silent_drift
4956,87.3,0.0158,anomaly,silent_drift
4957,85.54,0.0586,anomaly,silent_drift
4958,84.45,0.0418,anomaly,silent_drift
4959,86.9,0.0735,anomaly,silent_drift
4960,85.98,0.0818,anomaly,silent_drift
4961,85.61,0.065,anomaly,silent_drift
4962,84.77,0.0794,anomaly,silent_drift
4963,86.01,0.0773,anomaly,silent_drift
4964,87.05,0.0413,anomaly,silent_drift
4965,85.22,0.0708,anomaly,silent_drift
4966,87.21,0.0061,anomaly,silent_drift
4967,87.24,0.069,anomaly,silent_drift
4968,85.99,0.0081,anomaly,silent_drift
4969,85.76,0.0823,anomaly,silent_drift
4970,85.24,0.0253,anomaly,silent_drift
4971,86.14,0.0177,anomaly,silent_drift
4972,86.12,0.0978,anomaly,silent_drift
4973,83.67,0.0136,anomaly,silent_drift
4974,87.43,0.0868,anomaly,silent_drift
4975,87.16,0.0342,anomaly,silent_drift
4976,86.41,0.0471,anomaly,silent_drift
4977,86.87,0.0637,anomaly,silent_drift
4978,85.85,0.0379,anomaly,silent_drift
4979,86.6,0.08,anomaly,silent_drift
4980,87.97,0.0595,anomaly,silent_drift
4981,87.98,0.07,anomaly,silent_drift
4982,85.36,0.0272,anomaly,silent_drift
4983,86.14,0.0905,anomaly,silent_drift
4984,89.27,0.0535,anomaly,silent_drift
4985,89.59,0.0781,anomaly,silent_drift
4986,88.82,0.0611,anomaly,silent_drift
4987,87.51,0.0717,anomaly,silent_drift
4988,88.66,0.0625,anomaly,silent_drift
4989,88.47,0.0688,anomaly,silent_drift
4990,87.75,0.0911,anomaly,silent_drift
4991,90.57,0.0686,anomaly,silent_drift
4992,91.24,0.0468,anomaly,silent_drift
4993,90.21,0.0312,anomaly,silent_drift
4994,88.41,0.0213,anomaly,silent_drift
4995,89.32,0.0464,anomaly,silent_drift
4996,91.45,0.0945,anomaly,silent_drift
4997,90.94,0.0523,anomaly,silent_drift
4998,88.7,0.0054,anomaly,silent_drift
4999,89.12,0.0001,anomaly,silent_drift
5000,137.15,0.0211,anomaly,silent_drift
5001,134.29,0.074,anomaly,silent_drift
5002,136.84,0.0432,anomaly,silent_drift
5003,136.98,0.0719,anomaly,silent_drift
5004,136.48,0.0467,anomaly,silent_drift
5005,136.85,0.0996,anomaly,silent_drift
5006,88.63,0.0066,anomaly,silent_drift
5007,88.76,0.0792,anomaly,silent_drift
5008,90.52,0.0064,anomaly,silent_drift
5009,90.57,0.0547,anomaly,silent_drift
5010,90.8,0.0162,anomaly,silent_drift
5011,90.94,0.0996,anomaly,silent_drift
5012,91.09,0.053,anomaly,silent_drift
5013,92.84,0.029,anomaly,silent_drift
5014,92.01,0.0752,anomaly,silent_drift
5015,93.01,0.0029,anomaly,silent_drift
5016,92.45,0.0119,anomaly,silent_drift
5017,92.72,0.059,anomaly,silent_drift
5018,92.98,0.0768,anomaly,silent_drift
5019,93.2,0.0727,anomaly,silent_drift
5020,92.29,0.0511,anomaly,silent_drift
5021,91.68,0.0448,anomaly,silent_drift
5022,93.32,0.0105,anomaly,silent_drift
5023,88.84,0.0722,anomaly,silent_drift
5024,92.43,0.0746,anomaly,silent_drift
5025,92.28,0.0925,anomaly,silent_drift
5026,93.09,0.0951,anomaly,silent_drift
5027,92.15,0.0916,anomaly,silent_drift
5028,91.6,0.0412,anomaly,silent_drift
5029,91.61,0.03,anomaly,silent_drift
5030,92.37,0.0065,anomaly,silent_drift
5031,92.6,0.0722,anomaly,silent_drift
5032,92.06,0.0233,anomaly,silent_drift
5033,90.52,0.0172,anomaly,silent_drift
5034,92.72,0.0391,anomaly,silent_drift
5035,90.83,0.078,anomaly,silent_drift
5036,93.01,0.0457,anomaly,silent_drift
5037,93.91,0.0673,anomaly,silent_drift
5038,91.44,0.0395,anomaly,silent_drift
5039,91.37,0.02,anomaly,silent_drift
5040,90.75,0.0122,anomaly,silent_drift
5041,92.03,0.0502,anomaly,silent_drift
5042,91.89,0.0952,anomaly,silent_drift
5043,91.13,0.0781,anomaly,silent_drift
5044,90.66,0.052,anomaly,silent_drift
5045,92.16,0.0987,anomaly,silent_drift
5046,91.1,0.0976,anomaly,silent_drift
5047,91.59,0.0153,anomaly,silent_drift
5048,90.62,0.0153,anomaly,silent_drift
5049,89.03,0.0948,anomaly,silent_drift
5050,91.16,0.0429,anomaly,silent_drift
5051,91.74,0.0081,anomaly,silent_drift
5052,92.5,0.0486,anomaly,silent_drift
5053,92.28,0.0651,anomaly,silent_drift
5054,89.99,0.0591,anomaly,silent_drift
5055,91.56,0.019,anomaly,silent_drift
5056,90.33,0.0768,anomaly,silent_drift
5057,89.2,0.0389,anomaly,silent_drift
5058,91.31,0.0591,anomaly,silent_drift
5059,90.75,0.0368,anomaly,silent_drift
5060,90.38,0.0381,anomaly,silent_drift
5061,90.41,0.0882,anomaly,silent_drift
5062,90.96,0.0299,anomaly,silent_drift
5063,92.75,0.0123,anomaly,silent_drift
5064,91.19,0.0206,anomaly,silent_drift
5065,92.26,0.0505,anomaly,silent_drift
5066,91.19,0.091,anomaly,silent_drift
5067,91.23,0.0313,anomaly,silent_drift
5068,91.91,0.05,anomaly,silent_drift
5069,92.8,0.0418,anomaly,silent_drift
5070,93.32,0.0888,anomaly,silent_drift
5071,93.87,0.0959,anomaly,silent_drift
5072,92.31,0.0645,anomaly,silent_drift
5073,93.15,0.0076,anomaly,silent_drift
5074,91.63,0.0664,anomaly,silent_drift
5075,92.46,0.0474,anomaly,silent_drift
5076,92.28,0.0456,anomaly,silent_drift
5077,90.79,0.0127,anomaly,silent_drift
5078,92.89,0.0018,anomaly,silent_drift
5079,93.08,0.0862,anomaly,silent_drift
5080,92.74,0.021,anomaly,silent_drift
5081,95.07,0.0216,anomaly,silent_drift
5082,93.84,0.0269,anomaly,silent_drift
5083,95.52,0.0247,anomaly,silent_drift
5084,95.01,0.0625,anomaly,silent_drift
5085,94.51,0.0295,anomaly,silent_drift
5086,94.28,0.0782,anomaly,silent_drift
5087,95.51,0.0811,anomaly,silent_drift
5088,95.76,0.0179,anomaly,silent_drift
5089,96.18,0.023,anomaly,silent_drift
5090,95.06,0.0179,anomaly,silent_drift
5091,96.52,0.0914,anomaly,silent_drift
5092,94.15,0.0817,anomaly,silent_drift
5093,95.67,0.0934,anomaly,silent_drift
5094,95.01,0.0068,anomaly,silent_drift
5095,95.77,0.0683,anomaly,silent_drift
5096,95.84,0.033,anomaly,silent_drift
5097,97.58,0.0359,anomaly,silent_drift
5098,96.95,0.0099,anomaly,silent_drift
5099,98.31,0.0671,anomaly,silent_drift
5100,79.3,0.1785,normal,none
5101,80.56,0.1202,normal,none
5102,79.42,0.1831,normal,none
5103,81.49,0.1676,normal,none
5104,80.85,0.1451,normal,none
5105,78.22,0.0902,normal,none
5106,80.58,0.1477,normal,none
5107,79.85,0.127,normal,none
5108,81.63,0.1477,normal,none
5109,79.5,0.1287,normal,none
5110,82.16,0.1777,normal,none
5111,82.12,0.1166,normal,none
5112,79.07,0.1518,normal,none
5113,80.72,0.0693,normal,none
5114,84.03,0.0776,normal,none
5115,82.27,0.116,normal,none
5116,79.28,0.1122,normal,none
5117,80.18,0.1762,normal,none
5118,77.82,0.0784,normal,none
5119,79.57,0.1118,normal,none
5120,80.65,0.1753,normal,none
5121,81.73,0.0609,normal,none
5122,79.73,0.0955,normal,none
5123,81.65,0.0962,normal,none
5124,80.58,0.1489,normal,none
5125,79.21,0.1928,normal,none
5126,79.67,0.1544,normal,none
5127,80.37,0.1221,normal,none
5128,80.56,0.0646,normal,none
5129,80.85,0.1823,normal,none
5130,80.49,0.0709,normal,none
5131,79.78,0.1797,normal,none
5132,78.45,0.1052,normal,none
5133,81.0,0.1491,normal,none
5134,78.93,0.1175,normal,none
5135,79.22,0.1701,normal,none
5136,78.48,0.196,normal,none
5137,80.22,0.0801,normal,none
5138,79.76,0.195,normal,none
5139,79.28,0.1757,normal,none
5140,79.76,0.0665,normal,none
5141,76.64,0.101,normal,none
5142,77.56,0.1687,normal,none
5143,80.35,0.0919,normal,none
5144,76.71,0.1359,normal,none
5145,78.91,0.0831,normal,none
5146,77.33,0.1604,normal,none
5147,78.33,0.1005,normal,none
5148,79.34,0.1788,normal,none
5149,79.09,0.0509,normal,none
5150,77.54,0.0663,normal,none
5151,80.61,0.1578,normal,none
5152,76.5,0.0675,normal,none
5153,78.47,0.1301,normal,none
5154,76.9,0.1131,normal,none
5155,76.29,0.1395,normal,none
5156,78.51,0.1894,normal,none
5157,76.64,0.1169,normal,none
5158,78.58,0.1462,normal,none
5159,77.81,0.1864,normal,none
5160,78.56,0.143,normal,none
5161,77.57,0.1265,normal,none
5162,76.92,0.1715,normal,none
5163,79.39,0.1661,normal,none
5164,77.61,0.197,normal,none
5165,77.98,0.1782,normal,none
5166,79.41,0.0794,normal,none
5167,79.1,0.0804,normal,none
5168,77.37,0.113,normal,none
5169,77.88,0.0522,normal,none
5170,77.05,0.1122,normal,none
5171,80.59,0.1433,normal,none
5172,78.71,0.1514,normal,none
5173,78.5,0.162,normal,none
5174,78.53,0.0622,normal,none
5175,76.83,0.1855,normal,none
5176,78.1,0.1035,normal,none
5177,78.35,0.1687,normal,none
5178,79.77,0.1031,normal,none
5179,80.35,0.1698,normal,none
5180,79.49,0.0837,normal,none
5181,79.32,0.0712,normal,none
5182,78.65,0.1653,normal,none
5183,78.68,0.1946,normal,none
5184,80.23,0.1326,normal,none
5185,78.48,0.1562,normal,none
5186,79.85,0.0869,normal,none
5187,80.03,0.0895,normal,none
5188,81.62,0.1476,normal,none
5189,80.27,0.1952,normal,none
5190,80.44,0.1799,normal,none
5191,81.37,0.1741,normal,none
5192,80.23,0.1102,normal,none
5193,82.02,0.1069,normal,none
5194,80.0,0.1128,normal,none
5195,80.3,0.1139,normal,none
5196,80.57,0.1883,normal,none
5197,80.2,0.0705,normal,none
5198,80.77,0.0749,normal,none
5199,81.41,0.0525,normal,none
5200,128.51,0.0677,anomaly,spike
5201,129.0,0.0669,anomaly,spike
5202,129.75,0.0001,anomaly,spike
5203,128.95,0.0226,anomaly,spike
5204,130.33,0.0519,anomaly,spike
5205,80.25,0.0761,normal,none
5206,81.5,0.1261,normal,none
5207,81.85,0.0874,normal,none
5208,79.48,0.1355,normal,none
5209,81.51,0.1312,normal,none
5210,80.61,0.1186,normal,none
5211,80.82,0.1275,normal,none
5212,81.62,0.1683,normal,none
5213,80.53,0.1424,normal,none
5214,81.47,0.1501,normal,none
5215,79.36,0.1414,normal,none
5216,80.32,0.1908,normal,none
5217,79.6,0.1104,normal,none
5218,81.03,0.1155,normal,none
5219,81.9,0.0853,normal,none
5220,80.21,0.17,normal,none
5221,80.89,0.1304,normal,none
5222,81.45,0.0849,normal,none
5223,81.41,0.1141,normal,none
5224,79.97,0.1671,normal,none
5225,81.74,0.0882,normal,none
5226,80.92,0.1479,normal,none
5227,79.38,0.101,normal,none
5228,81.39,0.1382,normal,none
5229,80.33,0.1571,normal,none
5230,78.86,0.1535,normal,none
5231,79.68,0.1849,normal,none
5232,80.83,0.0914,normal,none
5233,79.81,0.0741,normal,none
5234,77.83,0.1452,normal,none
5235,78.83,0.0629,normal,none
5236,78.52,0.1197,normal,none
5237,77.63,0.0834,normal,none
5238,79.17,0.0772,normal,none
5239,79.4,0.0728,normal,none
5240,80.46,0.16,normal,none
5241,79.39,0.1419,normal,none
5242,78.77,0.1549,normal,none
5243,79.13,0.1996,normal,none
5244,77.41,0.0825,normal,none
5245,77.91,0.1132,normal,none
5246,77.13,0.0763,normal,none
5247,78.73,0.0524,normal,none
5248,77.56,0.0632,normal,none
5249,78.07,0.1324,normal,none
5250,76.55,0.1368,normal,none
5251,77.26,0.1971,normal,none
5252,77.81,0.1596,normal,none
5253,79.33,0.1287,normal,none
5254,78.89,0.0506,normal,none
5255,77.05,0.1105,normal,none
5256,78.57,0.1599,normal,none
5257,79.11,0.1091,normal,none
5258,78.74,0.0723,normal,none
5259,78.79,0.141,normal,none
5260,78.27,0.1324,normal,none
5261,77.55,0.0782,normal,none
5262,78.49,0.142,normal,none
5263,77.84,0.1665,normal,none
5264,78.86,0.1004,normal,none
5265,77.11,0.1551,normal,none
5266,78.82,0.0528,normal,none
5267,78.66,0.1503,normal,none
5268,80.02,0.1567,normal,none
5269,80.46,0.1205,normal,none
5270,79.07,0.0771,normal,none
5271,78.35,0.0854,normal,none
5272,78.64,0.0529,normal,none
5273,79.62,0.0783,normal,none
5274,80.51,0.0549,normal,none
5275,79.93,0.1679,normal,none
5276,77.32,0.126,normal,none
5277,79.3,0.1537,normal,none
5278,80.33,0.07,normal,none
5279,80.95,0.0927,normal,none
5280,79.15,0.1655,normal,none
5281,79.53,0.1815,normal,none
5282,82.59,0.1174,normal,none
5283,79.71,0.1809,normal,none
5284,80.4,0.1193,normal,none
5285,79.94,0.1388,normal,none
5286,81.44,0.1555,normal,none
5287,80.56,0.1078,normal,none
5288,81.55,0.1721,normal,none
5289,80.09,0.1352,normal,none
5290,80.82,0.0901,normal,none
5291,80.32,0.1735,normal,none
5292,82.9,0.1988,normal,none
5293,81.41,0.1956,normal,none
5294,81.07,0.1611,normal,none
5295,81.5,0.052,normal,none
5296,83.23,0.1268,normal,none
5297,80.23,0.1354,normal,none
5298,80.99,0.1336,normal,none
5299,78.91,0.14,normal,none
5300,80.44,0.1207,normal,none
5301,79.91,0.1434,normal,none
5302,82.13,0.193,normal,none
5303,82.02,0.103,normal,none
5304,81.41,0.0655,normal,none
5305,81.12,0.128,normal,none
5306,80.59,0.0832,normal,none
5307,84.01,0.0906,normal,none
5308,80.96,0.1982,normal,none
5309,81.77,0.0862,normal,none
5310,80.73,0.1572,normal,none
5311,82.65,0.1635,normal,none
5312,80.46,0.1318,normal,none
5313,82.41,0.167,normal,none
5314,81.68,0.1462,normal,none
5315,80.87,0.1905,normal,none
5316,79.13,0.1762,normal,none
5317,81.43,0.0634,normal,none
5318,81.49,0.1892,normal,none
5319,79.57,0.1264,normal,none
5320,79.95,0.1725,normal,none
5321,80.5,0.1885,normal,none
5322,81.21,0.1742,normal,none
5323,79.33,0.066,normal,none
5324,78.98,0.1908,normal,none
5325,81.29,0.1807,normal,none
5326,80.3,0.1105,normal,none
5327,80.22,0.1481,normal,none
5328,78.76,0.1804,normal,none
5329,79.58,0.1164,normal,none
5330,78.33,0.0967,normal,none
5331,78.69,0.0575,normal,none
5332,77.64,0.1536,normal,none
5333,80.3,0.0846,normal,none
5334,78.35,0.116,normal,none
5335,78.58,0.1609,normal,none
5336,79.26,0.0977,normal,none
5337,78.36,0.0906,normal,none
5338,78.45,0.19,normal,none
5339,77.17,0.1333,normal,none
5340,77.92,0.1164,normal,none
5341,77.17,0.1645,normal,none
5342,79.36,0.0966,normal,none
5343,78.76,0.1611,normal,none
5344,79.49,0.0732,normal,none
5345,77.95,0.1749,normal,none
5346,79.75,0.1888,normal,none
5347,77.49,0.0551,normal,none
5348,79.14,0.1967,normal,none
5349,78.72,0.0971,normal,none
5350,79.0,0.0707,normal,none
5351,78.08,0.0658,normal,none
5352,77.43,0.0622,normal,none
5353,77.69,0.147,normal,none
5354,77.74,0.1352,normal,none
5355,76.73,0.0713,normal,none
5356,78.75,0.1363,normal,none
5357,78.6,0.121,normal,none
5358,76.98,0.1513,normal,none
5359,78.37,0.1034,normal,none
5360,79.08,0.1866,normal,none
5361,77.58,0.176,normal,none
5362,80.93,0.1698,normal,none
5363,78.61,0.1618,normal,none
5364,79.35,0.0977,normal,none
5365,80.86,0.173,normal,none
5366,79.58,0.0811,normal,none
5367,78.93,0.1365,normal,none
5368,80.43,0.1307,normal,none
5369,81.0,0.1983,normal,none
5370,79.1,0.0775,normal,none
5371,79.42,0.1859,normal,none
5372,79.62,0.0615,normal,none
5373,79.47,0.0544,normal,none
5374,80.14,0.1472,normal,none
5375,80.25,0.1097,normal,none
5376,80.72,0.1919,normal,none
5377,80.23,0.0503,normal,none
5378,81.0,0.1801,normal,none
5379,81.22,0.1381,normal,none
5380,80.66,0.0705,normal,none
5381,82.43,0.1153,normal,none
5382,79.98,0.1628,normal,none
5383,82.9,0.1372,normal,none
5384,80.75,0.0831,normal,none
5385,81.11,0.1442,normal,none
5386,79.86,0.1346,normal,none
5387,81.44,0.0965,normal,none
5388,82.34,0.1405,normal,none
5389,79.53,0.1442,normal,none
5390,80.78,0.1892,normal,none
5391,80.98,0.1685,normal,none
5392,82.86,0.0519,normal,none
5393,81.87,0.1351,normal,none
5394,82.88,0.1403,normal,none
5395,82.8,0.1599,normal,none
5396,80.83,0.0726,normal,none
5397,83.59,0.1734,normal,none
5398,85.18,0.1247,normal,none
5399,82.96,0.0978,normal,none
5400,110.22,2.0614,walking,walking
5401,109.62,1.8778,walking,walking
5402,110.43,2.2631,walking,walking
5403,112.48,2.0554,walking,walking
5404,109.07,1.7073,walking,walking
5405,111.94,2.3593,walking,walking
5406,110.21,1.4461,walking,walking
5407,110.7,1.1666,walking,walking
5408,110.11,1.5106,walking,walking
5409,111.48,1.6739,walking,walking
5410,111.3,2.2474,walking,walking
5411,111.81,2.3629,walking,walking
5412,109.27,1.2625,walking,walking
5413,110.38,1.0378,walking,walking
5414,109.91,1.6828,walking,walking
5415,110.86,2.0968,walking,walking
5416,108.67,0.8064,walking,walking
5417,109.14,1.3392,walking,walking
5418,109.49,1.4653,walking,walking
5419,111.08,1.4343,walking,walking
5420,108.57,0.9688,walking,walking
5421,110.37,1.9973,walking,walking
5422,109.59,1.0404,walking,walking
5423,109.47,1.3316,walking,walking
5424,108.58,1.2547,walking,walking
5425,110.57,1.8147,walking,walking
5426,107.92,1.7016,walking,walking
5427,107.76,2.1512,walking,walking
5428,108.81,1.3879,walking,walking
5429,109.21,1.1258,walking,walking
5430,108.04,0.8336,walking,walking
5431,108.64,1.3052,walking,walking
5432,106.7,1.4818,walking,walking
5433,108.18,2.0716,walking,walking
5434,108.25,2.3095,walking,walking
5435,108.11,0.9471,walking,walking
5436,108.48,2.4636,walking,walking
5437,108.02,2.0514,walking,walking
5438,105.73,2.2372,walking,walking
5439,107.7,1.6651,walking,walking
5440,107.53,1.2129,walking,walking
5441,106.79,1.1319,walking,walking
5442,108.51,2.4763,walking,walking
5443,107.78,2.3854,walking,walking
5444,106.29,2.0939,walking,walking
5445,107.36,2.1275,walking,walking
5446,106.66,2.419,walking,walking
5447,106.9,0.9348,walking,walking
5448,106.29,1.5023,walking,walking
5449,106.83,2.1366,walking,walking
5450,106.8,1.4085,walking,walking
5451,107.79,1.6746,walking,walking
5452,107.15,1.8756,walking,walking
5453,106.94,1.9021,walking,walking
5454,106.46,1.1245,walking,walking
5455,108.21,2.1799,walking,walking
5456,108.93,2.4636,walking,walking
5457,107.44,1.9696,walking,walking
5458,106.9,2.1882,walking,walking
5459,107.33,1.8462,walking,walking
5460,107.75,1.6965,walking,walking
5461,106.75,1.6537,walking,walking
5462,108.82,2.0579,walking,walking
5463,105.05,0.8397,walking,walking
5464,108.57,1.0853,walking,walking
5465,108.84,1.4883,walking,walking
5466,110.76,1.005,walking,walking
5467,109.45,1.6324,walking,walking
5468,108.55,2.3161,walking,walking
5469,108.52,2.1365,walking,walking
5470,109.86,2.3473,walking,walking
5471,110.77,1.896,walking,walking
5472,110.1,1.5686,walking,walking
5473,109.23,1.4725,walking,walking
5474,110.61,1.4573,walking,walking
5475,110.81,2.4436,walking,walking
5476,108.26,1.5704,walking,walking
5477,109.96,1.4687,walking,walking
5478,109.61,2.4885,walking,walking
5479,109.64,1.3474,walking,walking
5480,110.45,2.0522,walking,walking
5481,110.15,1.5946,walking,walking
5482,110.19,2.2698,walking,walking
5483,109.01,1.8535,walking,walking
5484,110.64,0.8608,walking,walking
5485,112.76,2.0437,walking,walking
5486,110.55,2.096,walking,walking
5487,109.55,1.6558,walking,walking
5488,110.68,1.7889,walking,walking
5489,111.72,2.3414,walking,walking
5490,111.65,2.3909,walking,walking
5491,111.12,1.0654,walking,walking
5492,110.55,1.0698,walking,walking
5493,110.79,1.723,walking,walking
5494,111.28,0.9963,walking,walking
5495,110.04,0.9308,walking,walking
5496,112.38,2.329,walking,walking
5497,110.26,1.9449,walking,walking
5498,111.43,1.7899,walking,walking
5499,110.52,1.0936,walking,walking
5500,111.48,2.2307,walking,walking
5501,111.27,2.1405,walking,walking
5502,110.89,1.0814,walking,walking
5503,110.19,0.9121,walking,walking
5504,110.15,1.8619,walking,walking
5505,110.4,1.6376,walking,walking
5506,109.77,1.7041,walking,walking
5507,111.06,1.7785,walking,walking
5508,112.2,0.8364,walking,walking
5509,111.15,1.7497,walking,walking
5510,110.59,1.7105,walking,walking
5511,109.88,2.2927,walking,walking
5512,108.93,0.9319,walking,walking
5513,108.97,1.0355,walking,walking
5514,110.5,2.2025,walking,walking
5515,109.54,0.9855,walking,walking
5516,110.06,1.196,walking,walking
5517,109.74,2.2214,walking,walking
5518,110.17,2.4075,walking,walking
5519,107.73,1.3091,walking,walking
5520,109.18,0.882,walking,walking
5521,108.39,1.6689,walking,walking
5522,109.45,2.3441,walking,walking
5523,108.97,1.6684,walking,walking
5524,109.69,1.723,walking,walking
5525,110.75,1.6146,walking,walking
5526,109.31,2.0309,walking,walking
5527,107.62,2.3775,walking,walking
5528,108.08,2.2019,walking,walking
5529,106.7,1.4717,walking,walking
5530,107.69,1.9256,walking,walking
5531,108.43,1.8581,walking,walking
5532,108.19,1.6963,walking,walking
5533,108.68,1.8922,walking,walking
5534,108.34,0.8065,walking,walking
5535,107.17,2.2865,walking,walking
5536,109.11,1.2411,walking,walking
5537,107.43,1.0635,walking,walking
5538,106.83,1.4492,walking,walking
5539,108.96,2.2508,walking,walking
5540,107.35,2.4669,walking,walking
5541,105.33,1.0039,walking,walking
5542,108.56,1.4008,walking,walking
5543,108.27,1.8591,walking,walking
5544,106.99,1.4502,walking,walking
5545,107.29,2.1499,walking,walking
5546,107.43,1.1537,walking,walking
5547,103.75,1.1311,walking,walking
5548,108.22,2.2814,walking,walking
5549,109.69,1.33,walking,walking
5550,107.64,1.0825,walking,walking
5551,108.75,2.4869,walking,walking
5552,108.56,1.8668,walking,walking
5553,107.8,1.8437,walking,walking
5554,108.46,2.4492,walking,walking
5555,110.03,1.3068,walking,walking
5556,109.02,2.2888,walking,walking
5557,108.98,1.7079,walking,walking
5558,107.5,0.9647,walking,walking
5559,110.16,0.9339,walking,walking
5560,109.3,0.8289,walking,walking
5561,107.68,1.2525,walking,walking
5562,107.47,0.9629,walking,walking
5563,108.43,2.4949,walking,walking
5564,110.14,1.0768,walking,walking
5565,109.04,1.1222,walking,walking
5566,109.19,1.3172,walking,walking
5567,110.06,1.0609,walking,walking
5568,108.72,2.4461,walking,walking
5569,111.58,2.0438,walking,walking
5570,109.58,0.8026,walking,walking
5571,108.87,0.8305,walking,walking
5572,109.84,1.1168,walking,walking
5573,110.7,1.5833,walking,walking
5574,108.72,1.4955,walking,walking
5575,111.31,0.8586,walking,walking
5576,110.55,0.9276,walking,walking
5577,110.63,0.9629,walking,walking
5578,109.91,1.0281,walking,walking
5579,110.16,2.1409,walking,walking
5580,111.89,1.2196,walking,walking
5581,111.54,1.8116,walking,walking
5582,108.11,1.0001,walking,walking
5583,110.4,1.2498,walking,walking
5584,112.28,1.4085,walking,walking
5585,110.16,2.1674,walking,walking
5586,112.59,2.2577,walking,walking
5587,113.35,1.6527,walking,walking
5588,111.09,0.9548,walking,walking
5589,110.54,2.0546,walking,walking
5590,111.59,1.9429,walking,walking
5591,111.73,1.3927,walking,walking
5592,112.1,1.3344,walking,walking
5593,111.67,2.3285,walking,walking
5594,112.72,2.1467,walking,walking
5595,110.45,2.4319,walking,walking
5596,108.93,2.1792,walking,walking
5597,112.18,2.3546,walking,walking
5598,110.17,1.7795,walking,walking
5599,110.38,0.8394,walking,walking
5600,112.57,1.5908,walking,walking
5601,109.93,1.9602,walking,walking
5602,110.58,1.282,walking,walking
5603,110.32,1.7866,walking,walking
5604,109.91,1.7144,walking,walking
5605,110.91,2.3916,walking,walking
5606,109.93,2.005,walking,walking
5607,111.16,1.535,walking,walking
5608,110.69,1.4183,walking,walking
5609,109.43,2.0607,walking,walking
5610,110.31,2.3965,walking,walking
5611,109.87,0.8404,walking,walking
5612,112.69,1.5685,walking,walking
5613,109.38,1.455,walking,walking
5614,108.06,1.4557,walking,walking
5615,109.04,2.2127,walking,walking
5616,110.24,2.1102,walking,walking
5617,109.7,2.0979,walking,walking
5618,109.24,1.8879,walking,walking
5619,109.44,1.3856,walking,walking
5620,109.3,0.9482,walking,walking
5621,110.22,1.5773,walking,walking
5622,109.29,1.0663,walking,walking
5623,110.04,2.0277,walking,walking
5624,107.87,0.8818,walking,walking
5625,109.65,1.8564,walking,walking
5626,109.25,1.0867,walking,walking
5627,109.08,2.0312,walking,walking
5628,109.4,2.1437,walking,walking
5629,108.15,1.6738,walking,walking
5630,108.65,2.3093,walking,walking
5631,107.23,2.2704,walking,walking
5632,106.6,1.8032,walking,walking
5633,110.29,2.2351,walking,walking
5634,109.05,2.2125,walking,walking
5635,108.01,2.3128,walking,walking
5636,106.79,2.4861,walking,walking
5637,107.53,0.8701,walking,walking
5638,108.68,1.1468,walking,walking
5639,108.03,2.048,walking,walking
5640,109.43,1.4577,walking,walking
5641,108.96,1.6947,walking,walking
5642,107.46,1.1257,walking,walking
5643,107.02,1.783,walking,walking
5644,106.68,2.2919,walking,walking
5645,108.79,1.5054,walking,walking
5646,108.31,2.154,walking,walking
5647,108.84,1.4635,walking,walking
5648,108.59,2.059,walking,walking
5649,108.04,1.7974,walking,walking
5650,106.83,1.2331,walking,walking
5651,107.4,1.1736,walking,walking
5652,108.7,2.4278,walking,walking
5653,109.08,1.8426,walking,walking
5654,107.2,2.4954,walking,walking
5655,108.96,0.83,walking,walking
5656,107.78,1.4654,walking,walking
5657,108.23,1.5706,walking,walking
5658,108.76,1.4588,walking,walking
5659,109.72,1.4248,walking,walking
5660,108.57,2.457,walking,walking
5661,109.4,1.7547,walking,walking
5662,108.48,2.4756,walking,walking
5663,109.16,1.7375,walking,walking
5664,109.75,1.6396,walking,walking
5665,109.14,1.9353,walking,walking
5666,110.55,1.5123,walking,walking
5667,108.52,1.338,walking,walking
5668,109.33,2.0261,walking,walking
5669,110.86,1.7715,walking,walking
5670,108.92,1.9208,walking,walking
5671,111.08,1.0143,walking,walking
5672,109.02,2.0364,walking,walking
5673,110.65,1.0335,walking,walking
5674,112.47,2.0133,walking,walking
5675,112.12,1.279,walking,walking
5676,109.98,2.2099,walking,walking
5677,107.85,1.0433,walking,walking
5678,112.46,1.2883,walking,walking
5679,110.99,1.153,walking,walking
5680,110.57,1.4465,walking,walking
5681,111.4,1.0604,walking,walking
5682,110.98,1.4957,walking,walking
5683,110.79,1.8284,walking,walking
5684,111.08,1.8791,walking,walking
5685,110.05,1.6698,walking,walking
5686,112.39,1.3654,walking,walking
5687,111.08,1.0095,walking,walking
5688,110.83,1.1787,walking,walking
5689,111.52,1.7773,walking,walking
5690,111.07,2.4431,walking,walking
5691,109.99,2.1058,walking,walking
5692,109.98,2.4254,walking,walking
5693,111.95,2.3584,walking,walking
5694,110.4,1.607,walking,walking
5695,110.33,0.9813,walking,walking
5696,111.42,1.2603,walking,walking
5697,111.64,1.0727,walking,walking
5698,112.21,1.8674,walking,walking
5699,110.78,0.9185,walking,walking
5700,110.1,1.2115,walking,walking
5701,110.67,1.564,walking,walking
5702,110.69,1.1601,walking,walking
5703,108.95,2.246,walking,walking
5704,109.1,2.0626,walking,walking
5705,109.82,1.162,walking,walking
5706,109.89,1.7741,walking,walking
5707,109.49,0.9831,walking,walking
5708,111.83,2.4092,walking,walking
5709,110.42,0.9928,walking,walking
5710,109.21,1.7292,walking,walking
5711,109.35,2.3054,walking,walking
5712,109.86,1.184,walking,walking
5713,109.32,1.6391,walking,walking
5714,107.53,2.3861,walking,walking
5715,108.68,1.5593,walking,walking
5716,108.16,1.433,walking,walking
5717,106.35,2.1489,walking,walking
5718,107.55,1.0028,walking,walking
5719,107.48,1.1183,walking,walking
5720,107.68,2.1367,walking,walking
5721,108.85,2.4696,walking,walking
5722,110.01,1.1793,walking,walking
5723,109.78,0.8506,walking,walking
5724,108.57,1.6603,walking,walking
5725,109.34,1.14,walking,walking
5726,108.53,1.4405,walking,walking
5727,106.44,1.427,walking,walking
5728,108.1,1.6506,walking,walking
5729,110.02,1.0218,walking,walking
5730,109.72,2.2293,walking,walking
5731,109.76,2.3423,walking,walking
5732,108.74,2.2557,walking,walking
5733,107.23,2.4319,walking,walking
5734,109.4,1.0112,walking,walking
5735,106.97,1.6618,walking,walking
5736,107.74,2.1771,walking,walking
5737,109.74,2.3189,walking,walking
5738,108.22,1.867,walking,walking
5739,107.88,0.872,walking,walking
5740,108.4,1.142,walking,walking
5741,108.57,0.9597,walking,walking
5742,109.88,1.0965,walking,walking
5743,107.9,1.676,walking,walking
5744,107.33,1.0546,walking,walking
5745,108.77,1.2106,walking,walking
5746,111.35,1.4237,walking,walking
5747,106.82,2.0557,walking,walking
5748,107.91,2.1767,walking,walking
5749,109.01,1.2183,walking,walking
5750,110.17,2.3503,walking,walking
5751,109.26,0.9015,walking,walking
5752,109.3,1.4545,walking,walking
5753,109.13,1.3949,walking,walking
5754,109.74,0.907,walking,walking
5755,107.39,2.2413,walking,walking
5756,109.9,1.596,walking,walking
5757,110.52,1.539,walking,walking
5758,111.85,2.0239,walking,walking
5759,110.01,1.3662,walking,walking
5760,111.26,1.6139,walking,walking
5761,110.12,0.8889,walking,walking
5762,110.54,1.7207,walking,walking
5763,110.35,0.9753,walking,walking
5764,111.53,0.8367,walking,walking
5765,111.03,1.5652,walking,walking
5766,109.92,2.2073,walking,walking
5767,109.89,1.9622,walking,walking
5768,110.92,1.465,walking,walking
5769,110.0,1.4321,walking,walking
5770,111.91,2.3211,walking,walking
5771,111.1,0.9193,walking,walking
5772,111.19,0.8194,walking,walking
5773,110.33,1.8919,walking,walking
5774,112.12,2.249,walking,walking
5775,111.71,2.3861,walking,walking
5776,111.11,1.4823,walking,walking
5777,111.71,1.4602,walking,walking
5778,111.34,2.4642,walking,walking
5779,112.8,1.5307,walking,walking
5780,109.23,1.2277,walking,walking
5781,110.24,1.062,walking,walking
5782,110.56,1.6216,walking,walking
5783,112.24,1.368,walking,walking
5784,110.92,1.6817,walking,walking
5785,113.3,1.9632,walking,walking
5786,111.84,1.8679,walking,walking
5787,109.7,1.8021,walking,walking
5788,111.75,1.1606,walking,walking
5789,110.91,1.3978,walking,walking
5790,109.88,1.1912,walking,walking
5791,111.88,1.0596,walking,walking
5792,110.59,1.1626,walking,walking
5793,113.12,2.0735,walking,walking
5794,111.83,1.0319,walking,walking
5795,111.5,1.864,walking,walking
5796,110.93,2.2986,walking,walking
5797,110.28,1.7152,walking,walking
5798,111.45,1.5019,walking,walking
5799,110.76,1.3247,walking,walking
5800,0.0,0.0,anomaly,drop_out
5801,0.0,0.0,anomaly,drop_out
5802,0.0,0.0,anomaly,drop_out
5803,0.0,0.0,anomaly,drop_out
5804,0.0,0.0,anomaly,drop_out
5805,0.0,0.0,anomaly,drop_out
5806,0.0,0.0,anomaly,drop_out
5807,0.0,0.0,anomaly,drop_out
5808,0.0,0.0,anomaly,drop_out
5809,0.0,0.0,anomaly,drop_out
5810,0.0,0.0,anomaly,drop_out
5811,0.0,0.0,anomaly,drop_out
5812,0.0,0.0,anomaly,drop_out
5813,0.0,0.0,anomaly,drop_out
5814,0.0,0.0,anomaly,drop_out
5815,0.0,0.0,anomaly,drop_out
5816,0.0,0.0,anomaly,drop_out
5817,0.0,0.0,anomaly,drop_out
5818,0.0,0.0,anomaly,drop_out
5819,0.0,0.0,anomaly,drop_out
5820,0.0,0.0,anomaly,drop_out
5821,0.0,0.0,anomaly,drop_out
5822,0.0,0.0,anomaly,drop_out
5823,0.0,0.0,anomaly,drop_out
5824,0.0,0.0,anomaly,drop_out
5825,109.16,0.982,walking,walking
5826,107.51,0.9986,walking,walking
5827,107.34,2.4948,walking,walking
5828,108.64,2.0203,walking,walking
5829,109.79,1.6001,walking,walking
5830,107.84,2.4521,walking,walking
5831,107.56,1.5665,walking,walking
5832,110.93,2.0065,walking,walking
5833,110.02,0.8071,walking,walking
5834,107.95,1.1351,walking,walking
5835,108.94,2.1729,walking,walking
5836,108.61,1.3466,walking,walking
5837,107.83,0.9935,walking,walking
5838,109.38,1.2792,walking,walking
5839,108.76,2.4124,walking,walking
5840,107.21,2.2162,walking,walking
5841,107.69,1.3662,walking,walking
5842,108.84,1.6207,walking,walking
5843,109.7,1.7833,walking,walking
5844,108.97,1.5277,walking,walking
5845,111.32,2.1335,walking,walking
5846,109.64,1.6783,walking,walking
5847,108.5,1.8835,walking,walking
5848,109.82,2.0118,walking,walking
5849,108.45,1.4132,walking,walking
5850,110.34,1.269,walking,walking
5851,109.54,2.0556,walking,walking
5852,109.89,0.9535,walking,walking
5853,111.01,1.8445,walking,walking
5854,109.05,1.515,walking,walking
5855,108.95,1.1903,walking,walking
5856,109.38,2.3812,walking,walking
5857,110.98,1.3589,walking,walking
5858,109.87,2.3261,walking,walking
5859,111.93,1.3032,walking,walking
5860,111.64,1.9099,walking,walking
5861,109.76,1.196,walking,walking
5862,111.77,0.8307,walking,walking
5863,109.78,1.4127,walking,walking
5864,112.88,1.7748,walking,walking
5865,110.27,1.02,walking,walking
5866,110.93,2.3076,walking,walking
5867,111.89,2.3694,walking,walking
5868,110.3,2.332,walking,walking
5869,108.91,2.2101,walking,walking
5870,112.64,0.8296,walking,walking
5871,111.41,0.9168,walking,walking
5872,112.52,1.7902,walking,walking
5873,110.62,1.9815,walking,walking
5874,110.26,1.4564,walking,walking
5875,110.43,2.2071,walking,walking
5876,112.9,2.1926,walking,walking
5877,111.66,1.7068,walking,walking
5878,109.94,1.6033,walking,walking
5879,112.57,2.4039,walking,walking
5880,110.95,1.7604,walking,walking
5881,112.59,2.2855,walking,walking
5882,109.89,1.6634,walking,walking
5883,111.62,1.3481,walking,walking
5884,111.45,1.8112,walking,walking
5885,111.57,1.8192,walking,walking
5886,109.77,1.2103,walking,walking
5887,110.11,2.1867,walking,walking
5888,110.03,0.9511,walking,walking
5889,112.38,1.5385,walking,walking
5890,111.42,1.9999,walking,walking
5891,111.4,2.3414,walking,walking
5892,110.66,1.1398,walking,walking
5893,109.57,2.1992,walking,walking
5894,110.72,1.5111,walking,walking
5895,108.64,1.6445,walking,walking
5896,110.12,0.8801,walking,walking
5897,110.95,0.9574,walking,walking
5898,110.1,1.4363,walking,walking
5899,110.89,2.4902,walking,walking
5900,109.24,2.2617,walking,walking
5901,108.27,2.1664,walking,walking
5902,110.35,1.7262,walking,walking
5903,109.71,2.3811,walking,walking
5904,108.19,2.2206,walking,walking
5905,108.44,1.9813,walking,walking
5906,111.07,1.7859,walking,walking
5907,110.22,2.1262,walking,walking
5908,108.71,0.9203,walking,walking
5909,109.52,1.7304,walking,walking
5910,110.24,2.4659,walking,walking
5911,110.41,1.4758,walking,walking
5912,110.44,1.169,walking,walking
5913,110.16,2.2935,walking,walking
5914,108.49,1.592,walking,walking
5915,109.09,1.1365,walking,walking
5916,109.46,2.4691,walking,walking
5917,108.65,1.4981,walking,walking
5918,107.7,1.1064,walking,walking
5919,109.07,2.4871,walking,walking
5920,108.94,2.2162,walking,walking
5921,109.23,1.907,walking,walking
5922,108.59,2.4505,walking,walking
5923,109.87,2.4887,walking,walking
5924,107.57,2.205,walking,walking
5925,109.5,1.9879,walking,walking
5926,108.73,2.0143,walking,walking
5927,108.22,2.4897,walking,walking
5928,106.07,1.6714,walking,walking
5929,108.45,1.0823,walking,walking
5930,110.14,2.2998,walking,walking
5931,109.05,1.0905,walking,walking
5932,107.5,1.5421,walking,walking
5933,107.99,1.7564,walking,walking
5934,106.96,1.1453,walking,walking
5935,107.55,0.9504,walking,walking
5936,109.96,1.3353,walking,walking
5937,108.55,2.0223,walking,walking
5938,107.44,1.2451,walking,walking
5939,109.48,2.4341,walking,walking
5940,109.21,1.5647,walking,walking
5941,110.95,1.4982,walking,walking
5942,106.95,2.246,walking,walking
5943,108.65,1.3557,walking,walking
5944,109.68,1.7842,walking,walking
5945,108.93,1.4785,walking,walking
5946,110.68,1.599,walking,walking
5947,110.26,1.2102,walking,walking
5948,110.28,1.716,walking,walking
5949,109.82,1.5971,walking,walking
5950,110.31,2.0964,walking,walking
5951,111.06,2.4482,walking,walking
5952,111.47,1.1794,walking,walking
5953,111.96,2.2043,walking,walking
5954,109.05,2.3987,walking,walking
5955,112.45,2.4501,walking,walking
5956,109.34,1.7429,walking,walking
5957,111.28,2.4924,walking,walking
5958,111.05,1.0171,walking,walking
5959,110.17,1.2626,walking,walking
5960,110.36,0.8836,walking,walking
5961,108.93,1.6987,walking,walking
5962,110.44,1.0352,walking,walking
5963,111.16,1.7778,walking,walking
5964,111.35,1.1247,walking,walking
5965,111.5,2.1073,walking,walking
5966,112.05,2.4161,walking,walking
5967,111.26,1.9348,walking,walking
5968,111.12,0.9738,walking,walking
5969,111.81,1.9687,walking,walking
5970,111.7,1.0304,walking,walking
5971,111.93,1.5913,walking,walking
5972,110.6,1.1349,walking,walking
5973,112.29,1.8609,walking,walking
5974,110.55,2.1947,walking,walking
5975,112.05,2.0069,walking,walking
5976,111.44,0.8291,walking,walking
5977,111.07,2.4427,walking,walking
5978,111.16,0.9941,walking,walking
5979,113.7,2.4799,walking,walking
5980,110.99,1.3922,walking,walking
5981,111.61,1.3876,walking,walking
5982,112.28,1.022,walking,walking
5983,110.97,2.174,walking,walking
5984,112.13,1.1764,walking,walking
5985,110.68,1.5359,walking,walking
5986,111.31,1.0543,walking,walking
5987,109.88,1.4479,walking,walking
5988,110.48,1.0213,walking,walking
5989,111.01,0.9707,walking,walking
5990,112.13,0.8972,walking,walking
5991,112.56,2.2124,walking,walking
5992,109.44,2.0758,walking,walking
5993,110.32,1.1401,walking,walking
5994,111.77,2.1529,walking,walking
5995,107.93,1.0088,walking,walking
5996,111.16,1.5893,walking,walking
5997,109.36,0.8652,walking,walking
5998,110.06,2.0511,walking,walking
5999,108.24,1.7232,walking,walking
6000,81.22,0.0951,normal,none
6001,78.4,0.1431,normal,none
6002,82.45,0.0707,normal,none
6003,80.5,0.1545,normal,none
6004,80.78,0.1582,normal,none
6005,79.22,0.1722,normal,none
6006,80.33,0.0712,normal,none
6007,81.17,0.1105,normal,none
6008,80.35,0.1091,normal,none
6009,80.22,0.1234,normal,none
6010,78.62,0.1929,normal,none
6011,79.23,0.1137,normal,none
6012,80.8,0.1306,normal,none
6013,78.49,0.089,normal,none
6014,80.04,0.1145,normal,none
6015,79.08,0.1014,normal,none
6016,81.48,0.1358,normal,none
6017,78.86,0.1971,normal,none
6018,79.54,0.0844,normal,none
6019,79.72,0.1453,normal,none
6020,78.91,0.0839,normal,none
6021,80.78,0.0971,normal,none
6022,78.53,0.1804,normal,none
6023,79.26,0.0983,normal,none
6024,78.61,0.0597,normal,none
6025,79.2,0.1637,normal,none
6026,80.67,0.056,normal,none
6027,79.45,0.0931,normal,none
6028,79.42,0.0941,normal,none
6029,78.93,0.1243,normal,none
6030,78.17,0.0712,normal,none
6031,80.81,0.1036,normal,none
6032,79.19,0.1974,normal,none
6033,80.26,0.1865,normal,none
6034,79.12,0.1984,normal,none
6035,78.62,0.1214,normal,none
6036,80.48,0.1594,normal,none
6037,79.39,0.111,normal,none
6038,80.84,0.0762,normal,none
6039,80.64,0.1544,normal,none
6040,78.45,0.0545,normal,none
6041,81.37,0.1715,normal,none
6042,81.98,0.0993,normal,none
6043,78.61,0.1557,normal,none
6044,79.68,0.0591,normal,none
6045,80.21,0.0613,normal,none
6046,81.37,0.1446,normal,none
6047,81.55,0.1743,normal,none
6048,81.71,0.1273,normal,none
6049,81.63,0.0653,normal,none
6050,79.55,0.1174,normal,none
6051,81.35,0.0611,normal,none
6052,81.75,0.1406,normal,none
6053,79.18,0.1656,normal,none
6054,81.69,0.0795,normal,none
6055,82.77,0.184,normal,none
6056,80.63,0.0689,normal,none
6057,82.42,0.1264,normal,none
6058,81.58,0.1399,normal,none
6059,81.87,0.1915,normal,none
6060,82.21,0.1652,normal,none
6061,82.05,0.077,normal,none
6062,82.45,0.0618,normal,none
6063,83.25,0.1323,normal,none
6064,82.9,0.1704,normal,none
6065,83.33,0.1836,normal,none
6066,82.65,0.1731,normal,none
6067,83.94,0.1142,normal,none
6068,81.49,0.1836,normal,none
6069,83.66,0.0955,normal,none
6070,82.13,0.0572,normal,none
6071,82.3,0.0776,normal,none
6072,82.69,0.1128,normal,none
6073,83.43,0.1802,normal,none
6074,83.4,0.1535,normal,none
6075,83.54,0.0997,normal,none
6076,80.62,0.1805,normal,none
6077,83.24,0.1181,normal,none
6078,82.05,0.1607,normal,none
6079,82.05,0.0989,normal,none
6080,82.66,0.0534,normal,none
6081,81.98,0.0815,normal,none
6082,83.19,0.1758,normal,none
6083,80.98,0.1416,normal,none
6084,81.45,0.1193,normal,none
6085,82.98,0.1258,normal,none
6086,80.8,0.0676,normal,none
6087,82.66,0.0938,normal,none
6088,82.02,0.1525,normal,none
6089,79.97,0.1323,normal,none
6090,82.17,0.0669,normal,none
6091,79.98,0.0839,normal,none
6092,79.76,0.1394,normal,none
6093,80.11,0.056,normal,none
6094,81.09,0.0851,normal,none
6095,81.73,0.1319,normal,none
6096,83.64,0.1245,normal,none
6097,81.1,0.0789,normal,none
6098,80.7,0.0871,normal,none
6099,81.9,0.1403,normal,none
6100,81.08,0.1639,normal,none
6101,79.25,0.1833,normal,none
6102,79.16,0.1693,normal,none
6103,79.15,0.1412,normal,none
6104,80.45,0.0802,normal,none
6105,81.33,0.1619,normal,none
6106,79.52,0.1491,normal,none
6107,83.35,0.1596,normal,none
6108,79.75,0.1694,normal,none
6109,78.52,0.1366,normal,none
6110,78.63,0.1196,normal,none
6111,80.36,0.1747,normal,none
6112,80.88,0.0736,normal,none
6113,79.01,0.1315,normal,none
6114,80.83,0.065,normal,none
6115,80.35,0.0795,normal,none
6116,78.8,0.0797,normal,none
6117,79.43,0.0782,normal,none
6118,80.15,0.0582,normal,none
6119,78.9,0.1406,normal,none
6120,80.85,0.18,normal,none
6121,79.54,0.1289,normal,none
6122,79.61,0.0665,normal,none
6123,80.47,0.1404,normal,none
6124,81.76,0.1718,normal,none
6125,80.15,0.1142,normal,none
6126,80.84,0.0739,normal,none
6127,81.17,0.0731,normal,none
6128,80.23,0.0931,normal,none
6129,80.8,0.0618,normal,none
6130,80.18,0.1239,normal,none
6131,82.19,0.0752,normal,none
6132,79.35,0.0679,normal,none
6133,79.29,0.1136,normal,none
6134,81.04,0.1829,normal,none
6135,81.93,0.0716,normal,none
6136,79.47,0.1569,normal,none
6137,78.95,0.1894,normal,none
6138,80.24,0.0848,normal,none
6139,78.9,0.1703,normal,none
6140,82.62,0.0848,normal,none
6141,82.24,0.1492,normal,none
6142,78.94,0.1705,normal,none
6143,81.81,0.1465,normal,none
6144,79.84,0.189,normal,none
6145,78.91,0.1937,normal,none
6146,81.13,0.1338,normal,none
6147,82.45,0.1214,normal,none
6148,83.18,0.0885,normal,none
6149,80.55,0.1415,normal,none
6150,82.1,0.1006,normal,none
6151,80.59,0.1823,normal,none
6152,84.49,0.1831,normal,none
6153,82.84,0.0959,normal,none
6154,82.43,0.14,normal,none
6155,83.21,0.148,normal,none
6156,80.39,0.0854,normal,none
6157,82.31,0.1212,normal,none
6158,80.74,0.0928,normal,none
6159,82.11,0.0973,normal,none
6160,82.48,0.1301,normal,none
6161,82.22,0.1853,normal,none
6162,82.48,0.1335,normal,none
6163,83.03,0.1389,normal,none
6164,83.51,0.1264,normal,none
6165,83.17,0.1005,normal,none
6166,84.75,0.0805,normal,none
6167,82.17,0.1567,normal,none
6168,82.58,0.151,normal,none
6169,81.95,0.0703,normal,none
6170,83.25,0.0938,normal,none
6171,81.97,0.1642,normal,none
6172,81.77,0.1045,normal,none
6173,81.15,0.1966,normal,none
6174,83.65,0.1381,normal,none
6175,82.65,0.135,normal,none
6176,83.15,0.1673,normal,none
6177,83.97,0.0955,normal,none
6178,81.66,0.0881,normal,none
6179,82.62,0.1425,normal,none
6180,81.67,0.0545,normal,none
6181,79.39,0.1166,normal,none
6182,82.67,0.0955,normal,none
6183,78.61,0.1045,normal,none
6184,82.68,0.1628,normal,none
6185,84.11,0.1625,normal,none
6186,81.74,0.066,normal,none
6187,81.37,0.1163,normal,none
6188,80.24,0.1405,normal,none
6189,80.6,0.1538,normal,none
6190,80.74,0.1637,normal,none
6191,80.6,0.1298,normal,none
6192,80.69,0.0753,normal,none
6193,79.79,0.1536,normal,none
6194,80.35,0.0755,normal,none
6195,79.46,0.1777,normal,none
6196,82.07,0.1275,normal,none
6197,80.48,0.1905,normal,none
6198,81.19,0.0878,normal,none
6199,80.46,0.0882,normal,none
6200,0.0,0.0,anomaly,drop_out
6201,0.0,0.0,anomaly,drop_out
6202,0.0,0.0,anomaly,drop_out
6203,0.0,0.0,anomaly,drop_out
6204,0.0,0.0,anomaly,drop_out
6205,0.0,0.0,anomaly,drop_out
6206,0.0,0.0,anomaly,drop_out
6207,0.0,0.0,anomaly,drop_out
6208,0.0,0.0,anomaly,drop_out
6209,0.0,0.0,anomaly,drop_out
6210,0.0,0.0,anomaly,drop_out
6211,0.0,0.0,anomaly,drop_out
6212,80.23,0.1628,normal,none
6213,78.92,0.1477,normal,none
6214,76.75,0.1916,normal,none
6215,77.95,0.1999,normal,none
6216,80.21,0.1066,normal,none
6217,79.77,0.1862,normal,none
6218,77.92,0.1037,normal,none
6219,79.5,0.0996,normal,none
6220,80.03,0.1323,normal,none
6221,78.18,0.1434,normal,none
6222,80.62,0.0792,normal,none
6223,80.12,0.0893,normal,none
6224,78.17,0.1571,normal,none
6225,80.46,0.1496,normal,none
6226,79.49,0.1323,normal,none
6227,82.35,0.079,normal,none
6228,79.48,0.1339,normal,none
6229,80.38,0.1937,normal,none
6230,82.15,0.0986,normal,none
6231,80.52,0.1265,normal,none
6232,81.26,0.1709,normal,none
6233,80.6,0.0884,normal,none
6234,80.08,0.0764,normal,none
6235,80.65,0.0713,normal,none
6236,80.8,0.1531,normal,none
6237,79.81,0.1448,normal,none
6238,78.43,0.073,normal,none
6239,79.63,0.1425,normal,none
6240,79.88,0.1311,normal,none
6241,79.81,0.1235,normal,none
6242,78.89,0.1388,normal,none
6243,82.0,0.0677,normal,none
6244,82.57,0.1702,normal,none
6245,82.41,0.091,normal,none
6246,81.11,0.1953,normal,none
6247,80.64,0.15,normal,none
6248,81.61,0.1427,normal,none
6249,82.25,0.1206,normal,none
6250,81.22,0.1632,normal,none
6251,85.24,0.1938,normal,none
6252,82.55,0.0953,normal,none
6253,81.17,0.0803,normal,none
6254,82.49,0.1774,normal,none
6255,82.94,0.0858,normal,none
6256,83.01,0.1009,normal,none
6257,80.53,0.0552,normal,none
6258,82.21,0.1738,normal,none
6259,80.81,0.1367,normal,none
6260,83.81,0.1819,normal,none
6261,83.12,0.0955,normal,none
6262,82.61,0.0694,normal,none
6263,81.19,0.1421,normal,none
6264,83.02,0.1995,normal,none
6265,82.88,0.131,normal,none
6266,83.72,0.1475,normal,none
6267,81.85,0.0803,normal,none
6268,82.62,0.1853,normal,none
6269,83.25,0.1069,normal,none
6270,82.31,0.1523,normal,none
6271,81.29,0.1829,normal,none
6272,81.6,0.0705,normal,none
6273,81.09,0.1759,normal,none
6274,82.76,0.1726,normal,none
6275,79.07,0.1996,normal,none
6276,81.23,0.0762,normal,none
6277,81.87,0.145,normal,none
6278,83.74,0.0549,normal,none
6279,80.6,0.0578,normal,none
6280,82.33,0.1281,normal,none
6281,82.3,0.0844,normal,none
6282,81.21,0.1756,normal,none
6283,78.38,0.0825,normal,none
6284,82.59,0.1568,normal,none
6285,80.24,0.118,normal,none
6286,80.89,0.1862,normal,none
6287,80.58,0.1132,normal,none
6288,80.66,0.0947,normal,none
6289,81.93,0.0731,normal,none
6290,81.46,0.1097,normal,none
6291,80.22,0.1756,normal,none
6292,78.44,0.1137,normal,none
6293,80.16,0.0821,normal,none
6294,79.17,0.1366,normal,none
6295,78.93,0.0691,normal,none
6296,79.22,0.0661,normal,none
6297,79.11,0.1695,normal,none
6298,80.76,0.1517,normal,none
6299,80.01,0.0809,normal,none
6300,78.95,0.1943,normal,none
6301,79.86,0.1382,normal,none
6302,78.84,0.1315,normal,none
6303,78.33,0.1094,normal,none
6304,79.41,0.1727,normal,none
6305,77.85,0.104,normal,none
6306,79.91,0.1083,normal,none
6307,80.17,0.1039,normal,none
6308,78.41,0.0647,normal,none
6309,79.14,0.1485,normal,none
6310,79.43,0.0807,normal,none
6311,79.57,0.0786,normal,none
6312,79.9,0.0714,normal,none
6313,78.97,0.1811,normal,none
6314,79.41,0.0868,normal,none
6315,79.12,0.1777,normal,none
6316,79.18,0.178,normal,none
6317,80.1,0.0926,normal,none
6318,79.5,0.1026,normal,none
6319,80.6,0.103,normal,none
6320,79.44,0.0527,normal,none
6321,80.62,0.18,normal,none
6322,81.13,0.1951,normal,none
6323,79.11,0.1637,normal,none
6324,79.3,0.0808,normal,none
6325,80.59,0.1279,normal,none
6326,79.38,0.1798,normal,none
6327,79.43,0.0572,normal,none
6328,79.66,0.1966,normal,none
6329,80.75,0.181,normal,none
6330,81.07,0.1511,normal,none
6331,79.32,0.0744,normal,none
6332,81.04,0.1239,normal,none
6333,79.87,0.0675,normal,none
6334,81.4,0.1923,normal,none
6335,82.0,0.1859,normal,none
6336,80.42,0.1473,normal,none
6337,81.51,0.0864,normal,none
6338,82.42,0.0813,normal,none
6339,80.93,0.1421,normal,none
6340,82.52,0.0811,normal,none
6341,82.17,0.0786,normal,none
6342,81.92,0.1622,normal,none
6343,82.09,0.1356,normal,none
6344,81.54,0.1398,normal,none
6345,80.32,0.0725,normal,none
6346,81.79,0.0988,normal,none
6347,82.37,0.0705,normal,none
6348,82.72,0.1163,normal,none
6349,81.56,0.1493,normal,none
6350,81.94,0.0764,normal,none
6351,81.65,0.1969,normal,none
6352,81.96,0.1763,normal,none
6353,81.28,0.1428,normal,none
6354,82.81,0.1324,normal,none
6355,83.49,0.1481,normal,none
6356,79.58,0.1262,normal,none
6357,81.52,0.0683,normal,none
6358,82.62,0.176,normal,none
6359,81.68,0.196,normal,none
6360,82.64,0.1281,normal,none
6361,82.74,0.1139,normal,none
6362,81.61,0.1806,normal,none
6363,82.52,0.112,normal,none
6364,82.02,0.1947,normal,none
6365,83.27,0.1312,normal,none
6366,81.64,0.1098,normal,none
6367,81.07,0.1338,normal,none
6368,82.56,0.1505,normal,none
6369,80.66,0.1118,normal,none
6370,83.27,0.0667,normal,none
6371,80.62,0.1935,normal,none
6372,81.34,0.1898,normal,none
6373,81.81,0.1047,normal,none
6374,81.13,0.146,normal,none
6375,81.05,0.1321,normal,none
6376,81.08,0.1704,normal,none
6377,81.38,0.147,normal,none
6378,80.73,0.0524,normal,none
6379,81.66,0.0808,normal,none
6380,80.87,0.072,normal,none
6381,81.48,0.0908,normal,none
6382,81.41,0.1922,normal,none
6383,80.43,0.1305,normal,none
6384,80.21,0.0711,normal,none
6385,80.06,0.1289,normal,none
6386,79.02,0.1583,normal,none
6387,79.68,0.1656,normal,none
6388,80.87,0.0518,normal,none
6389,80.31,0.0714,normal,none
6390,80.27,0.1646,normal,none
6391,79.34,0.169,normal,none
6392,79.81,0.1093,normal,none
6393,80.69,0.1762,normal,none
6394,79.46,0.1549,normal,none
6395,81.9,0.1754,normal,none
6396,79.17,0.1217,normal,none
6397,79.93,0.1292,normal,none
6398,78.55,0.1266,normal,none
6399,78.9,0.1033,normal,none
6400,79.58,0.0613,normal,none
6401,77.47,0.1213,normal,none
6402,80.18,0.1703,normal,none
6403,79.25,0.0925,normal,none
6404,79.85,0.0785,normal,none
6405,78.97,0.1436,normal,none
6406,80.05,0.1048,normal,none
6407,78.34,0.1703,normal,none
6408,79.41,0.1223,normal,none
6409,79.53,0.1945,normal,none
6410,78.69,0.1012,normal,none
6411,82.45,0.1163,normal,none
6412,80.54,0.122,normal,none
6413,78.81,0.141,normal,none
6414,79.05,0.1521,normal,none
6415,79.22,0.145,normal,none
6416,78.07,0.1177,normal,none
6417,80.04,0.1823,normal,none
6418,81.35,0.1345,normal,none
6419,79.32,0.182,normal,none
6420,79.76,0.0835,normal,none
6421,80.17,0.1613,normal,none
6422,79.95,0.1803,normal,none
6423,79.35,0.0762,normal,none
6424,81.65,0.1115,normal,none
6425,79.55,0.1629,normal,none
6426,78.05,0.1275,normal,none
6427,80.87,0.1509,normal,none
6428,79.89,0.075,normal,none
6429,79.71,0.1769,normal,none
6430,80.22,0.0526,normal,none
6431,80.37,0.1415,normal,none
6432,79.49,0.1486,normal,none
6433,82.91,0.1449,normal,none
6434,80.04,0.0766,normal,none
6435,81.34,0.0925,normal,none
6436,81.13,0.1156,normal,none
6437,82.1,0.1908,normal,none
6438,80.49,0.1521,normal,none
6439,81.78,0.1522,normal,none
6440,81.81,0.1853,normal,none
6441,81.19,0.167,normal,none
6442,79.12,0.1697,normal,none
6443,82.82,0.134,normal,none
6444,82.54,0.1319,normal,none
6445,81.14,0.0577,normal,none
6446,79.89,0.1709,normal,none
6447,81.04,0.1218,normal,none
6448,81.69,0.1555,normal,none
6449,82.73,0.1949,normal,none
6450,83.32,0.1163,normal,none
6451,82.36,0.1828,normal,none
6452,80.4,0.1753,normal,none
6453,82.87,0.1844,normal,none
6454,80.88,0.1635,normal,none
6455,81.81,0.0894,normal,none
6456,81.4,0.108,normal,none
6457,82.18,0.1052,normal,none
6458,82.21,0.1902,normal,none
6459,81.89,0.0998,normal,none
6460,82.6,0.1747,normal,none
6461,82.73,0.0904,normal,none
6462,80.75,0.0949,normal,none
6463,82.15,0.1696,normal,none
6464,82.78,0.1914,normal,none
6465,81.44,0.1342,normal,none
6466,81.15,0.1345,normal,none
6467,80.62,0.1418,normal,none
6468,80.77,0.1645,normal,none
6469,80.86,0.1789,normal,none
6470,81.69,0.1871,normal,none
6471,80.71,0.0629,normal,none
6472,80.53,0.1343,normal,none
6473,78.9,0.1036,normal,none
6474,82.19,0.1488,normal,none
6475,82.47,0.1093,normal,none
6476,81.24,0.067,normal,none
6477,81.88,0.1142,normal,none
6478,80.67,0.0978,normal,none
6479,80.5,0.1431,normal,none
6480,80.27,0.1743,normal,none
6481,82.32,0.1957,normal,none
6482,80.08,0.1589,normal,none
6483,80.8,0.1165,normal,none
6484,80.88,0.1754,normal,none
6485,80.96,0.0523,normal,none
6486,77.07,0.1708,normal,none
6487,80.58,0.0528,normal,none
6488,80.21,0.0773,normal,none
6489,78.68,0.0647,normal,none
6490,79.67,0.1861,normal,none
6491,79.88,0.1296,normal,none
6492,78.07,0.1129,normal,none
6493,79.35,0.1882,normal,none
6494,78.12,0.1252,normal,none
6495,80.59,0.0627,normal,none
6496,80.28,0.1576,normal,none
6497,77.23,0.1591,normal,none
6498,77.62,0.1773,normal,none
6499,81.17,0.1822,normal,none
6500,81.37,0.0337,anomaly,silent_drift
6501,76.4,0.0655,anomaly,silent_drift
6502,79.68,0.0353,anomaly,silent_drift
6503,79.34,0.0339,anomaly,silent_drift
6504,77.84,0.0273,anomaly,silent_drift
6505,79.26,0.049,anomaly,silent_drift
6506,80.27,0.0476,anomaly,silent_drift
6507,79.3,0.0996,anomaly,silent_drift
6508,79.64,0.0775,anomaly,silent_drift
6509,79.56,0.0761,anomaly,silent_drift
6510,79.63,0.0532,anomaly,silent_drift
6511,80.26,0.0996,anomaly,silent_drift
6512,81.26,0.0022,anomaly,silent_drift
6513,78.69,0.0467,anomaly,silent_drift
6514,78.82,0.0021,anomaly,silent_drift
6515,79.54,0.0012,anomaly,silent_drift
6516,78.16,0.0709,anomaly,silent_drift
6517,80.9,0.0571,anomaly,silent_drift
6518,81.88,0.0365,anomaly,silent_drift
6519,80.75,0.0869,anomaly,silent_drift
6520,81.72,0.0218,anomaly,silent_drift
6521,80.82,0.0512,anomaly,silent_drift
6522,81.77,0.0738,anomaly,silent_drift
6523,79.78,0.0523,anomaly,silent_drift
6524,79.76,0.0899,anomaly,silent_drift
6525,82.15,0.021,anomaly,silent_drift
6526,80.81,0.0463,anomaly,silent_drift
6527,80.7,0.0227,anomaly,silent_drift
6528,84.17,0.0951,anomaly,silent_drift
6529,81.93,0.0389,anomaly,silent_drift
6530,84.19,0.0278,anomaly,silent_drift
6531,83.51,0.0833,anomaly,silent_drift
6532,82.2,0.0191,anomaly,silent_drift
6533,83.87,0.0792,anomaly,silent_drift
6534,82.7,0.059,anomaly,silent_drift
6535,84.19,0.0527,anomaly,silent_drift
6536,83.54,0.0833,anomaly,silent_drift
6537,83.2,0.0347,anomaly,silent_drift
6538,83.24,0.0738,anomaly,silent_drift
6539,83.18,0.0918,anomaly,silent_drift
6540,84.03,0.0297,anomaly,silent_drift
6541,83.98,0.0224,anomaly,silent_drift
6542,85.19,0.0007,anomaly,silent_drift
6543,85.45,0.0746,anomaly,silent_drift
6544,83.01,0.0369,anomaly,silent_drift
6545,86.39,0.0984,anomaly,silent_drift
6546,83.38,0.0438,anomaly,silent_drift
6547,84.81,0.0349,anomaly,silent_drift
6548,84.64,0.0734,anomaly,silent_drift
6549,84.33,0.0019,anomaly,silent_drift
6550,85.04,0.0725,anomaly,silent_drift
6551,85.86,0.08,anomaly,silent_drift
6552,85.52,0.0547,anomaly,silent_drift
6553,83.81,0.0494,anomaly,silent_drift
6554,86.93,0.0781,anomaly,silent_drift
6555,86.42,0.0878,anomaly,silent_drift
6556,85.37,0.0264,anomaly,silent_drift
6557,86.12,0.041,anomaly,silent_drift
6558,85.75,0.0297,anomaly,silent_drift
6559,85.61,0.0973,anomaly,silent_drift
6560,83.96,0.0125,anomaly,silent_drift
6561,86.04,0.0888,anomaly,silent_drift
6562,85.25,0.0788,anomaly,silent_drift
6563,86.99,0.0654,anomaly,silent_drift
6564,85.18,0.0811,anomaly,silent_drift
6565,86.0,0.0748,anomaly,silent_drift
6566,85.4,0.0926,anomaly,silent_drift
6567,85.32,0.0283,anomaly,silent_drift
6568,86.66,0.0572,anomaly,silent_drift
6569,82.87,0.0507,anomaly,silent_drift
6570,85.72,0.0565,anomaly,silent_drift
6571,87.0,0.0887,anomaly,silent_drift
6572,85.84,0.0456,anomaly,silent_drift
6573,85.36,0.0618,anomaly,silent_drift
6574,84.78,0.0856,anomaly,silent_drift
6575,85.73,0.0841,anomaly,silent_drift
6576,84.97,0.0885,anomaly,silent_drift
6577,84.86,0.0433,anomaly,silent_drift
6578,84.86,0.0337,anomaly,silent_drift
6579,84.96,0.0288,anomaly,silent_drift
6580,83.94,0.0866,anomaly,silent_drift
6581,82.89,0.0956,anomaly,silent_drift
6582,85.12,0.0338,anomaly,silent_drift
6583,84.48,0.079,anomaly,silent_drift
6584,86.8,0.0495,anomaly,silent_drift
6585,84.84,0.052,anomaly,silent_drift
6586,82.66,0.0934,anomaly,silent_drift
6587,85.4,0.0022,anomaly,silent_drift
6588,85.85,0.0681,anomaly,silent_drift
6589,85.37,0.0343,anomaly,silent_drift
6590,85.76,0.0102,anomaly,silent_drift
6591,85.36,0.0344,anomaly,silent_drift
6592,84.31,0.0429,anomaly,silent_drift
6593,84.07,0.04,anomaly,silent_drift
6594,84.95,0.0656,anomaly,silent_drift
6595,85.32,0.0449,anomaly,silent_drift
6596,83.15,0.0363,anomaly,silent_drift
6597,84.61,0.0827,anomaly,silent_drift
6598,84.7,0.0267,anomaly,silent_drift
6599,85.25,0.0539,anomaly,silent_drift
6600,84.62,0.0444,anomaly,silent_drift
6601,83.9,0.0281,anomaly,silent_drift
6602,84.81,0.0035,anomaly,silent_drift
6603,84.63,0.09,anomaly,silent_drift
6604,87.53,0.0522,anomaly,silent_drift
6605,85.46,0.0241,anomaly,silent_drift
6606,85.12,0.0358,anomaly,silent_drift
6607,87.3,0.0662,anomaly,silent_drift
6608,87.15,0.0852,anomaly,silent_drift
6609,84.79,0.0802,anomaly,silent_drift
6610,86.69,0.0737,anomaly,silent_drift
6611,87.33,0.0583,anomaly,silent_drift
6612,85.42,0.0694,anomaly,silent_drift
6613,84.98,0.0364,anomaly,silent_drift
6614,88.74,0.0973,anomaly,silent_drift
6615,88.53,0.0889,anomaly,silent_drift
6616,85.58,0.0354,anomaly,silent_drift
6617,86.61,0.086,anomaly,silent_drift
6618,88.6,0.0904,anomaly,silent_drift
6619,86.14,0.0149,anomaly,silent_drift
6620,88.44,0.0662,anomaly,silent_drift
6621,87.86,0.0174,anomaly,silent_drift
6622,88.45,0.079,anomaly,silent_drift
6623,88.14,0.0858,anomaly,silent_drift
6624,88.58,0.0808,anomaly,silent_drift
6625,89.65,0.0342,anomaly,silent_drift
6626,87.93,0.0947,anomaly,silent_drift
6627,88.29,0.0809,anomaly,silent_drift
6628,87.02,0.0785,anomaly,silent_drift
6629,88.69,0.0747,anomaly,silent_drift
6630,88.4,0.0485,anomaly,silent_drift
6631,87.13,0.0967,anomaly,silent_drift
6632,90.88,0.0392,anomaly,silent_drift
6633,88.61,0.0593,anomaly,silent_drift
6634,89.04,0.0158,anomaly,silent_drift
6635,91.49,0.0821,anomaly,silent_drift
6636,91.08,0.0632,anomaly,silent_drift
6637,91.16,0.0164,anomaly,silent_drift
6638,89.5,0.0071,anomaly,silent_drift
6639,90.17,0.0881,anomaly,silent_drift
6640,91.33,0.0214,anomaly,silent_drift
6641,89.61,0.0373,anomaly,silent_drift
6642,90.68,0.037,anomaly,silent_drift
6643,90.75,0.0803,anomaly,silent_drift
6644,89.03,0.0787,anomaly,silent_drift
6645,89.8,0.0639,anomaly,silent_drift
6646,90.44,0.0973,anomaly,silent_drift
6647,90.92,0.0333,anomaly,silent_drift
6648,90.63,0.0636,anomaly,silent_drift
6649,90.02,0.0848,anomaly,silent_drift
6650,90.91,0.0709,anomaly,silent_drift
6651,92.48,0.0879,anomaly,silent_drift
6652,92.66,0.012,anomaly,silent_drift
6653,90.95,0.0133,anomaly,silent_drift
6654,89.65,0.0046,anomaly,silent_drift
6655,90.25,0.0262,anomaly,silent_drift
6656,91.47,0.0608,anomaly,silent_drift
6657,92.72,0.0238,anomaly,silent_drift
6658,90.51,0.0509,anomaly,silent_drift
6659,90.12,0.0095,anomaly,silent_drift
6660,92.38,0.025,anomaly,silent_drift
6661,92.5,0.0785,anomaly,silent_drift
6662,92.62,0.0785,anomaly,silent_drift
6663,90.45,0.0596,anomaly,silent_drift
6664,91.89,0.096,anomaly,silent_drift
6665,90.16,0.0236,anomaly,silent_drift
6666,91.53,0.082,anomaly,silent_drift
6667,92.5,0.0417,anomaly,silent_drift
6668,89.58,0.0536,anomaly,silent_drift
6669,91.97,0.0962,anomaly,silent_drift
6670,89.39,0.0281,anomaly,silent_drift
6671,91.22,0.0094,anomaly,silent_drift
6672,91.32,0.0013,anomaly,silent_drift
6673,92.86,0.0649,anomaly,silent_drift
6674,92.01,0.0213,anomaly,silent_drift
6675,89.1,0.0408,anomaly,silent_drift
6676,90.93,0.0272,anomaly,silent_drift
6677,91.89,0.0826,anomaly,silent_drift
6678,91.32,0.0856,anomaly,silent_drift
6679,92.15,0.0396,anomaly,silent_drift
6680,90.06,0.0842,anomaly,silent_drift
6681,90.44,0.0197,anomaly,silent_drift
6682,89.73,0.0104,anomaly,silent_drift
6683,91.05,0.0134,anomaly,silent_drift
6684,90.43,0.0119,anomaly,silent_drift
6685,90.86,0.0455,anomaly,silent_drift
6686,91.1,0.0628,anomaly,silent_drift
6687,90.16,0.097,anomaly,silent_drift
6688,90.94,0.0659,anomaly,silent_drift
6689,91.14,0.0694,anomaly,silent_drift
6690,89.51,0.0385,anomaly,silent_drift
6691,90.11,0.0099,anomaly,silent_drift
6692,91.42,0.0285,anomaly,silent_drift
6693,90.78,0.0156,anomaly,silent_drift
6694,92.88,0.0628,anomaly,silent_drift
6695,88.94,0.0853,anomaly,silent_drift
6696,91.65,0.0634,anomaly,silent_drift
6697,92.06,0.0594,anomaly,silent_drift
6698,89.92,0.0876,anomaly,silent_drift
6699,90.61,0.0694,anomaly,silent_drift
6700,91.95,0.0522,anomaly,silent_drift
6701,91.27,0.0845,anomaly,silent_drift
6702,90.74,0.0244,anomaly,silent_drift
6703,89.69,0.073,anomaly,silent_drift
6704,91.42,0.0634,anomaly,silent_drift
6705,93.17,0.0607,anomaly,silent_drift
6706,92.33,0.0276,anomaly,silent_drift
6707,94.14,0.0738,anomaly,silent_drift
6708,91.53,0.079,anomaly,silent_drift
6709,92.93,0.0101,anomaly,silent_drift
6710,91.96,0.0965,anomaly,silent_drift
6711,92.24,0.0617,anomaly,silent_drift
6712,93.08,0.0575,anomaly,silent_drift
6713,91.73,0.0178,anomaly,silent_drift
6714,93.99,0.0819,anomaly,silent_drift
6715,93.41,0.0543,anomaly,silent_drift
6716,92.96,0.0113,anomaly,silent_drift
6717,93.47,0.0377,anomaly,silent_drift
6718,94.17,0.0927,anomaly,silent_drift
6719,93.35,0.0494,anomaly,silent_drift
6720,94.07,0.0915,anomaly,silent_drift
6721,93.4,0.0188,anomaly,silent_drift
6722,94.03,0.0322,anomaly,silent_drift
6723,95.35,0.0477,anomaly,silent_drift
6724,95.51,0.0978,anomaly,silent_drift
6725,94.96,0.0454,anomaly,silent_drift
6726,93.82,0.0064,anomaly,silent_drift
6727,95.21,0.01,anomaly,silent_drift
6728,93.47,0.0667,anomaly,silent_drift
6729,96.54,0.0248,anomaly,silent_drift
6730,94.73,0.0334,anomaly,silent_drift
6731,96.73,0.0716,anomaly,silent_drift
6732,96.69,0.0365,anomaly,silent_drift
6733,97.05,0.0957,anomaly,silent_drift
6734,97.12,0.0716,anomaly,silent_drift
6735,96.17,0.0613,anomaly,silent_drift
6736,95.04,0.022,anomaly,silent_drift
6737,96.28,0.0399,anomaly,silent_drift
6738,95.55,0.0153,anomaly,silent_drift
6739,95.97,0.0862,anomaly,silent_drift
6740,96.08,0.0657,anomaly,silent_drift
6741,95.22,0.0842,anomaly,silent_drift
6742,95.02,0.0047,anomaly,silent_drift
6743,94.81,0.075,anomaly,silent_drift
6744,96.47,0.0482,anomaly,silent_drift
6745,96.61,0.0083,anomaly,silent_drift
6746,98.77,0.091,anomaly,silent_drift
6747,97.16,0.0004,anomaly,silent_drift
6748,97.75,0.0149,anomaly,silent_drift
6749,96.51,0.0927,anomaly,silent_drift
6750,81.13,0.1018,normal,none
6751,79.35,0.1055,normal,none
6752,81.59,0.1539,normal,none
6753,81.18,0.0758,normal,none
6754,81.45,0.1301,normal,none
6755,79.94,0.134,normal,none
6756,80.42,0.1349,normal,none
6757,80.82,0.1552,normal,none
6758,81.42,0.1251,normal,none
6759,82.0,0.1879,normal,none
6760,80.86,0.1301,normal,none
6761,80.73,0.1281,normal,none
6762,79.8,0.1973,normal,none
6763,79.1,0.0708,normal,none
6764,78.42,0.1084,normal,none
6765,79.8,0.1038,normal,none
6766,80.77,0.0686,normal,none
6767,79.9,0.0754,normal,none
6768,79.06,0.0615,normal,none
6769,79.15,0.1733,normal,none
6770,77.27,0.1033,normal,none
6771,77.28,0.0595,normal,none
6772,78.73,0.0573,normal,none
6773,78.69,0.0527,normal,none
6774,78.38,0.1235,normal,none
6775,80.8,0.167,normal,none
6776,78.41,0.1255,normal,none
6777,78.84,0.1107,normal,none
6778,78.78,0.0944,normal,none
6779,77.78,0.1719,normal,none
6780,79.45,0.1297,normal,none
6781,78.43,0.1247,normal,none
6782,78.62,0.1536,normal,none
6783,78.79,0.073,normal,none
6784,76.2,0.0823,normal,none
6785,77.76,0.0887,normal,none
6786,76.26,0.1709,normal,none
6787,76.29,0.1027,normal,none
6788,76.96,0.0553,normal,none
6789,76.74,0.1022,normal,none
6790,79.29,0.1841,normal,none
6791,78.61,0.1765,normal,none
6792,77.95,0.1659,normal,none
6793,78.18,0.067,normal,none
6794,78.65,0.1436,normal,none
6795,77.61,0.1522,normal,none
6796,78.19,0.0619,normal,none
6797,78.05,0.0622,normal,none
6798,79.27,0.1478,normal,none
6799,78.81,0.0856,normal,none
6800,79.14,0.0683,anomaly,silent_drift
6801,78.27,0.086,anomaly,silent_drift
6802,78.16,0.0576,anomaly,silent_drift
6803,77.9,0.0037,anomaly,silent_drift
6804,78.54,0.0646,anomaly,silent_drift
6805,77.82,0.0365,anomaly,silent_drift
6806,77.21,0.0378,anomaly,silent_drift
6807,77.15,0.0685,anomaly,silent_drift
6808,80.38,0.068,anomaly,silent_drift
6809,78.04,0.0733,anomaly,silent_drift
6810,80.05,0.0944,anomaly,silent_drift
6811,79.65,0.0809,anomaly,silent_drift
6812,80.54,0.0767,anomaly,silent_drift
6813,79.76,0.0985,anomaly,silent_drift
6814,81.13,0.0284,anomaly,silent_drift
6815,81.54,0.0315,anomaly,silent_drift
6816,81.82,0.0143,anomaly,silent_drift
6817,81.95,0.0815,anomaly,silent_drift
6818,81.78,0.0629,anomaly,silent_drift
6819,82.01,0.0725,anomaly,silent_drift
6820,81.34,0.0491,anomaly,silent_drift
6821,81.39,0.039,anomaly,silent_drift
6822,83.75,0.0874,anomaly,silent_drift
6823,81.66,0.0535,anomaly,silent_drift
6824,82.23,0.0809,anomaly,silent_drift
6825,83.02,0.0993,anomaly,silent_drift
6826,81.23,0.0548,anomaly,silent_drift
6827,83.8,0.0555,anomaly,silent_drift
6828,83.7,0.057,anomaly,silent_drift
6829,84.17,0.0752,anomaly,silent_drift
6830,82.07,0.0731,anomaly,silent_drift
6831,83.12,0.0691,anomaly,silent_drift
6832,83.31,0.0274,anomaly,silent_drift
6833,83.88,0.0329,anomaly,silent_drift
6834,83.09,0.0615,anomaly,silent_drift
6835,82.67,0.0472,anomaly,silent_drift
6836,83.28,0.0238,anomaly,silent_drift
6837,83.35,0.0118,anomaly,silent_drift
6838,83.16,0.0204,anomaly,silent_drift
6839,83.77,0.0534,anomaly,silent_drift
6840,82.17,0.0502,anomaly,silent_drift
6841,84.13,0.0337,anomaly,silent_drift
6842,83.32,0.0637,anomaly,silent_drift
6843,85.48,0.0138,anomaly,silent_drift
6844,84.23,0.0094,anomaly,silent_drift
6845,83.11,0.0449,anomaly,silent_drift
6846,82.98,0.0115,anomaly,silent_drift
6847,83.61,0.0397,anomaly,silent_drift
6848,84.71,0.0824,anomaly,silent_drift
6849,84.61,0.0118,anomaly,silent_drift
6850,83.31,0.098,anomaly,silent_drift
6851,84.25,0.0956,anomaly,silent_drift
6852,86.53,0.036,anomaly,silent_drift
6853,86.36,0.0217,anomaly,silent_drift
6854,84.98,0.0081,anomaly,silent_drift
6855,86.29,0.0087,anomaly,silent_drift
6856,85.74,0.0745,anomaly,silent_drift
6857,84.99,0.0677,anomaly,silent_drift
6858,86.79,0.0695,anomaly,silent_drift
6859,86.01,0.0291,anomaly,silent_drift
6860,83.55,0.0018,anomaly,silent_drift
6861,85.21,0.069,anomaly,silent_drift
6862,83.1,0.0748,anomaly,silent_drift
6863,85.21,0.0353,anomaly,silent_drift
6864,86.07,0.0584,anomaly,silent_drift
6865,82.9,0.01,anomaly,silent_drift
6866,84.26,0.0762,anomaly,silent_drift
6867,84.21,0.0914,anomaly,silent_drift
6868,85.78,0.045,anomaly,silent_drift
6869,84.03,0.0969,anomaly,silent_drift
6870,85.14,0.0343,anomaly,silent_drift
6871,84.8,0.0734,anomaly,silent_drift
6872,84.32,0.0911,anomaly,silent_drift
6873,84.18,0.0607,anomaly,silent_drift
6874,84.0,0.0744,anomaly,silent_drift
6875,84.27,0.0884,anomaly,silent_drift
6876,83.88,0.074,anomaly,silent_drift
6877,84.93,0.0045,anomaly,silent_drift
6878,84.06,0.0011,anomaly,silent_drift
6879,84.05,0.0837,anomaly,silent_drift
6880,86.27,0.0064,anomaly,silent_drift
6881,83.07,0.0324,anomaly,silent_drift
6882,83.82,0.079,anomaly,silent_drift
6883,83.69,0.0071,anomaly,silent_drift
6884,84.54,0.0983,anomaly,silent_drift
6885,83.98,0.0256,anomaly,silent_drift
6886,85.83,0.0008,anomaly,silent_drift
6887,86.52,0.0337,anomaly,silent_drift
6888,83.79,0.0903,anomaly,silent_drift
6889,86.39,0.0782,anomaly,silent_drift
6890,83.74,0.0596,anomaly,silent_drift
6891,84.53,0.0391,anomaly,silent_drift
6892,83.24,0.0048,anomaly,silent_drift
6893,85.21,0.0932,anomaly,silent_drift
6894,85.67,0.0861,anomaly,silent_drift
6895,85.75,0.0684,anomaly,silent_drift
6896,86.23,0.0335,anomaly,silent_drift
6897,82.75,0.066,anomaly,silent_drift
6898,86.19,0.0368,anomaly,silent_drift
6899,84.72,0.0383,anomaly,silent_drift
6900,86.06,0.0306,anomaly,silent_drift
6901,86.51,0.0833,anomaly,silent_drift
6902,85.13,0.047,anomaly,silent_drift
6903,86.74,0.0235,anomaly,silent_drift
6904,85.23,0.0311,anomaly,silent_drift
6905,87.68,0.014,anomaly,silent_drift
6906,86.52,0.0294,anomaly,silent_drift
6907,87.65,0.0097,anomaly,silent_drift
6908,89.77,0.08,anomaly,silent_drift
6909,87.28,0.0106,anomaly,silent_drift
6910,88.26,0.0479,anomaly,silent_drift
6911,87.3,0.0104,anomaly,silent_drift
6912,88.38,0.0604,anomaly,silent_drift
6913,88.03,0.0962,anomaly,silent_drift
6914,87.01,0.0818,anomaly,silent_drift
6915,88.71,0.0432,anomaly,silent_drift
6916,89.03,0.0758,anomaly,silent_drift
6917,88.42,0.0083,anomaly,silent_drift
6918,88.76,0.0316,anomaly,silent_drift
6919,90.04,0.0045,anomaly,silent_drift
6920,89.24,0.0041,anomaly,silent_drift
6921,90.43,0.0631,anomaly,silent_drift
6922,89.07,0.0173,anomaly,silent_drift
6923,90.03,0.0542,anomaly,silent_drift
6924,91.64,0.0539,anomaly,silent_drift
6925,88.6,0.0799,anomaly,silent_drift
6926,89.45,0.032,anomaly,silent_drift
6927,90.8,0.0017,anomaly,silent_drift
6928,90.44,0.0186,anomaly,silent_drift
6929,91.26,0.0147,anomaly,silent_drift
6930,90.78,0.0092,anomaly,silent_drift
6931,90.58,0.0061,anomaly,silent_drift
6932,91.59,0.09,anomaly,silent_drift
6933,89.26,0.0557,anomaly,silent_drift
6934,90.58,0.0922,anomaly,silent_drift
6935,91.2,0.0525,anomaly,silent_drift
6936,92.13,0.0744,anomaly,silent_drift
6937,91.14,0.0737,anomaly,silent_drift
6938,91.17,0.0082,anomaly,silent_drift
6939,92.26,0.0967,anomaly,silent_drift
6940,90.82,0.0661,anomaly,silent_drift
6941,90.67,0.0475,anomaly,silent_drift
6942,92.35,0.0127,anomaly,silent_drift
6943,92.52,0.0353,anomaly,silent_drift
6944,91.99,0.0836,anomaly,silent_drift
6945,92.67,0.0064,anomaly,silent_drift
6946,92.22,0.0883,anomaly,silent_drift
6947,92.46,0.0062,anomaly,silent_drift
6948,91.71,0.0991,anomaly,silent_drift
6949,92.66,0.0513,anomaly,silent_drift
6950,92.99,0.0456,anomaly,silent_drift
6951,91.28,0.0167,anomaly,silent_drift
6952,91.64,0.0464,anomaly,silent_drift
6953,92.86,0.0993,anomaly,silent_drift
6954,92.02,0.0358,anomaly,silent_drift
6955,91.96,0.0729,anomaly,silent_drift
6956,90.48,0.0306,anomaly,silent_drift
6957,93.27,0.0256,anomaly,silent_drift
6958,92.07,0.0213,anomaly,silent_drift
6959,91.86,0.029,anomaly,silent_drift
6960,90.6,0.0813,anomaly,silent_drift
6961,90.89,0.0923,anomaly,silent_drift
6962,91.0,0.0516,anomaly,silent_drift
6963,91.05,0.0778,anomaly,silent_drift
6964,91.1,0.0199,anomaly,silent_drift
6965,91.84,0.0336,anomaly,silent_drift
6966,91.67,0.0043,anomaly,silent_drift
6967,90.19,0.0996,anomaly,silent_drift
6968,92.01,0.0817,anomaly,silent_drift
6969,91.9,0.091,anomaly,silent_drift
6970,91.77,0.0193,anomaly,silent_drift
6971,92.36,0.0773,anomaly,silent_drift
6972,92.34,0.0935,anomaly,silent_drift
6973,93.84,0.0325,anomaly,silent_drift
6974,91.83,0.0936,anomaly,silent_drift
6975,91.96,0.0883,anomaly,silent_drift
6976,90.59,0.0598,anomaly,silent_drift
6977,91.85,0.0897,anomaly,silent_drift
6978,91.09,0.0841,anomaly,silent_drift
6979,90.88,0.0828,anomaly,silent_drift
6980,92.23,0.0566,anomaly,silent_drift
6981,93.44,0.0893,anomaly,silent_drift
6982,92.43,0.0611,anomaly,silent_drift
6983,92.37,0.0924,anomaly,silent_drift
6984,90.34,0.0808,anomaly,silent_drift
6985,93.09,0.0615,anomaly,silent_drift
6986,93.52,0.0537,anomaly,silent_drift
6987,92.84,0.0942,anomaly,silent_drift
6988,94.7,0.0673,anomaly,silent_drift
6989,93.37,0.0892,anomaly,silent_drift
6990,92.79,0.0274,anomaly,silent_drift
6991,94.57,0.0883,anomaly,silent_drift
6992,93.02,0.0824,anomaly,silent_drift
6993,96.61,0.0847,anomaly,silent_drift
6994,92.97,0.0167,anomaly,silent_drift
6995,92.41,0.0598,anomaly,silent_drift
6996,91.58,0.0923,anomaly,silent_drift
6997,94.42,0.0762,anomaly,silent_drift
6998,93.28,0.0051,anomaly,silent_drift
6999,94.4,0.0408,anomaly,silent_drift
7000,129.16,0.027,anomaly,spike
7001,128.11,0.0275,anomaly,spike
7002,128.36,0.0387,anomaly,spike
7003,130.25,0.0311,anomaly,spike
7004,80.32,0.0927,normal,none
7005,80.11,0.0571,normal,none
7006,78.39,0.1543,normal,none
7007,77.5,0.1699,normal,none
7008,77.66,0.1958,normal,none
7009,78.67,0.1226,normal,none
7010,79.19,0.1151,normal,none
7011,79.28,0.1093,normal,none
7012,80.82,0.0662,normal,none
7013,79.41,0.073,normal,none
7014,78.87,0.1271,normal,none
7015,78.59,0.1525,normal,none
7016,79.9,0.1245,normal,none
7017,79.24,0.1515,normal,none
7018,80.43,0.1346,normal,none
7019,80.76,0.0534,normal,none
7020,80.89,0.1259,normal,none
7021,80.2,0.1313,normal,none
7022,81.42,0.1744,normal,none
7023,79.23,0.1501,normal,none
7024,79.58,0.1878,normal,none
7025,82.41,0.1107,normal,none
7026,80.32,0.1799,normal,none
7027,81.74,0.0686,normal,none
7028,80.37,0.1305,normal,none
7029,78.38,0.0806,normal,none
7030,80.22,0.1911,normal,none
7031,80.7,0.0548,normal,none
7032,80.75,0.1837,normal,none
7033,79.36,0.1616,normal,none
7034,79.42,0.1754,normal,none
7035,80.71,0.1855,normal,none
7036,80.04,0.1106,normal,none
7037,78.9,0.1404,normal,none
7038,79.62,0.0968,normal,none
7039,79.22,0.0602,normal,none
7040,80.99,0.0918,normal,none
7041,78.23,0.0866,normal,none
7042,77.11,0.1745,normal,none
7043,78.53,0.0992,normal,none
7044,79.39,0.1901,normal,none
7045,79.8,0.0995,normal,none
7046,79.62,0.0768,normal,none
7047,78.78,0.1643,normal,none
7048,80.11,0.1446,normal,none
7049,81.02,0.0957,normal,none
7050,79.38,0.0616,normal,none
7051,80.31,0.1588,normal,none
7052,79.2,0.1635,normal,none
7053,79.26,0.1118,normal,none
7054,77.59,0.1977,normal,none
7055,79.55,0.1715,normal,none
7056,78.88,0.1433,normal,none
7057,77.55,0.1788,normal,none
7058,79.07,0.1664,normal,none
7059,77.07,0.1658,normal,none
7060,77.76,0.1711,normal,none
7061,79.68,0.063,normal,none
7062,78.16,0.1795,normal,none
7063,76.97,0.1051,normal,none
7064,77.46,0.1806,normal,none
7065,77.13,0.0747,normal,none
7066,78.04,0.1244,normal,none
7067,78.28,0.0969,normal,none
7068,75.43,0.0596,normal,none
7069,76.91,0.1899,normal,none
7070,75.78,0.1834,normal,none
7071,76.33,0.1902,normal,none
7072,75.22,0.0982,normal,none
7073,76.28,0.0797,normal,none
7074,77.79,0.0516,normal,none
7075,76.81,0.1582,normal,none
7076,75.42,0.0776,normal,none
7077,75.64,0.175,normal,none
7078,77.69,0.1727,normal,none
7079,76.55,0.1285,normal,none
7080,76.57,0.1717,normal,none
7081,77.34,0.0767,normal,none
7082,77.59,0.1848,normal,none
7083,79.85,0.1597,normal,none
7084,77.8,0.1335,normal,none
7085,76.98,0.0731,normal,none
7086,78.24,0.1458,normal,none
7087,77.74,0.1757,normal,none
7088,74.83,0.1704,normal,none
7089,76.97,0.0845,normal,none
7090,78.14,0.055,normal,none
7091,77.37,0.1558,normal,none
7092,78.26,0.1562,normal,none
7093,76.97,0.0944,normal,none
7094,77.72,0.1566,normal,none
7095,78.61,0.0654,normal,none
7096,76.88,0.1738,normal,none
7097,78.64,0.0713,normal,none
7098,78.67,0.1198,normal,none
7099,76.58,0.0709,normal,none
7100,77.82,0.0664,normal,none
7101,76.81,0.163,normal,none
7102,78.99,0.1834,normal,none
7103,77.54,0.1809,normal,none
7104,79.54,0.0525,normal,none
7105,80.01,0.1108,normal,none
7106,78.77,0.0566,normal,none
7107,78.48,0.1076,normal,none
7108,78.57,0.1275,normal,none
7109,78.1,0.1518,normal,none
7110,78.94,0.0613,normal,none
7111,79.69,0.1365,normal,none
7112,81.29,0.0559,normal,none
7113,78.15,0.1316,normal,none
7114,79.32,0.1237,normal,none
7115,78.03,0.0907,normal,none
7116,81.35,0.0865,normal,none
7117,80.15,0.1437,normal,none
7118,79.55,0.1506,normal,none
7119,79.88,0.1593,normal,none
7120,79.12,0.1879,normal,none
7121,79.55,0.1306,normal,none
7122,79.13,0.151,normal,none
7123,79.23,0.1111,normal,none
7124,80.4,0.1972,normal,none
7125,81.0,0.1694,normal,none
7126,79.84,0.1183,normal,none
7127,79.29,0.1498,normal,none
7128,79.27,0.123,normal,none
7129,80.22,0.1813,normal,none
7130,80.45,0.0848,normal,none
7131,79.28,0.1656,normal,none
7132,78.6,0.1803,normal,none
7133,78.44,0.1854,normal,none
7134,78.99,0.1358,normal,none
7135,79.25,0.1949,normal,none
7136,78.83,0.1798,normal,none
7137,78.79,0.1179,normal,none
7138,80.32,0.1551,normal,none
7139,77.63,0.1484,normal,none
7140,78.5,0.1679,normal,none
7141,79.01,0.1239,normal,none
7142,78.6,0.0978,normal,none
7143,79.28,0.1553,normal,none
7144,79.94,0.1737,normal,none
7145,78.57,0.1449,normal,none
7146,78.93,0.1009,normal,none
7147,79.7,0.0849,normal,none
7148,78.71,0.1462,normal,none
7149,78.32,0.1059,normal,none
7150,131.06,0.0966,anomaly,spike
7151,129.78,0.0261,anomaly,spike
7152,130.2,0.0998,anomaly,spike
7153,128.45,0.0531,anomaly,spike
7154,76.55,0.0976,normal,none
7155,76.56,0.1905,normal,none
7156,76.14,0.1465,normal,none
7157,78.51,0.0867,normal,none
7158,79.19,0.0646,normal,none
7159,76.51,0.1135,normal,none
7160,76.48,0.1108,normal,none
7161,76.53,0.1095,normal,none
7162,78.14,0.1482,normal,none
7163,76.69,0.1969,normal,none
7164,77.39,0.141,normal,none
7165,74.54,0.1595,normal,none
7166,78.35,0.0938,normal,none
7167,78.89,0.0899,normal,none
7168,77.02,0.0974,normal,none
7169,75.42,0.1966,normal,none
7170,77.6,0.0894,normal,none
7171,76.45,0.1646,normal,none
7172,75.58,0.099,normal,none
7173,76.74,0.186,normal,none
7174,76.06,0.1174,normal,none
7175,76.38,0.1931,normal,none
7176,76.59,0.1761,normal,none
7177,77.34,0.1233,normal,none
7178,75.59,0.1092,normal,none
7179,75.63,0.1775,normal,none
7180,76.08,0.1165,normal,none
7181,76.94,0.1859,normal,none
7182,77.56,0.0798,normal,none
7183,77.24,0.1427,normal,none
7184,76.94,0.1467,normal,none
7185,78.17,0.128,normal,none
7186,76.4,0.1584,normal,none
7187,76.18,0.1179,normal,none
7188,75.95,0.1563,normal,none
7189,77.97,0.0549,normal,none
7190,78.41,0.1346,normal,none
7191,76.09,0.0739,normal,none
7192,76.32,0.0592,normal,none
7193,77.84,0.1534,normal,none
7194,77.68,0.1485,normal,none
7195,77.13,0.0558,normal,none
7196,79.7,0.1017,normal,none
7197,76.02,0.1091,normal,none
7198,78.0,0.0854,normal,none
7199,78.42,0.0921,normal,none
