timestamp,hr,acc,label,anomaly_type
0,75.33,0.0671,normal,none
1,78.13,0.1727,normal,none
2,78.84,0.0504,normal,none
3,75.1,0.1449,normal,none
4,77.27,0.0854,normal,none
5,78.75,0.1845,normal,none
6,78.59,0.1271,normal,none
7,78.5,0.0754,normal,none
8,73.86,0.1942,normal,none
9,76.85,0.1791,normal,none
10,77.72,0.1769,normal,none
11,79.87,0.1391,normal,none
12,74.08,0.1475,normal,none
13,78.06,0.1019,normal,none
14,79.46,0.1128,normal,none
15,79.34,0.105,normal,none
16,76.76,0.1246,normal,none
17,75.37,0.0723,normal,none
18,78.8,0.0511,normal,none
19,78.54,0.0727,normal,none
20,77.98,0.189,normal,none
21,76.11,0.1902,normal,none
22,74.23,0.0859,normal,none
23,78.08,0.0563,normal,none
24,78.08,0.0761,normal,none
25,77.73,0.0943,normal,none
26,76.49,0.0907,normal,none
27,77.0,0.1795,normal,none
28,76.14,0.1439,normal,none
29,77.17,0.1186,normal,none
30,75.27,0.0755,normal,none
31,76.77,0.0597,normal,none
32,77.42,0.174,normal,none
33,79.61,0.1894,normal,none
34,76.05,0.1765,normal,none
35,75.0,0.0658,normal,none
36,77.54,0.1694,normal,none
37,78.54,0.1561,normal,none
38,77.74,0.0503,normal,none
39,76.61,0.1062,normal,none
40,75.1,0.1147,normal,none
41,79.94,0.0655,normal,none
42,77.07,0.1015,normal,none
43,76.73,0.1079,normal,none
44,77.31,0.1365,normal,none
45,76.21,0.1387,normal,none
46,79.39,0.1699,normal,none
47,77.55,0.1546,normal,none
48,77.0,0.0813,normal,none
49,75.54,0.1467,normal,none
50,76.93,0.0643,normal,none
51,78.21,0.0713,normal,none
52,76.66,0.068,normal,none
53,75.7,0.0604,normal,none
54,76.75,0.0575,normal,none
55,78.54,0.1091,normal,none
56,79.29,0.1195,normal,none
57,75.85,0.115,normal,none
58,76.11,0.1425,normal,none
59,76.28,0.1041,normal,none
60,75.92,0.1036,normal,none
61,75.18,0.1739,normal,none
62,74.76,0.0802,normal,none
63,76.18,0.0796,normal,none
64,80.42,0.0605,normal,none
65,76.69,0.1961,normal,none
66,74.3,0.1143,normal,none
67,75.41,0.1982,normal,none
68,77.52,0.0842,normal,none
69,78.14,0.1236,normal,none
70,76.02,0.1664,normal,none
71,78.32,0.0736,normal,none
72,78.47,0.1896,normal,none
73,77.46,0.0534,normal,none
74,77.73,0.1048,normal,none
75,76.71,0.093,normal,none
76,75.36,0.1684,normal,none
77,77.15,0.1914,normal,none
78,79.6,0.118,normal,none
79,78.05,0.1614,normal,none
80,75.24,0.1502,normal,none
81,77.47,0.0565,normal,none
82,77.86,0.1699,normal,none
83,76.09,0.1322,normal,none
84,76.38,0.1737,normal,none
85,76.65,0.1702,normal,none
86,80.44,0.158,normal,none
87,78.83,0.068,normal,none
88,77.15,0.1172,normal,none
89,75.28,0.1591,normal,none
90,77.93,0.1222,normal,none
91,77.68,0.116,normal,none
92,77.76,0.1993,normal,none
93,75.04,0.0861,normal,none
94,75.17,0.1953,normal,none
95,79.78,0.1039,normal,none
96,79.06,0.1511,normal,none
97,76.9,0.1942,normal,none
98,74.28,0.0657,normal,none
99,77.73,0.0816,normal,none
100,77.43,0.0504,normal,none
101,76.26,0.1708,normal,none
102,74.93,0.0654,normal,none
103,75.38,0.102,normal,none
104,76.92,0.11,normal,none
105,78.74,0.081,normal,none
106,75.29,0.0696,normal,none
107,76.73,0.1634,normal,none
108,78.14,0.0745,normal,none
109,79.57,0.1536,normal,none
110,76.39,0.1366,normal,none
111,74.84,0.1411,normal,none
112,76.76,0.0565,normal,none
113,78.58,0.0964,normal,none
114,76.5,0.1665,normal,none
115,76.49,0.1411,normal,none
116,75.67,0.084,normal,none
117,77.74,0.0618,normal,none
118,77.12,0.1374,normal,none
119,77.12,0.1937,normal,none
120,74.93,0.1681,normal,none
121,75.38,0.05,normal,none
122,78.61,0.0778,normal,none
123,78.45,0.1129,normal,none
124,77.38,0.0671,normal,none
125,76.83,0.1011,normal,none
126,77.5,0.0547,normal,none
127,78.55,0.1881,normal,none
128,78.75,0.1752,normal,none
129,75.2,0.193,normal,none
130,76.92,0.1889,normal,none
131,77.63,0.082,normal,none
132,79.16,0.1212,normal,none
133,74.56,0.0862,normal,none
134,75.11,0.1599,normal,none
135,77.71,0.124,normal,none
136,76.19,0.1334,normal,none
137,77.59,0.1271,normal,none
138,76.69,0.1204,normal,none
139,76.91,0.1262,normal,none
140,79.94,0.1702,normal,none
141,76.61,0.0769,normal,none
142,75.94,0.1424,normal,none
143,75.89,0.189,normal,none
144,75.56,0.1134,normal,none
145,78.49,0.1987,normal,none
146,77.91,0.1598,normal,none
147,76.32,0.1545,normal,none
148,74.92,0.089,normal,none
149,77.6,0.1287,normal,none
150,78.14,0.1477,normal,none
151,76.53,0.0954,normal,none
152,75.18,0.1673,normal,none
153,75.03,0.0561,normal,none
154,77.37,0.0625,normal,none
155,77.8,0.143,normal,none
156,76.41,0.1919,normal,none
157,76.2,0.1522,normal,none
158,78.89,0.0992,normal,none
159,78.0,0.0955,normal,none
160,77.14,0.1205,normal,none
161,74.45,0.1587,normal,none
162,76.95,0.0845,normal,none
163,77.65,0.0856,normal,none
164,75.64,0.1551,normal,none
165,73.29,0.1055,normal,none
166,76.23,0.1491,normal,none
167,77.4,0.1869,normal,none
168,78.56,0.1136,normal,none
169,76.79,0.0783,normal,none
170,74.82,0.0989,normal,none
171,75.62,0.167,normal,none
172,79.34,0.1596,normal,none
173,75.95,0.1424,normal,none
174,74.44,0.0962,normal,none
175,75.98,0.0516,normal,none
176,77.98,0.0659,normal,none
177,77.94,0.0824,normal,none
178,75.57,0.085,normal,none
179,75.39,0.0558,normal,none
180,75.5,0.1706,normal,none
181,78.29,0.1434,normal,none
182,74.92,0.184,normal,none
183,75.14,0.1266,normal,none
184,74.41,0.1154,normal,none
185,78.74,0.1495,normal,none
186,78.63,0.1702,normal,none
187,77.27,0.1061,normal,none
188,73.81,0.1837,normal,none
189,74.62,0.0742,normal,none
190,77.0,0.1592,normal,none
191,76.65,0.0523,normal,none
192,76.09,0.1114,normal,none
193,77.67,0.1366,normal,none
194,78.82,0.0814,normal,none
195,78.11,0.1387,normal,none
196,74.55,0.1088,normal,none
197,77.38,0.0702,normal,none
198,76.99,0.1066,normal,none
199,77.68,0.0738,normal,none
200,128.53,0.0354,anomaly,spike
201,125.64,0.0306,anomaly,spike
202,126.02,0.0608,anomaly,spike
203,128.38,0.067,anomaly,spike
204,128.22,0.0026,anomaly,spike
205,126.76,0.0513,anomaly,spike
206,74.01,0.0857,normal,none
207,76.79,0.1682,normal,none
208,77.98,0.1329,normal,none
209,77.85,0.1115,normal,none
210,76.57,0.1766,normal,none
211,72.87,0.1546,normal,none
212,78.34,0.135,normal,none
213,79.07,0.1452,normal,none
214,77.13,0.1668,normal,none
215,76.82,0.0682,normal,none
216,77.78,0.1955,normal,none
217,75.36,0.1063,normal,none
218,76.55,0.1457,normal,none
219,76.13,0.1212,normal,none
220,77.02,0.1333,normal,none
221,77.55,0.0898,normal,none
222,78.46,0.0677,normal,none
223,76.52,0.1125,normal,none
224,76.0,0.0876,normal,none
225,74.75,0.0502,normal,none
226,78.47,0.121,normal,none
227,77.02,0.1888,normal,none
228,76.68,0.1253,normal,none
229,74.2,0.1931,normal,none
230,77.36,0.1674,normal,none
231,76.02,0.1761,normal,none
232,76.47,0.1966,normal,none
233,76.15,0.1908,normal,none
234,76.71,0.1211,normal,none
235,77.14,0.0705,normal,none
236,76.42,0.1075,normal,none
237,73.93,0.1542,normal,none
238,75.02,0.1548,normal,none
239,78.29,0.1055,normal,none
240,77.54,0.0718,normal,none
241,76.04,0.1594,normal,none
242,74.17,0.1051,normal,none
243,75.54,0.1756,normal,none
244,78.84,0.0697,normal,none
245,77.91,0.0597,normal,none
246,75.92,0.1361,normal,none
247,74.83,0.1012,normal,none
248,75.35,0.1188,normal,none
249,78.4,0.0998,normal,none
250,76.39,0.0613,normal,none
251,75.62,0.0528,normal,none
252,77.02,0.0627,normal,none
253,78.67,0.1126,normal,none
254,77.99,0.1637,normal,none
255,75.5,0.1806,normal,none
256,74.7,0.159,normal,none
257,76.92,0.1009,normal,none
258,77.23,0.0893,normal,none
259,75.75,0.1803,normal,none
260,74.58,0.1252,normal,none
261,77.25,0.1871,normal,none
262,76.99,0.1377,normal,none
263,77.27,0.0937,normal,none
264,74.91,0.1386,normal,none
265,75.01,0.069,normal,none
266,77.65,0.117,normal,none
267,80.14,0.1717,normal,none
268,76.16,0.0538,normal,none
269,74.43,0.127,normal,none
270,76.0,0.0654,normal,none
271,77.97,0.0612,normal,none
272,76.58,0.1091,normal,none
273,76.51,0.1422,normal,none
274,76.25,0.0641,normal,none
275,78.18,0.1919,normal,none
276,77.15,0.0936,normal,none
277,73.47,0.1076,normal,none
278,74.2,0.0883,normal,none
279,75.45,0.1861,normal,none
280,77.64,0.1456,normal,none
281,78.6,0.0805,normal,none
282,75.29,0.1649,normal,none
283,74.57,0.1636,normal,none
284,77.97,0.19,normal,none
285,77.6,0.1159,normal,none
286,75.78,0.1293,normal,none
287,75.27,0.1549,normal,none
288,75.44,0.0868,normal,none
289,79.28,0.1596,normal,none
290,75.58,0.1328,normal,none
291,75.48,0.1434,normal,none
292,74.24,0.1922,normal,none
293,76.81,0.1749,normal,none
294,76.82,0.0841,normal,none
295,77.57,0.118,normal,none
296,74.24,0.1003,normal,none
297,75.94,0.1025,normal,none
298,80.75,0.1378,normal,none
299,77.89,0.1555,normal,none
300,74.78,0.139,normal,none
301,75.02,0.1948,normal,none
302,77.98,0.1724,normal,none
303,78.46,0.0901,normal,none
304,76.22,0.1223,normal,none
305,73.86,0.0677,normal,none
306,76.91,0.1267,normal,none
307,77.52,0.1572,normal,none
308,77.71,0.1318,normal,none
309,74.56,0.1927,normal,none
310,75.86,0.1338,normal,none
311,75.52,0.0642,normal,none
312,78.53,0.0617,normal,none
313,75.4,0.0865,normal,none
314,75.36,0.118,normal,none
315,75.66,0.0523,normal,none
316,77.5,0.0544,normal,none
317,77.02,0.151,normal,none
318,77.16,0.0923,normal,none
319,76.46,0.0565,normal,none
320,78.44,0.1999,normal,none
321,77.52,0.0822,normal,none
322,76.65,0.1452,normal,none
323,76.64,0.1505,normal,none
324,76.83,0.0952,normal,none
325,79.35,0.1806,normal,none
326,77.27,0.0641,normal,none
327,74.94,0.0967,normal,none
328,75.21,0.0662,normal,none
329,77.73,0.0951,normal,none
330,78.6,0.0997,normal,none
331,75.56,0.1776,normal,none
332,72.91,0.1825,normal,none
333,75.64,0.09,normal,none
334,80.66,0.1989,normal,none
335,76.8,0.1147,normal,none
336,76.1,0.1903,normal,none
337,74.99,0.1726,normal,none
338,78.51,0.1113,normal,none
339,77.77,0.1279,normal,none
340,75.62,0.1834,normal,none
341,74.03,0.0872,normal,none
342,74.65,0.0604,normal,none
343,78.24,0.1109,normal,none
344,77.05,0.1653,normal,none
345,75.49,0.144,normal,none
346,75.6,0.0669,normal,none
347,78.51,0.1867,normal,none
348,79.24,0.0666,normal,none
349,75.55,0.1969,normal,none
350,74.3,0.1484,normal,none
351,76.56,0.1205,normal,none
352,79.16,0.1525,normal,none
353,74.82,0.1054,normal,none
354,72.87,0.0676,normal,none
355,74.68,0.1022,normal,none
356,79.48,0.1094,normal,none
357,78.15,0.13,normal,none
358,75.71,0.0713,normal,none
359,73.62,0.1685,normal,none
360,76.24,0.0799,normal,none
361,75.99,0.1857,normal,none
362,76.48,0.129,normal,none
363,75.1,0.1861,normal,none
364,74.18,0.0886,normal,none
365,77.63,0.1112,normal,none
366,76.76,0.1402,normal,none
367,76.92,0.0633,normal,none
368,73.78,0.1393,normal,none
369,75.5,0.1115,normal,none
370,78.09,0.1742,normal,none
371,78.4,0.1994,normal,none
372,73.88,0.1022,normal,none
373,74.93,0.1128,normal,none
374,78.2,0.155,normal,none
375,77.48,0.136,normal,none
376,76.26,0.1726,normal,none
377,75.04,0.182,normal,none
378,74.72,0.0648,normal,none
379,77.64,0.1911,normal,none
380,76.22,0.1728,normal,none
381,75.83,0.0656,normal,none
382,73.95,0.0825,normal,none
383,78.22,0.056,normal,none
384,76.94,0.1916,normal,none
385,76.66,0.0785,normal,none
386,74.52,0.1564,normal,none
387,77.39,0.1304,normal,none
388,78.26,0.146,normal,none
389,76.78,0.1917,normal,none
390,77.53,0.0838,normal,none
391,73.96,0.181,normal,none
392,76.64,0.0726,normal,none
393,75.55,0.1594,normal,none
394,75.75,0.1381,normal,none
395,74.3,0.1809,normal,none
396,75.93,0.0523,normal,none
397,78.1,0.0903,normal,none
398,76.61,0.1866,normal,none
399,73.97,0.1622,normal,none
400,0.0,0.0,anomaly,drop_out
401,0.0,0.0,anomaly,drop_out
402,0.0,0.0,anomaly,drop_out
403,0.0,0.0,anomaly,drop_out
404,0.0,0.0,anomaly,drop_out
405,0.0,0.0,anomaly,drop_out
406,0.0,0.0,anomaly,drop_out
407,0.0,0.0,anomaly,drop_out
408,0.0,0.0,anomaly,drop_out
409,0.0,0.0,anomaly,drop_out
410,0.0,0.0,anomaly,drop_out
411,0.0,0.0,anomaly,drop_out
412,0.0,0.0,anomaly,drop_out
413,0.0,0.0,anomaly,drop_out
414,0.0,0.0,anomaly,drop_out
415,74.99,0.0863,normal,none
416,76.38,0.0877,normal,none
417,74.81,0.1852,normal,none
418,74.24,0.0649,normal,none
419,76.32,0.1474,normal,none
420,77.26,0.15,normal,none
421,75.23,0.1203,normal,none
422,73.8,0.0564,normal,none
423,74.9,0.0556,normal,none
424,76.27,0.1206,normal,none
425,76.24,0.091,normal,none
426,74.57,0.1656,normal,none
427,75.67,0.1547,normal,none
428,78.97,0.0727,normal,none
429,75.3,0.1794,normal,none
430,76.27,0.1921,normal,none
431,75.46,0.0795,normal,none
432,77.72,0.0531,normal,none
433,77.22,0.0649,normal,none
434,76.79,0.0802,normal,none
435,73.88,0.1673,normal,none
436,72.98,0.0735,normal,none
437,78.2,0.1734,normal,none
438,77.07,0.1308,normal,none
439,74.74,0.063,normal,none
440,73.83,0.0799,normal,none
441,74.16,0.1847,normal,none
442,78.6,0.1823,normal,none
443,76.25,0.1933,normal,none
444,75.03,0.0841,normal,none
445,75.69,0.1981,normal,none
446,76.58,0.1596,normal,none
447,79.98,0.1271,normal,none
448,77.94,0.0528,normal,none
449,74.46,0.1746,normal,none
450,75.72,0.0582,normal,none
451,75.59,0.1668,normal,none
452,75.35,0.118,normal,none
453,75.92,0.1477,normal,none
454,74.5,0.0847,normal,none
455,77.17,0.1741,normal,none
456,76.38,0.0839,normal,none
457,76.82,0.1557,normal,none
458,73.64,0.1117,normal,none
459,76.97,0.1946,normal,none
460,77.07,0.1322,normal,none
461,76.73,0.0859,normal,none
462,75.58,0.0994,normal,none
463,75.61,0.1789,normal,none
464,78.97,0.0837,normal,none
465,76.42,0.0564,normal,none
466,74.14,0.155,normal,none
467,73.25,0.0811,normal,none
468,74.51,0.1246,normal,none
469,76.14,0.0887,normal,none
470,74.32,0.1382,normal,none
471,75.18,0.0674,normal,none
472,73.9,0.198,normal,none
473,77.93,0.098,normal,none
474,76.48,0.0851,normal,none
475,75.09,0.1874,normal,none
476,71.79,0.0966,normal,none
477,76.58,0.1147,normal,none
478,77.5,0.1932,normal,none
479,75.91,0.0795,normal,none
480,75.58,0.1115,normal,none
481,73.08,0.119,normal,none
482,76.97,0.0635,normal,none
483,78.3,0.1695,normal,none
484,76.43,0.0652,normal,none
485,73.44,0.0552,normal,none
486,76.96,0.0832,normal,none
487,76.18,0.1439,normal,none
488,75.98,0.1,normal,none
489,76.03,0.0716,normal,none
490,75.36,0.1394,normal,none
491,75.51,0.0615,normal,none
492,75.83,0.1549,normal,none
493,75.63,0.0595,normal,none
494,75.1,0.1921,normal,none
495,76.02,0.1323,normal,none
496,76.35,0.172,normal,none
497,73.8,0.0944,normal,none
498,73.91,0.19,normal,none
499,74.9,0.1208,normal,none
500,75.77,0.0446,anomaly,silent_drift
501,76.75,0.0722,anomaly,silent_drift
502,75.8,0.0593,anomaly,silent_drift
503,75.25,0.0486,anomaly,silent_drift
504,76.55,0.0459,anomaly,silent_drift
505,77.46,0.0783,anomaly,silent_drift
506,74.6,0.0356,anomaly,silent_drift
507,75.39,0.0947,anomaly,silent_drift
508,74.63,0.043,anomaly,silent_drift
509,77.32,0.0582,anomaly,silent_drift
510,78.0,0.0879,anomaly,silent_drift
511,75.11,0.0201,anomaly,silent_drift
512,77.85,0.0828,anomaly,silent_drift
513,77.42,0.0683,anomaly,silent_drift
514,78.81,0.0125,anomaly,silent_drift
515,74.82,0.0601,anomaly,silent_drift
516,76.27,0.0339,anomaly,silent_drift
517,76.38,0.0496,anomaly,silent_drift
518,75.61,0.0703,anomaly,silent_drift
519,78.94,0.0138,anomaly,silent_drift
520,76.1,0.0345,anomaly,silent_drift
521,76.23,0.0443,anomaly,silent_drift
522,76.38,0.0194,anomaly,silent_drift
523,78.27,0.0004,anomaly,silent_drift
524,76.86,0.095,anomaly,silent_drift
525,77.91,0.0545,anomaly,silent_drift
526,77.15,0.0999,anomaly,silent_drift
527,75.67,0.0582,anomaly,silent_drift
528,79.33,0.0627,anomaly,silent_drift
529,77.39,0.0378,anomaly,silent_drift
530,76.96,0.0169,anomaly,silent_drift
531,75.78,0.0113,anomaly,silent_drift
532,76.99,0.0478,anomaly,silent_drift
533,77.35,0.069,anomaly,silent_drift
534,75.94,0.0437,anomaly,silent_drift
535,78.08,0.0897,anomaly,silent_drift
536,79.47,0.0385,anomaly,silent_drift
537,78.24,0.0766,anomaly,silent_drift
538,76.64,0.0726,anomaly,silent_drift
539,77.83,0.0537,anomaly,silent_drift
540,77.25,0.0954,anomaly,silent_drift
541,79.51,0.0467,anomaly,silent_drift
542,77.47,0.0284,anomaly,silent_drift
543,76.07,0.0195,anomaly,silent_drift
544,76.83,0.0092,anomaly,silent_drift
545,78.89,0.0406,anomaly,silent_drift
546,78.73,0.0297,anomaly,silent_drift
547,77.69,0.0504,anomaly,silent_drift
548,75.07,0.0527,anomaly,silent_drift
549,77.98,0.0514,anomaly,silent_drift
550,80.16,0.0051,anomaly,silent_drift
551,78.33,0.0073,anomaly,silent_drift
552,78.71,0.0146,anomaly,silent_drift
553,76.68,0.069,anomaly,silent_drift
554,77.51,0.0809,anomaly,silent_drift
555,81.19,0.0259,anomaly,silent_drift
556,78.84,0.084,anomaly,silent_drift
557,78.59,0.0407,anomaly,silent_drift
558,78.83,0.0614,anomaly,silent_drift
559,79.36,0.0281,anomaly,silent_drift
560,78.54,0.0615,anomaly,silent_drift
561,74.31,0.0081,anomaly,silent_drift
562,77.35,0.099,anomaly,silent_drift
563,79.94,0.0284,anomaly,silent_drift
564,79.85,0.0948,anomaly,silent_drift
565,77.15,0.0759,anomaly,silent_drift
566,78.3,0.0894,anomaly,silent_drift
567,79.83,0.0713,anomaly,silent_drift
568,80.5,0.0014,anomaly,silent_drift
569,81.07,0.0707,anomaly,silent_drift
570,79.22,0.0627,anomaly,silent_drift
571,80.41,0.0703,anomaly,silent_drift
572,78.23,0.0051,anomaly,silent_drift
573,80.59,0.0156,anomaly,silent_drift
574,78.28,0.0831,anomaly,silent_drift
575,77.32,0.0104,anomaly,silent_drift
576,80.01,0.0122,anomaly,silent_drift
577,80.46,0.0908,anomaly,silent_drift
578,80.6,0.0742,anomaly,silent_drift
579,76.61,0.0472,anomaly,silent_drift
580,77.04,0.0711,anomaly,silent_drift
581,82.75,0.0449,anomaly,silent_drift
582,81.51,0.0044,anomaly,silent_drift
583,80.66,0.0994,anomaly,silent_drift
584,79.18,0.0065,anomaly,silent_drift
585,79.27,0.0635,anomaly,silent_drift
586,82.66,0.0621,anomaly,silent_drift
587,79.39,0.0832,anomaly,silent_drift
588,79.57,0.0192,anomaly,silent_drift
589,80.61,0.0452,anomaly,silent_drift
590,82.54,0.06,anomaly,silent_drift
591,81.26,0.0415,anomaly,silent_drift
592,79.36,0.0472,anomaly,silent_drift
593,78.92,0.0675,anomaly,silent_drift
594,77.94,0.0229,anomaly,silent_drift
595,81.96,0.0878,anomaly,silent_drift
596,79.76,0.0425,anomaly,silent_drift
597,79.74,0.0995,anomaly,silent_drift
598,81.28,0.0045,anomaly,silent_drift
599,81.61,0.0816,anomaly,silent_drift
600,83.53,0.0156,anomaly,silent_drift
601,78.92,0.0065,anomaly,silent_drift
602,80.39,0.0872,anomaly,silent_drift
603,80.78,0.0095,anomaly,silent_drift
604,85.04,0.0359,anomaly,silent_drift
605,81.44,0.0079,anomaly,silent_drift
606,79.12,0.0206,anomaly,silent_drift
607,78.68,0.0537,anomaly,silent_drift
608,81.65,0.0649,anomaly,silent_drift
609,82.61,0.0499,anomaly,silent_drift
610,81.47,0.0882,anomaly,silent_drift
611,80.29,0.0287,anomaly,silent_drift
612,81.66,0.0417,anomaly,silent_drift
613,82.69,0.0863,anomaly,silent_drift
614,81.13,0.0555,anomaly,silent_drift
615,80.5,0.0638,anomaly,silent_drift
616,80.26,0.0885,anomaly,silent_drift
617,82.8,0.0688,anomaly,silent_drift
618,82.96,0.0832,anomaly,silent_drift
619,81.68,0.0794,anomaly,silent_drift
620,81.3,0.0783,anomaly,silent_drift
621,82.8,0.03,anomaly,silent_drift
622,83.54,0.0711,anomaly,silent_drift
623,83.83,0.0041,anomaly,silent_drift
624,79.61,0.0253,anomaly,silent_drift
625,80.85,0.0421,anomaly,silent_drift
626,83.83,0.0269,anomaly,silent_drift
627,82.98,0.0904,anomaly,silent_drift
628,81.24,0.002,anomaly,silent_drift
629,81.49,0.0575,anomaly,silent_drift
630,83.41,0.0598,anomaly,silent_drift
631,85.27,0.0076,anomaly,silent_drift
632,81.58,0.0926,anomaly,silent_drift
633,79.62,0.0285,anomaly,silent_drift
634,81.49,0.0509,anomaly,silent_drift
635,83.19,0.0221,anomaly,silent_drift
636,83.67,0.0216,anomaly,silent_drift
637,82.66,0.0389,anomaly,silent_drift
638,80.67,0.021,anomaly,silent_drift
639,82.05,0.0893,anomaly,silent_drift
640,82.05,0.0048,anomaly,silent_drift
641,82.24,0.0778,anomaly,silent_drift
642,81.97,0.039,anomaly,silent_drift
643,82.19,0.0672,anomaly,silent_drift
644,84.16,0.0936,anomaly,silent_drift
645,84.31,0.0086,anomaly,silent_drift
646,82.31,0.066,anomaly,silent_drift
647,82.97,0.0218,anomaly,silent_drift
648,84.69,0.0017,anomaly,silent_drift
649,86.03,0.0359,anomaly,silent_drift
650,86.32,0.0618,anomaly,silent_drift
651,82.03,0.0224,anomaly,silent_drift
652,81.36,0.0574,anomaly,silent_drift
653,83.61,0.004,anomaly,silent_drift
654,85.45,0.0732,anomaly,silent_drift
655,83.44,0.0152,anomaly,silent_drift
656,81.65,0.0226,anomaly,silent_drift
657,82.85,0.0654,anomaly,silent_drift
658,83.25,0.0131,anomaly,silent_drift
659,83.18,0.0252,anomaly,silent_drift
660,83.38,0.0843,anomaly,silent_drift
661,84.84,0.0977,anomaly,silent_drift
662,82.95,0.0555,anomaly,silent_drift
663,84.07,0.0543,anomaly,silent_drift
664,82.9,0.0751,anomaly,silent_drift
665,82.9,0.022,anomaly,silent_drift
666,84.94,0.0926,anomaly,silent_drift
667,86.07,0.008,anomaly,silent_drift
668,84.3,0.0704,anomaly,silent_drift
669,82.83,0.0516,anomaly,silent_drift
670,85.18,0.0384,anomaly,silent_drift
671,83.93,0.0058,anomaly,silent_drift
672,84.38,0.0653,anomaly,silent_drift
673,85.02,0.0729,anomaly,silent_drift
674,82.07,0.0703,anomaly,silent_drift
675,84.9,0.0513,anomaly,silent_drift
676,87.88,0.0929,anomaly,silent_drift
677,85.01,0.0411,anomaly,silent_drift
678,82.5,0.0881,anomaly,silent_drift
679,83.36,0.0973,anomaly,silent_drift
680,85.1,0.0129,anomaly,silent_drift
681,85.8,0.0958,anomaly,silent_drift
682,83.11,0.0248,anomaly,silent_drift
683,83.34,0.0393,anomaly,silent_drift
684,83.04,0.0393,anomaly,silent_drift
685,85.73,0.0283,anomaly,silent_drift
686,87.37,0.06,anomaly,silent_drift
687,84.39,0.0541,anomaly,silent_drift
688,83.36,0.0715,anomaly,silent_drift
689,85.75,0.0337,anomaly,silent_drift
690,84.1,0.0765,anomaly,silent_drift
691,83.36,0.0841,anomaly,silent_drift
692,82.91,0.0187,anomaly,silent_drift
693,84.59,0.0484,anomaly,silent_drift
694,87.01,0.0693,anomaly,silent_drift
695,85.69,0.0778,anomaly,silent_drift
696,84.59,0.0614,anomaly,silent_drift
697,85.75,0.0626,anomaly,silent_drift
698,85.55,0.0752,anomaly,silent_drift
699,85.58,0.0674,anomaly,silent_drift
700,85.24,0.0799,anomaly,silent_drift
701,83.17,0.0777,anomaly,silent_drift
702,85.06,0.0384,anomaly,silent_drift
703,84.94,0.083,anomaly,silent_drift
704,87.49,0.0421,anomaly,silent_drift
705,84.73,0.0514,anomaly,silent_drift
706,85.92,0.0197,anomaly,silent_drift
707,87.29,0.0424,anomaly,silent_drift
708,86.79,0.067,anomaly,silent_drift
709,86.38,0.0822,anomaly,silent_drift
710,84.47,0.036,anomaly,silent_drift
711,87.21,0.0731,anomaly,silent_drift
712,87.06,0.0739,anomaly,silent_drift
713,87.08,0.0948,anomaly,silent_drift
714,84.07,0.0611,anomaly,silent_drift
715,85.01,0.0341,anomaly,silent_drift
716,87.94,0.0368,anomaly,silent_drift
717,86.93,0.0399,anomaly,silent_drift
718,88.05,0.0771,anomaly,silent_drift
719,85.29,0.0252,anomaly,silent_drift
720,86.93,0.0269,anomaly,silent_drift
721,88.82,0.0788,anomaly,silent_drift
722,87.0,0.0781,anomaly,silent_drift
723,84.15,0.0227,anomaly,silent_drift
724,84.5,0.03,anomaly,silent_drift
725,87.15,0.0996,anomaly,silent_drift
726,88.53,0.0397,anomaly,silent_drift
727,85.4,0.0033,anomaly,silent_drift
728,86.83,0.0529,anomaly,silent_drift
729,86.03,0.029,anomaly,silent_drift
730,87.84,0.0236,anomaly,silent_drift
731,85.37,0.0022,anomaly,silent_drift
732,86.11,0.0796,anomaly,silent_drift
733,85.43,0.0415,anomaly,silent_drift
734,89.33,0.039,anomaly,silent_drift
735,88.81,0.0986,anomaly,silent_drift
736,88.31,0.0798,anomaly,silent_drift
737,85.49,0.0886,anomaly,silent_drift
738,86.18,0.0558,anomaly,silent_drift
739,89.81,0.0613,anomaly,silent_drift
740,86.92,0.0976,anomaly,silent_drift
741,86.83,0.0984,anomaly,silent_drift
742,87.18,0.0983,anomaly,silent_drift
743,90.55,0.0231,anomaly,silent_drift
744,89.62,0.0843,anomaly,silent_drift
745,87.83,0.0872,anomaly,silent_drift
746,85.73,0.0427,anomaly,silent_drift
747,88.31,0.0059,anomaly,silent_drift
748,88.89,0.0867,anomaly,silent_drift
749,88.5,0.052,anomaly,silent_drift
750,84.1,0.0686,anomaly,silent_drift
751,88.58,0.0001,anomaly,silent_drift
752,89.31,0.0565,anomaly,silent_drift
753,88.97,0.0882,anomaly,silent_drift
754,86.72,0.0705,anomaly,silent_drift
755,86.66,0.0924,anomaly,silent_drift
756,88.16,0.0253,anomaly,silent_drift
757,91.15,0.056,anomaly,silent_drift
758,88.94,0.051,anomaly,silent_drift
759,87.34,0.0127,anomaly,silent_drift
760,88.76,0.0439,anomaly,silent_drift
761,88.72,0.0098,anomaly,silent_drift
762,90.59,0.0032,anomaly,silent_drift
763,88.63,0.0391,anomaly,silent_drift
764,88.09,0.03,anomaly,silent_drift
765,88.2,0.0671,anomaly,silent_drift
766,88.97,0.0242,anomaly,silent_drift
767,89.41,0.0025,anomaly,silent_drift
768,87.69,0.0136,anomaly,silent_drift
769,87.77,0.0938,anomaly,silent_drift
770,90.93,0.0109,anomaly,silent_drift
771,89.83,0.0741,anomaly,silent_drift
772,87.82,0.0965,anomaly,silent_drift
773,86.98,0.0415,anomaly,silent_drift
774,90.03,0.0954,anomaly,silent_drift
775,91.85,0.0976,anomaly,silent_drift
776,89.18,0.0444,anomaly,silent_drift
777,86.5,0.0157,anomaly,silent_drift
778,86.12,0.0475,anomaly,silent_drift
779,90.12,0.0156,anomaly,silent_drift
780,89.98,0.0235,anomaly,silent_drift
781,88.36,0.0007,anomaly,silent_drift
782,87.56,0.0139,anomaly,silent_drift
783,90.65,0.0514,anomaly,silent_drift
784,90.92,0.0974,anomaly,silent_drift
785,89.39,0.0357,anomaly,silent_drift
786,88.58,0.0415,anomaly,silent_drift
787,89.89,0.0459,anomaly,silent_drift
788,91.74,0.0923,anomaly,silent_drift
789,93.57,0.0147,anomaly,silent_drift
790,89.14,0.0953,anomaly,silent_drift
791,87.56,0.0538,anomaly,silent_drift
792,89.25,0.0573,anomaly,silent_drift
793,92.24,0.019,anomaly,silent_drift
794,91.31,0.0677,anomaly,silent_drift
795,88.27,0.0527,anomaly,silent_drift
796,88.67,0.0267,anomaly,silent_drift
797,91.08,0.0332,anomaly,silent_drift
798,90.3,0.014,anomaly,silent_drift
799,89.89,0.0598,anomaly,silent_drift
800,72.84,0.1731,normal,none
801,75.05,0.1472,normal,none
802,76.37,0.0519,normal,none
803,76.23,0.1794,normal,none
804,74.4,0.0902,normal,none
805,75.21,0.1138,normal,none
806,75.37,0.1317,normal,none
807,74.96,0.1216,normal,none
808,76.06,0.1666,normal,none
809,73.99,0.1612,normal,none
810,73.93,0.123,normal,none
811,77.31,0.0987,normal,none
812,76.43,0.1815,normal,none
813,71.73,0.1585,normal,none
814,74.1,0.1236,normal,none
815,77.04,0.1093,normal,none
816,76.69,0.0783,normal,none
817,75.55,0.1097,normal,none
818,72.29,0.0721,normal,none
819,73.29,0.1751,normal,none
820,77.34,0.1266,normal,none
821,76.48,0.08,normal,none
822,72.81,0.0888,normal,none
823,73.99,0.1597,normal,none
824,74.48,0.1206,normal,none
825,76.35,0.1305,normal,none
826,76.38,0.147,normal,none
827,76.16,0.0857,normal,none
828,74.03,0.1997,normal,none
829,77.46,0.0781,normal,none
830,76.33,0.1121,normal,none
831,72.78,0.0556,normal,none
832,74.12,0.1002,normal,none
833,77.0,0.1453,normal,none
834,75.61,0.1519,normal,none
835,76.33,0.1551,normal,none
836,74.19,0.1292,normal,none
837,75.73,0.1797,normal,none
838,76.81,0.1223,normal,none
839,75.19,0.066,normal,none
840,74.59,0.1034,normal,none
841,73.35,0.1077,normal,none
842,76.67,0.1398,normal,none
843,75.22,0.1657,normal,none
844,76.19,0.1918,normal,none
845,74.43,0.146,normal,none
846,73.79,0.1858,normal,none
847,76.38,0.0687,normal,none
848,74.73,0.189,normal,none
849,73.92,0.1406,normal,none
850,73.98,0.1969,normal,none
851,76.71,0.0909,normal,none
852,75.05,0.0992,normal,none
853,73.57,0.1458,normal,none
854,72.72,0.1314,normal,none
855,74.93,0.1103,normal,none
856,76.83,0.1716,normal,none
857,74.44,0.0573,normal,none
858,73.57,0.059,normal,none
859,73.88,0.0916,normal,none
860,75.13,0.1751,normal,none
861,75.92,0.1981,normal,none
862,74.63,0.1935,normal,none
863,74.82,0.1206,normal,none
864,74.98,0.1425,normal,none
865,74.98,0.1888,normal,none
866,74.88,0.1435,normal,none
867,74.15,0.0882,normal,none
868,74.43,0.1006,normal,none
869,75.89,0.1041,normal,none
870,74.47,0.1077,normal,none
871,74.52,0.1621,normal,none
872,74.55,0.0814,normal,none
873,75.01,0.1173,normal,none
874,76.85,0.1619,normal,none
875,74.55,0.1834,normal,none
876,71.91,0.1817,normal,none
877,73.17,0.111,normal,none
878,77.74,0.0773,normal,none
879,76.02,0.146,normal,none
880,73.78,0.193,normal,none
881,74.68,0.0818,normal,none
882,76.46,0.0988,normal,none
883,77.37,0.1659,normal,none
884,75.86,0.1527,normal,none
885,74.1,0.1957,normal,none
886,74.45,0.0633,normal,none
887,75.65,0.1429,normal,none
888,75.5,0.1431,normal,none
889,74.85,0.1701,normal,none
890,74.62,0.0959,normal,none
891,75.95,0.0776,normal,none
892,76.03,0.198,normal,none
893,74.6,0.1373,normal,none
894,74.27,0.1675,normal,none
895,73.54,0.0752,normal,none
896,76.71,0.1276,normal,none
897,77.4,0.1649,normal,none
898,74.5,0.0799,normal,none
899,72.05,0.1488,normal,none
900,74.68,2.1065,walking,walking
901,77.96,1.3346,walking,walking
902,78.07,1.3041,walking,walking
903,75.94,1.5213,walking,walking
904,78.74,1.7362,walking,walking
905,82.41,2.1306,walking,walking
906,82.44,1.4892,walking,walking
907,81.51,2.4988,walking,walking
908,84.13,1.8311,walking,walking
909,86.45,1.391,walking,walking
910,86.05,1.4953,walking,walking
911,88.41,1.891,walking,walking
912,85.07,2.1318,walking,walking
913,89.19,1.8577,walking,walking
914,90.67,2.0696,walking,walking
915,92.29,0.9759,walking,walking
916,92.67,0.8104,walking,walking
917,90.54,1.6228,walking,walking
918,94.15,1.7596,walking,walking
919,96.55,2.3395,walking,walking
920,97.4,2.2098,walking,walking
921,95.54,2.3881,walking,walking
922,93.96,1.2284,walking,walking
923,95.81,0.8718,walking,walking
924,96.77,2.0991,walking,walking
925,95.05,1.4912,walking,walking
926,95.1,1.3238,walking,walking
927,95.04,1.0365,walking,walking
928,96.1,1.9539,walking,walking
929,93.5,1.9841,walking,walking
930,94.34,1.6807,walking,walking
931,96.83,1.6298,walking,walking
932,94.91,1.121,walking,walking
933,98.92,1.3722,walking,walking
934,94.23,1.709,walking,walking
935,93.18,1.2868,walking,walking
936,95.81,1.722,walking,walking
937,97.1,1.1227,walking,walking
938,95.87,1.4421,walking,walking
939,93.65,1.8504,walking,walking
940,93.35,2.1392,walking,walking
941,96.29,1.2185,walking,walking
942,96.98,2.0873,walking,walking
943,92.97,1.3713,walking,walking
944,91.96,1.0462,walking,walking
945,94.01,2.1944,walking,walking
946,97.76,1.1588,walking,walking
947,96.56,2.1938,walking,walking
948,93.46,1.7912,walking,walking
949,93.74,1.3258,walking,walking
950,96.28,1.3643,walking,walking
951,96.49,1.2648,walking,walking
952,95.02,2.1659,walking,walking
953,94.97,2.1123,walking,walking
954,93.48,1.417,walking,walking
955,95.86,1.5312,walking,walking
956,97.62,2.2325,walking,walking
957,92.76,1.1785,walking,walking
958,94.42,1.4968,walking,walking
959,96.55,2.3925,walking,walking
960,98.16,0.9233,walking,walking
961,94.59,1.3824,walking,walking
962,94.58,1.2006,walking,walking
963,95.29,1.9959,walking,walking
964,97.75,2.1789,walking,walking
965,96.16,1.8586,walking,walking
966,94.13,2.3536,walking,walking
967,94.58,2.2206,walking,walking
968,94.97,1.1647,walking,walking
969,95.14,2.1425,walking,walking
970,94.69,2.2368,walking,walking
971,91.7,1.6817,walking,walking
972,96.3,1.0475,walking,walking
973,97.46,0.8872,walking,walking
974,95.06,1.3643,walking,walking
975,94.68,1.1274,walking,walking
976,95.93,1.8783,walking,walking
977,97.47,1.1179,walking,walking
978,98.45,1.9625,walking,walking
979,95.67,1.395,walking,walking
980,93.23,0.8374,walking,walking
981,94.43,1.1172,walking,walking
982,94.63,1.5695,walking,walking
983,94.84,0.8048,walking,walking
984,92.6,2.232,walking,walking
985,94.83,2.0216,walking,walking
986,95.62,2.3162,walking,walking
987,96.61,1.8004,walking,walking
988,95.78,1.6,walking,walking
989,93.0,1.5726,walking,walking
990,95.63,1.4696,walking,walking
991,96.81,2.2324,walking,walking
992,95.67,1.2487,walking,walking
993,94.27,1.1631,walking,walking
994,93.97,1.0803,walking,walking
995,96.83,0.827,walking,walking
996,96.57,0.9552,walking,walking
997,96.73,1.7652,walking,walking
998,94.16,2.0163,walking,walking
999,94.85,0.8099,walking,walking
1000,96.5,2.3781,walking,walking
1001,96.92,1.2949,walking,walking
1002,95.61,2.4398,walking,walking
1003,93.66,2.0296,walking,walking
1004,98.33,1.7901,walking,walking
1005,96.02,1.6392,walking,walking
1006,94.28,0.8012,walking,walking
1007,94.93,2.0894,walking,walking
1008,96.02,1.7377,walking,walking
1009,97.44,1.269,walking,walking
1010,95.28,1.7675,walking,walking
1011,94.05,0.8351,walking,walking
1012,94.01,1.5601,walking,walking
1013,96.11,0.8493,walking,walking
1014,96.9,1.1344,walking,walking
1015,95.2,2.3695,walking,walking
1016,93.12,1.9296,walking,walking
1017,94.97,1.6147,walking,walking
1018,96.43,2.3702,walking,walking
1019,96.34,2.155,walking,walking
1020,95.37,1.2379,walking,walking
1021,93.67,1.9668,walking,walking
1022,96.47,0.801,walking,walking
1023,97.44,1.1383,walking,walking
1024,94.53,2.4356,walking,walking
1025,96.34,2.4113,walking,walking
1026,96.42,1.4712,walking,walking
1027,95.52,2.4222,walking,walking
1028,96.18,0.9538,walking,walking
1029,92.35,1.6151,walking,walking
1030,95.29,1.0575,walking,walking
1031,96.03,1.9355,walking,walking
1032,96.69,1.5785,walking,walking
1033,92.52,2.0512,walking,walking
1034,93.61,1.4808,walking,walking
1035,96.69,1.4337,walking,walking
1036,97.28,1.3699,walking,walking
1037,97.93,2.1819,walking,walking
1038,92.58,1.6808,walking,walking
1039,95.07,2.1426,walking,walking
1040,94.92,1.2554,walking,walking
1041,95.49,1.5516,walking,walking
1042,94.9,1.3597,walking,walking
1043,94.72,2.1009,walking,walking
1044,95.22,1.5288,walking,walking
1045,97.66,1.5156,walking,walking
1046,95.65,1.5343,walking,walking
1047,94.18,1.7558,walking,walking
1048,93.73,1.8573,walking,walking
1049,97.64,2.3242,walking,walking
1050,96.68,0.9382,walking,walking
1051,95.12,1.3996,walking,walking
1052,92.73,1.2432,walking,walking
1053,95.52,1.7215,walking,walking
1054,97.68,2.432,walking,walking
1055,97.42,1.6951,walking,walking
1056,92.05,1.9421,walking,walking
1057,93.76,2.4549,walking,walking
1058,96.05,1.3634,walking,walking
1059,96.81,1.8093,walking,walking
1060,96.38,1.0386,walking,walking
1061,94.17,1.1181,walking,walking
1062,95.76,1.9762,walking,walking
1063,97.5,1.7048,walking,walking
1064,96.57,2.414,walking,walking
1065,94.69,2.0361,walking,walking
1066,94.83,0.9098,walking,walking
1067,95.7,1.3165,walking,walking
1068,95.6,1.0123,walking,walking
1069,93.25,1.2001,walking,walking
1070,92.68,1.6287,walking,walking
1071,94.59,2.2322,walking,walking
1072,97.85,1.7158,walking,walking
1073,97.45,1.8811,walking,walking
1074,94.32,1.0811,walking,walking
1075,92.5,1.3426,walking,walking
1076,94.51,1.9821,walking,walking
1077,95.55,1.9087,walking,walking
1078,94.15,1.9573,walking,walking
1079,94.1,2.4244,walking,walking
1080,95.61,1.9701,walking,walking
1081,98.37,1.5071,walking,walking
1082,95.41,2.4191,walking,walking
1083,93.98,1.0254,walking,walking
1084,95.47,1.7855,walking,walking
1085,96.5,1.7493,walking,walking
1086,96.65,1.669,walking,walking
1087,94.31,1.3614,walking,walking
1088,93.1,1.4709,walking,walking
1089,93.66,1.2902,walking,walking
1090,95.5,1.9214,walking,walking
1091,94.98,1.2265,walking,walking
1092,94.55,1.907,walking,walking
1093,95.91,1.6462,walking,walking
1094,94.81,1.086,walking,walking
1095,97.36,1.6065,walking,walking
1096,96.88,0.9992,walking,walking
1097,93.27,1.1988,walking,walking
1098,97.43,1.2673,walking,walking
1099,96.71,2.4434,walking,walking
1100,95.47,1.1544,walking,walking
1101,94.74,1.0859,walking,walking
1102,94.3,1.2014,walking,walking
1103,96.96,1.2073,walking,walking
1104,95.38,1.8871,walking,walking
1105,94.33,1.8605,walking,walking
1106,94.04,2.196,walking,walking
1107,95.75,1.4468,walking,walking
1108,95.81,1.752,walking,walking
1109,94.14,0.9755,walking,walking
1110,93.63,1.1521,walking,walking
1111,94.62,0.9506,walking,walking
1112,95.12,2.2023,walking,walking
1113,96.17,1.6209,walking,walking
1114,93.15,2.4317,walking,walking
1115,93.63,1.2385,walking,walking
1116,95.17,1.4661,walking,walking
1117,97.53,0.8841,walking,walking
1118,96.29,1.016,walking,walking
1119,93.46,1.2254,walking,walking
1120,93.5,2.1605,walking,walking
1121,95.87,1.004,walking,walking
1122,95.05,1.8657,walking,walking
1123,95.37,1.58,walking,walking
1124,93.49,1.2168,walking,walking
1125,93.58,1.2083,walking,walking
1126,97.46,1.3969,walking,walking
1127,94.63,2.4025,walking,walking
1128,94.06,2.3522,walking,walking
1129,94.47,1.8981,walking,walking
1130,94.92,2.179,walking,walking
1131,94.55,1.8102,walking,walking
1132,94.94,2.2426,walking,walking
1133,92.97,0.8935,walking,walking
1134,95.35,1.2216,walking,walking
1135,96.64,1.0323,walking,walking
1136,96.16,1.4659,walking,walking
1137,93.29,2.2583,walking,walking
1138,94.56,0.81,walking,walking
1139,97.29,2.0095,walking,walking
1140,97.51,2.1297,walking,walking
1141,94.53,1.9953,walking,walking
1142,91.95,1.4254,walking,walking
1143,94.57,1.1989,walking,walking
1144,98.2,0.9607,walking,walking
1145,94.44,1.674,walking,walking
1146,92.87,0.9028,walking,walking
1147,93.92,1.2361,walking,walking
1148,97.2,1.5326,walking,walking
1149,96.48,2.3371,walking,walking
1150,95.99,1.6085,walking,walking
1151,94.17,2.4755,walking,walking
1152,94.74,2.2111,walking,walking
1153,96.04,1.1105,walking,walking
1154,95.07,1.6567,walking,walking
1155,95.24,1.2607,walking,walking
1156,93.71,2.1931,walking,walking
1157,94.72,1.8257,walking,walking
1158,97.56,1.3145,walking,walking
1159,94.36,1.408,walking,walking
1160,93.73,1.285,walking,walking
1161,95.42,1.5836,walking,walking
1162,97.57,1.7753,walking,walking
1163,95.88,1.2674,walking,walking
1164,93.87,1.8544,walking,walking
1165,94.2,1.0953,walking,walking
1166,96.3,1.8499,walking,walking
1167,96.32,1.4444,walking,walking
1168,91.97,1.9812,walking,walking
1169,92.67,2.2818,walking,walking
1170,95.52,1.8152,walking,walking
1171,97.07,1.8805,walking,walking
1172,95.88,0.8616,walking,walking
1173,94.02,2.2095,walking,walking
1174,91.63,1.1445,walking,walking
1175,97.52,1.9486,walking,walking
1176,96.59,2.057,walking,walking
1177,94.98,1.4158,walking,walking
1178,92.55,0.9067,walking,walking
1179,94.66,1.9124,walking,walking
1180,95.81,0.8314,walking,walking
1181,96.02,1.3326,walking,walking
1182,94.92,2.4873,walking,walking
1183,93.95,1.7856,walking,walking
1184,95.06,1.2239,walking,walking
1185,96.33,1.5708,walking,walking
1186,93.16,2.2964,walking,walking
1187,93.92,1.654,walking,walking
1188,95.38,2.2052,walking,walking
1189,97.0,1.0188,walking,walking
1190,95.48,1.7734,walking,walking
1191,93.71,1.6503,walking,walking
1192,93.29,1.3076,walking,walking
1193,94.87,1.549,walking,walking
1194,95.69,2.2311,walking,walking
1195,94.22,2.2659,walking,walking
1196,93.69,1.7727,walking,walking
1197,96.22,1.718,walking,walking
1198,98.99,2.4361,walking,walking
1199,95.12,1.7635,walking,walking
1200,94.23,2.3993,walking,walking
1201,92.65,2.1435,walking,walking
1202,96.35,2.299,walking,walking
1203,94.54,2.1791,walking,walking
1204,95.27,2.2191,walking,walking
1205,93.72,2.3284,walking,walking
1206,95.72,1.3436,walking,walking
1207,96.67,1.1266,walking,walking
1208,97.6,1.3694,walking,walking
1209,94.38,1.8267,walking,walking
1210,92.66,1.5077,walking,walking
1211,93.76,2.4712,walking,walking
1212,95.59,1.61,walking,walking
1213,94.03,1.1646,walking,walking
1214,93.95,1.5524,walking,walking
1215,94.69,1.8352,walking,walking
1216,94.82,2.1485,walking,walking
1217,95.73,0.8624,walking,walking
1218,95.46,1.7091,walking,walking
1219,95.28,2.0622,walking,walking
1220,98.6,1.7347,walking,walking
1221,97.09,2.4172,walking,walking
1222,94.44,2.1375,walking,walking
1223,91.4,1.1337,walking,walking
1224,95.23,1.0949,walking,walking
1225,95.6,1.623,walking,walking
1226,96.0,1.7329,walking,walking
1227,93.93,1.421,walking,walking
1228,93.93,2.2247,walking,walking
1229,94.25,1.4986,walking,walking
1230,94.58,2.4527,walking,walking
1231,95.1,2.0024,walking,walking
1232,93.34,1.8233,walking,walking
1233,95.27,1.393,walking,walking
1234,96.12,1.3968,walking,walking
1235,96.01,1.9758,walking,walking
1236,93.79,1.2165,walking,walking
1237,95.04,2.4443,walking,walking
1238,95.54,1.8271,walking,walking
1239,94.39,0.8215,walking,walking
1240,93.94,1.6184,walking,walking
1241,94.22,2.3459,walking,walking
1242,94.66,1.9601,walking,walking
1243,97.07,2.3773,walking,walking
1244,96.38,2.0838,walking,walking
1245,94.21,2.2713,walking,walking
1246,94.48,0.8555,walking,walking
1247,97.29,2.0019,walking,walking
1248,96.23,1.4172,walking,walking
1249,95.55,1.4925,walking,walking
1250,92.25,2.2216,walking,walking
1251,93.3,1.8778,walking,walking
1252,96.4,1.2827,walking,walking
1253,96.7,1.6463,walking,walking
1254,93.76,1.634,walking,walking
1255,93.45,0.8531,walking,walking
1256,96.72,1.1046,walking,walking
1257,97.12,1.7628,walking,walking
1258,93.77,2.0191,walking,walking
1259,93.45,1.4498,walking,walking
1260,94.68,1.8798,walking,walking
1261,96.83,1.8985,walking,walking
1262,94.73,1.2326,walking,walking
1263,92.83,1.456,walking,walking
1264,94.51,2.2074,walking,walking
1265,95.36,1.5053,walking,walking
1266,96.5,1.3626,walking,walking
1267,95.52,2.3637,walking,walking
1268,93.26,1.4227,walking,walking
1269,94.83,1.8601,walking,walking
1270,97.24,1.9845,walking,walking
1271,95.56,1.6477,walking,walking
1272,94.12,1.6119,walking,walking
1273,93.11,2.2222,walking,walking
1274,94.56,0.8642,walking,walking
1275,96.78,2.1538,walking,walking
1276,96.04,1.358,walking,walking
1277,94.24,1.6496,walking,walking
1278,95.49,1.8957,walking,walking
1279,96.45,1.9466,walking,walking
1280,95.75,2.4642,walking,walking
1281,94.35,0.9372,walking,walking
1282,92.57,1.6889,walking,walking
1283,96.12,1.9164,walking,walking
1284,96.69,2.2433,walking,walking
1285,94.98,1.0594,walking,walking
1286,93.31,1.2044,walking,walking
1287,94.54,0.8769,walking,walking
1288,95.32,1.665,walking,walking
1289,96.78,1.4394,walking,walking
1290,95.75,1.6393,walking,walking
1291,92.23,1.3221,walking,walking
1292,96.08,1.2694,walking,walking
1293,96.51,2.4068,walking,walking
1294,94.77,0.859,walking,walking
1295,93.78,0.8126,walking,walking
1296,94.88,2.3611,walking,walking
1297,96.76,1.0449,walking,walking
1298,95.01,1.7818,walking,walking
1299,95.02,1.8128,walking,walking
1300,94.93,1.592,walking,walking
1301,94.71,0.9901,walking,walking
1302,96.71,1.9608,walking,walking
1303,94.39,0.8057,walking,walking
1304,95.19,1.7191,walking,walking
1305,96.43,2.0644,walking,walking
1306,97.51,2.3267,walking,walking
1307,96.57,1.9721,walking,walking
1308,93.6,1.3512,walking,walking
1309,93.52,2.0489,walking,walking
1310,95.99,1.5212,walking,walking
1311,97.54,1.1509,walking,walking
1312,94.1,1.0472,walking,walking
1313,94.24,1.7199,walking,walking
1314,96.53,1.2886,walking,walking
1315,96.34,1.604,walking,walking
1316,95.54,1.7192,walking,walking
1317,91.71,1.4802,walking,walking
1318,93.81,1.3037,walking,walking
1319,94.66,2.0726,walking,walking
1320,96.54,1.9688,walking,walking
1321,96.0,1.7195,walking,walking
1322,93.7,1.0725,walking,walking
1323,97.67,1.0354,walking,walking
1324,96.19,1.0953,walking,walking
1325,96.58,2.3127,walking,walking
1326,93.1,2.0742,walking,walking
1327,92.53,1.8175,walking,walking
1328,95.96,1.8885,walking,walking
1329,95.28,1.6324,walking,walking
1330,95.04,2.342,walking,walking
1331,92.83,1.0776,walking,walking
1332,94.51,1.6901,walking,walking
1333,96.91,1.98,walking,walking
1334,95.44,2.2619,walking,walking
1335,93.63,2.1291,walking,walking
1336,94.14,2.096,walking,walking
1337,96.98,1.3934,walking,walking
1338,96.59,1.381,walking,walking
1339,94.72,2.1838,walking,walking
1340,94.03,2.1877,walking,walking
1341,93.52,1.972,walking,walking
1342,96.78,2.0581,walking,walking
1343,95.44,1.4253,walking,walking
1344,94.84,0.9386,walking,walking
1345,94.08,2.0432,walking,walking
1346,95.71,1.4316,walking,walking
1347,97.31,1.5842,walking,walking
1348,94.92,1.6307,walking,walking
1349,95.11,0.8998,walking,walking
1350,95.78,1.3249,walking,walking
1351,96.12,1.6188,walking,walking
1352,96.77,0.912,walking,walking
1353,94.9,1.4868,walking,walking
1354,93.85,1.3673,walking,walking
1355,95.78,1.1067,walking,walking
1356,96.93,1.45,walking,walking
1357,96.0,1.9897,walking,walking
1358,94.58,2.0337,walking,walking
1359,95.73,1.3335,walking,walking
1360,96.8,0.9937,walking,walking
1361,97.22,1.5519,walking,walking
1362,93.4,0.9179,walking,walking
1363,93.44,1.6532,walking,walking
1364,97.76,1.1199,walking,walking
1365,95.77,0.8676,walking,walking
1366,94.92,1.4409,walking,walking
1367,96.48,1.3179,walking,walking
1368,95.22,0.894,walking,walking
1369,96.72,0.971,walking,walking
1370,95.75,1.1805,walking,walking
1371,94.49,0.8158,walking,walking
1372,93.71,2.3352,walking,walking
1373,98.33,1.6303,walking,walking
1374,96.05,1.0365,walking,walking
1375,95.31,2.0715,walking,walking
1376,93.54,2.3838,walking,walking
1377,94.94,1.253,walking,walking
1378,98.19,2.3366,walking,walking
1379,95.1,0.8948,walking,walking
1380,94.09,1.4834,walking,walking
1381,95.99,1.8345,walking,walking
1382,95.29,2.4489,walking,walking
1383,95.96,1.436,walking,walking
1384,95.79,1.7575,walking,walking
1385,93.62,0.8872,walking,walking
1386,94.9,1.3738,walking,walking
1387,96.85,2.2347,walking,walking
1388,95.27,0.9246,walking,walking
1389,92.04,1.138,walking,walking
1390,95.24,1.1058,walking,walking
1391,93.55,1.491,walking,walking
1392,96.68,1.9146,walking,walking
1393,93.52,1.9575,walking,walking
1394,94.04,1.2538,walking,walking
1395,92.7,1.0171,walking,walking
1396,97.23,1.9945,walking,walking
1397,96.12,2.1466,walking,walking
1398,94.84,0.9141,walking,walking
1399,97.5,1.7887,walking,walking
1400,97.77,1.166,walking,walking
1401,97.57,1.3417,walking,walking
1402,94.08,2.035,walking,walking
1403,93.52,1.4995,walking,walking
1404,96.46,2.1473,walking,walking
1405,96.14,1.3404,walking,walking
1406,96.86,1.5294,walking,walking
1407,95.24,1.7997,walking,walking
1408,94.98,1.7816,walking,walking
1409,96.81,0.8815,walking,walking
1410,96.24,1.9685,walking,walking
1411,95.12,1.6922,walking,walking
1412,94.35,0.9882,walking,walking
1413,96.07,2.1495,walking,walking
1414,95.7,1.8257,walking,walking
1415,95.71,2.0638,walking,walking
1416,94.33,1.5528,walking,walking
1417,95.62,1.1942,walking,walking
1418,95.11,2.28,walking,walking
1419,95.07,2.0344,walking,walking
1420,94.09,1.3569,walking,walking
1421,96.01,0.938,walking,walking
1422,95.2,1.2563,walking,walking
1423,96.6,1.3566,walking,walking
1424,94.3,0.8194,walking,walking
1425,94.02,0.9525,walking,walking
1426,94.48,1.0186,walking,walking
1427,96.96,2.4635,walking,walking
1428,96.96,1.3913,walking,walking
1429,93.78,1.6027,walking,walking
1430,94.64,1.5716,walking,walking
1431,92.6,2.3555,walking,walking
1432,95.74,2.3106,walking,walking
1433,91.02,1.6297,walking,walking
1434,88.65,2.2148,walking,walking
1435,87.93,2.1687,walking,walking
1436,88.69,2.1012,walking,walking
1437,89.42,1.8256,walking,walking
1438,86.23,0.9572,walking,walking
1439,81.93,0.8776,walking,walking
1440,85.29,2.1773,walking,walking
1441,85.08,2.2578,walking,walking
1442,82.51,2.0784,walking,walking
1443,77.04,1.596,walking,walking
1444,79.96,1.7845,walking,walking
1445,78.45,0.8649,walking,walking
1446,78.79,1.3148,walking,walking
1447,77.15,1.6913,walking,walking
1448,74.01,1.1686,walking,walking
1449,76.11,0.1454,normal,none
1450,76.0,0.1786,normal,none
1451,76.52,0.0658,normal,none
1452,73.91,0.1346,normal,none
1453,72.54,0.1763,normal,none
1454,77.35,0.1145,normal,none
1455,77.22,0.0706,normal,none
1456,76.41,0.0784,normal,none
1457,73.93,0.1833,normal,none
1458,75.14,0.1124,normal,none
1459,76.79,0.0715,normal,none
1460,76.84,0.179,normal,none
1461,74.34,0.1978,normal,none
1462,74.59,0.0997,normal,none
1463,76.74,0.1986,normal,none
1464,76.83,0.0608,normal,none
1465,74.56,0.1604,normal,none
1466,73.57,0.1121,normal,none
1467,74.74,0.0599,normal,none
1468,76.26,0.1373,normal,none
1469,77.23,0.0744,normal,none
1470,73.99,0.0655,normal,none
1471,74.23,0.0806,normal,none
1472,75.24,0.0534,normal,none
1473,75.47,0.1927,normal,none
1474,75.76,0.17,normal,none
1475,73.54,0.1745,normal,none
1476,73.69,0.1056,normal,none
1477,76.22,0.1849,normal,none
1478,75.6,0.067,normal,none
1479,73.83,0.1567,normal,none
1480,74.28,0.0955,normal,none
1481,76.66,0.1888,normal,none
1482,76.11,0.1357,normal,none
1483,74.66,0.1835,normal,none
1484,73.42,0.1488,normal,none
1485,74.51,0.0811,normal,none
1486,76.81,0.1248,normal,none
1487,74.6,0.1172,normal,none
1488,73.62,0.0693,normal,none
1489,75.19,0.1492,normal,none
1490,78.0,0.1678,normal,none
1491,76.78,0.1442,normal,none
1492,73.48,0.1369,normal,none
1493,73.36,0.1911,normal,none
1494,75.02,0.0685,normal,none
1495,76.11,0.1331,normal,none
1496,76.6,0.1895,normal,none
1497,74.7,0.1895,normal,none
1498,74.53,0.0869,normal,none
1499,75.6,0.1671,normal,none
1500,76.89,0.1269,normal,none
1501,73.56,0.1199,normal,none
1502,75.78,0.1659,normal,none
1503,75.67,0.1691,normal,none
1504,76.92,0.1945,normal,none
1505,74.31,0.1371,normal,none
1506,74.42,0.1097,normal,none
1507,73.88,0.1234,normal,none
1508,73.38,0.0739,normal,none
1509,75.27,0.0663,normal,none
1510,75.4,0.1477,normal,none
1511,73.91,0.1514,normal,none
1512,77.14,0.0788,normal,none
1513,76.38,0.1635,normal,none
1514,75.81,0.0688,normal,none
1515,73.54,0.1683,normal,none
1516,73.04,0.0709,normal,none
1517,77.17,0.1638,normal,none
1518,77.17,0.1765,normal,none
1519,75.12,0.1772,normal,none
1520,72.61,0.0918,normal,none
1521,74.64,0.0821,normal,none
1522,77.18,0.1454,normal,none
1523,75.27,0.0534,normal,none
1524,74.49,0.0554,normal,none
1525,75.32,0.0626,normal,none
1526,76.04,0.1884,normal,none
1527,77.75,0.0607,normal,none
1528,75.7,0.1981,normal,none
1529,72.52,0.0533,normal,none
1530,75.03,0.1019,normal,none
1531,78.66,0.0564,normal,none
1532,75.39,0.0823,normal,none
1533,74.22,0.1415,normal,none
1534,73.21,0.1089,normal,none
1535,74.6,0.146,normal,none
1536,75.28,0.1539,normal,none
1537,75.27,0.1357,normal,none
1538,73.28,0.1283,normal,none
1539,74.39,0.1981,normal,none
1540,76.55,0.1161,normal,none
1541,75.55,0.16,normal,none
1542,75.01,0.139,normal,none
1543,73.2,0.1025,normal,none
1544,75.37,0.0811,normal,none
1545,77.01,0.1167,normal,none
1546,73.73,0.1184,normal,none
1547,73.64,0.0954,normal,none
1548,75.1,0.1165,normal,none
1549,76.03,0.1074,normal,none
1550,74.19,0.0647,normal,none
1551,73.74,0.1694,normal,none
1552,74.51,0.0733,normal,none
1553,74.72,0.1159,normal,none
1554,75.55,0.1209,normal,none
1555,73.91,0.1772,normal,none
1556,75.19,0.1589,normal,none
1557,75.59,0.1512,normal,none
1558,76.47,0.1216,normal,none
1559,76.82,0.1637,normal,none
1560,127.25,0.0089,anomaly,spike
1561,126.82,0.0659,anomaly,spike
1562,130.48,0.0477,anomaly,spike
1563,129.51,0.0866,anomaly,spike
1564,129.51,0.0229,anomaly,spike
1565,129.69,0.0428,anomaly,spike
1566,130.27,0.0761,anomaly,spike
1567,130.17,0.0959,anomaly,spike
1568,76.11,0.1935,normal,none
1569,72.04,0.1201,normal,none
1570,74.7,0.1718,normal,none
1571,74.0,0.1714,normal,none
1572,76.03,0.1885,normal,none
1573,73.08,0.1918,normal,none
1574,75.55,0.1649,normal,none
1575,76.41,0.1096,normal,none
1576,77.75,0.071,normal,none
1577,74.28,0.173,normal,none
1578,74.15,0.0778,normal,none
1579,76.55,0.177,normal,none
1580,77.37,0.1228,normal,none
1581,77.05,0.0512,normal,none
1582,74.44,0.0849,normal,none
1583,73.06,0.1519,normal,none
1584,76.76,0.1167,normal,none
1585,78.45,0.1552,normal,none
1586,77.76,0.1192,normal,none
1587,74.57,0.097,normal,none
1588,74.53,0.0547,normal,none
1589,76.39,0.1286,normal,none
1590,77.22,0.1761,normal,none
1591,75.23,0.1979,normal,none
1592,73.34,0.0905,normal,none
1593,75.86,0.1992,normal,none
1594,77.31,0.0847,normal,none
1595,75.58,0.1077,normal,none
1596,73.44,0.1577,normal,none
1597,74.7,0.0804,normal,none
1598,76.84,0.1345,normal,none
1599,75.85,0.1992,normal,none
1600,73.65,0.1873,normal,none
1601,75.98,0.1869,normal,none
1602,76.46,0.1957,normal,none
1603,75.1,0.1525,normal,none
1604,76.74,0.1001,normal,none
1605,73.55,0.1126,normal,none
1606,73.68,0.069,normal,none
1607,76.72,0.1775,normal,none
1608,78.42,0.0925,normal,none
1609,75.9,0.108,normal,none
1610,73.78,0.1024,normal,none
1611,76.03,0.1172,normal,none
1612,76.58,0.1799,normal,none
1613,76.83,0.0839,normal,none
1614,74.49,0.0652,normal,none
1615,75.33,0.1969,normal,none
1616,75.66,0.1962,normal,none
1617,76.4,0.0853,normal,none
1618,74.32,0.191,normal,none
1619,72.91,0.0697,normal,none
1620,75.33,0.191,normal,none
1621,76.09,0.1191,normal,none
1622,76.41,0.184,normal,none
1623,74.0,0.0613,normal,none
1624,73.41,0.0713,normal,none
1625,76.48,0.071,normal,none
1626,77.1,0.1507,normal,none
1627,74.96,0.1125,normal,none
1628,75.38,0.0581,normal,none
1629,77.04,0.1382,normal,none
1630,75.52,0.0704,normal,none
1631,77.72,0.1826,normal,none
1632,73.28,0.0885,normal,none
1633,73.21,0.0656,normal,none
1634,76.87,0.0545,normal,none
1635,77.06,0.1637,normal,none
1636,75.93,0.1496,normal,none
1637,73.43,0.1018,normal,none
1638,74.25,0.1311,normal,none
1639,77.22,0.0942,normal,none
1640,74.33,0.1088,normal,none
1641,72.79,0.1817,normal,none
1642,72.7,0.1133,normal,none
1643,76.31,0.063,normal,none
1644,77.41,0.1704,normal,none
1645,74.87,0.1063,normal,none
1646,75.15,0.08,normal,none
1647,76.44,0.0822,normal,none
1648,75.61,0.0932,normal,none
1649,74.73,0.1966,normal,none
1650,75.14,0.0944,normal,none
1651,74.45,0.1679,normal,none
1652,75.41,0.0539,normal,none
1653,77.49,0.167,normal,none
1654,75.34,0.1726,normal,none
1655,75.42,0.0505,normal,none
1656,74.2,0.1474,normal,none
1657,78.08,0.1547,normal,none
1658,77.93,0.0982,normal,none
1659,73.57,0.0861,normal,none
1660,74.51,0.1548,normal,none
1661,75.96,0.1978,normal,none
1662,78.53,0.0774,normal,none
1663,74.61,0.0543,normal,none
1664,75.3,0.0889,normal,none
1665,77.05,0.1685,normal,none
1666,77.88,0.0696,normal,none
1667,76.18,0.0631,normal,none
1668,75.61,0.1354,normal,none
1669,74.86,0.0565,normal,none
1670,76.97,0.144,normal,none
1671,75.93,0.1577,normal,none
1672,75.79,0.0998,normal,none
1673,72.12,0.0856,normal,none
1674,75.09,0.078,normal,none
1675,77.77,0.1696,normal,none
1676,77.35,0.163,normal,none
1677,73.55,0.1151,normal,none
1678,74.19,0.0803,normal,none
1679,75.05,0.1956,normal,none
1680,76.24,0.1796,normal,none
1681,73.7,0.1006,normal,none
1682,72.9,0.1159,normal,none
1683,76.57,0.0525,normal,none
1684,75.98,0.1662,normal,none
1685,76.12,0.1685,normal,none
1686,74.67,0.1244,normal,none
1687,73.74,0.1892,normal,none
1688,76.63,0.0566,normal,none
1689,77.76,0.0548,normal,none
1690,73.37,0.1649,normal,none
1691,74.84,0.1901,normal,none
1692,77.28,0.0911,normal,none
1693,77.45,0.0818,normal,none
1694,76.19,0.1005,normal,none
1695,73.39,0.1855,normal,none
1696,74.26,0.1535,normal,none
1697,76.14,0.1938,normal,none
1698,77.78,0.189,normal,none
1699,76.03,0.1642,normal,none
1700,71.8,0.0634,anomaly,silent_drift
1701,74.65,0.0798,anomaly,silent_drift
1702,76.54,0.0802,anomaly,silent_drift
1703,75.83,0.0827,anomaly,silent_drift
1704,73.81,0.0236,anomaly,silent_drift
1705,75.16,0.0489,anomaly,silent_drift
1706,76.69,0.0134,anomaly,silent_drift
1707,78.27,0.0639,anomaly,silent_drift
1708,73.67,0.071,anomaly,silent_drift
1709,73.25,0.006,anomaly,silent_drift
1710,74.27,0.0684,anomaly,silent_drift
1711,76.63,0.0057,anomaly,silent_drift
1712,77.6,0.0817,anomaly,silent_drift
1713,74.59,0.01,anomaly,silent_drift
1714,74.43,0.0331,anomaly,silent_drift
1715,76.21,0.0903,anomaly,silent_drift
1716,78.17,0.0071,anomaly,silent_drift
1717,75.96,0.0538,anomaly,silent_drift
1718,74.29,0.0646,anomaly,silent_drift
1719,76.02,0.055,anomaly,silent_drift
1720,78.72,0.0875,anomaly,silent_drift
1721,78.1,0.0046,anomaly,silent_drift
1722,75.75,0.0651,anomaly,silent_drift
1723,74.58,0.003,anomaly,silent_drift
1724,77.71,0.0946,anomaly,silent_drift
1725,76.84,0.0749,anomaly,silent_drift
1726,77.06,0.0875,anomaly,silent_drift
1727,76.31,0.0988,anomaly,silent_drift
1728,77.1,0.0392,anomaly,silent_drift
1729,79.73,0.0998,anomaly,silent_drift
1730,79.66,0.0277,anomaly,silent_drift
1731,76.16,0.0297,anomaly,silent_drift
1732,74.61,0.0601,anomaly,silent_drift
1733,78.03,0.0886,anomaly,silent_drift
1734,78.73,0.0304,anomaly,silent_drift
1735,76.73,0.0319,anomaly,silent_drift
1736,76.54,0.0299,anomaly,silent_drift
1737,78.48,0.0518,anomaly,silent_drift
1738,79.8,0.0676,anomaly,silent_drift
1739,77.15,0.0308,anomaly,silent_drift
1740,76.01,0.0107,anomaly,silent_drift
1741,76.77,0.0577,anomaly,silent_drift
1742,79.1,0.0665,anomaly,silent_drift
1743,79.22,0.0082,anomaly,silent_drift
1744,77.41,0.0673,anomaly,silent_drift
1745,76.54,0.0523,anomaly,silent_drift
1746,76.95,0.0773,anomaly,silent_drift
1747,80.04,0.0645,anomaly,silent_drift
1748,79.57,0.0393,anomaly,silent_drift
1749,76.06,0.0246,anomaly,silent_drift
1750,76.19,0.0963,anomaly,silent_drift
1751,80.15,0.0234,anomaly,silent_drift
1752,79.46,0.0689,anomaly,silent_drift
1753,78.42,0.0266,anomaly,silent_drift
1754,77.23,0.0002,anomaly,silent_drift
1755,78.88,0.0726,anomaly,silent_drift
1756,78.67,0.0644,anomaly,silent_drift
1757,80.37,0.0996,anomaly,silent_drift
1758,79.01,0.0861,anomaly,silent_drift
1759,77.56,0.0578,anomaly,silent_drift
1760,80.29,0.0679,anomaly,silent_drift
1761,79.12,0.0152,anomaly,silent_drift
1762,76.97,0.0046,anomaly,silent_drift
1763,79.28,0.0297,anomaly,silent_drift
1764,79.43,0.0988,anomaly,silent_drift
1765,80.0,0.0618,anomaly,silent_drift
1766,77.38,0.0492,anomaly,silent_drift
1767,76.02,0.083,anomaly,silent_drift
1768,77.33,0.0503,anomaly,silent_drift
1769,81.13,0.0689,anomaly,silent_drift
1770,79.39,0.074,anomaly,silent_drift
1771,77.47,0.0564,anomaly,silent_drift
1772,77.54,0.0553,anomaly,silent_drift
1773,79.85,0.0053,anomaly,silent_drift
1774,79.16,0.0597,anomaly,silent_drift
1775,80.89,0.0725,anomaly,silent_drift
1776,78.31,0.0484,anomaly,silent_drift
1777,80.36,0.0744,anomaly,silent_drift
1778,80.8,0.0245,anomaly,silent_drift
1779,80.26,0.0358,anomaly,silent_drift
1780,78.24,0.022,anomaly,silent_drift
1781,78.53,0.0795,anomaly,silent_drift
1782,80.27,0.0337,anomaly,silent_drift
1783,80.73,0.0679,anomaly,silent_drift
1784,80.56,0.0678,anomaly,silent_drift
1785,79.16,0.0892,anomaly,silent_drift
1786,79.98,0.0977,anomaly,silent_drift
1787,80.35,0.0958,anomaly,silent_drift
1788,81.29,0.0946,anomaly,silent_drift
1789,78.92,0.0987,anomaly,silent_drift
1790,79.64,0.0287,anomaly,silent_drift
1791,81.63,0.0781,anomaly,silent_drift
1792,81.43,0.0241,anomaly,silent_drift
1793,81.97,0.0448,anomaly,silent_drift
1794,78.8,0.0412,anomaly,silent_drift
1795,80.28,0.025,anomaly,silent_drift
1796,83.05,0.0904,anomaly,silent_drift
1797,82.0,0.0829,anomaly,silent_drift
1798,80.22,0.099,anomaly,silent_drift
1799,79.58,0.0825,anomaly,silent_drift
1800,82.55,0.0326,anomaly,silent_drift
1801,83.1,0.0247,anomaly,silent_drift
1802,81.46,0.0394,anomaly,silent_drift
1803,81.08,0.0599,anomaly,silent_drift
1804,79.57,0.089,anomaly,silent_drift
1805,83.53,0.0719,anomaly,silent_drift
1806,81.93,0.0465,anomaly,silent_drift
1807,79.13,0.0581,anomaly,silent_drift
1808,79.75,0.0576,anomaly,silent_drift
1809,79.21,0.0805,anomaly,silent_drift
1810,84.1,0.0965,anomaly,silent_drift
1811,82.11,0.0671,anomaly,silent_drift
1812,81.34,0.0155,anomaly,silent_drift
1813,79.33,0.0535,anomaly,silent_drift
1814,82.59,0.0483,anomaly,silent_drift
1815,81.51,0.0301,anomaly,silent_drift
1816,80.53,0.0183,anomaly,silent_drift
1817,80.07,0.0645,anomaly,silent_drift
1818,80.27,0.0215,anomaly,silent_drift
1819,82.08,0.018,anomaly,silent_drift
1820,83.41,0.0604,anomaly,silent_drift
1821,80.18,0.0429,anomaly,silent_drift
1822,78.77,0.0082,anomaly,silent_drift
1823,84.19,0.0143,anomaly,silent_drift
1824,82.43,0.0973,anomaly,silent_drift
1825,82.1,0.0087,anomaly,silent_drift
1826,81.46,0.0311,anomaly,silent_drift
1827,82.51,0.0633,anomaly,silent_drift
1828,83.57,0.0782,anomaly,silent_drift
1829,82.41,0.033,anomaly,silent_drift
1830,80.62,0.0275,anomaly,silent_drift
1831,81.75,0.0916,anomaly,silent_drift
1832,82.92,0.0738,anomaly,silent_drift
1833,84.07,0.0351,anomaly,silent_drift
1834,81.19,0.0657,anomaly,silent_drift
1835,82.21,0.0543,anomaly,silent_drift
1836,82.14,0.095,anomaly,silent_drift
1837,84.4,0.0693,anomaly,silent_drift
1838,82.41,0.0803,anomaly,silent_drift
1839,81.56,0.0655,anomaly,silent_drift
1840,83.27,0.0279,anomaly,silent_drift
1841,85.33,0.0837,anomaly,silent_drift
1842,82.12,0.0249,anomaly,silent_drift
1843,82.42,0.0597,anomaly,silent_drift
1844,80.67,0.0008,anomaly,silent_drift
1845,81.98,0.0191,anomaly,silent_drift
1846,84.37,0.0617,anomaly,silent_drift
1847,83.48,0.056,anomaly,silent_drift
1848,83.87,0.0627,anomaly,silent_drift
1849,81.47,0.0237,anomaly,silent_drift
1850,85.08,0.0668,anomaly,silent_drift
1851,85.03,0.0182,anomaly,silent_drift
1852,83.51,0.0726,anomaly,silent_drift
1853,81.65,0.0798,anomaly,silent_drift
1854,83.32,0.0674,anomaly,silent_drift
1855,85.73,0.0213,anomaly,silent_drift
1856,84.17,0.0381,anomaly,silent_drift
1857,82.56,0.0837,anomaly,silent_drift
1858,82.62,0.0168,anomaly,silent_drift
1859,84.25,0.0966,anomaly,silent_drift
1860,84.74,0.0633,anomaly,silent_drift
1861,82.15,0.077,anomaly,silent_drift
1862,81.62,0.0033,anomaly,silent_drift
1863,84.88,0.0268,anomaly,silent_drift
1864,84.56,0.0539,anomaly,silent_drift
1865,85.54,0.0095,anomaly,silent_drift
1866,82.97,0.0151,anomaly,silent_drift
1867,86.84,0.0256,anomaly,silent_drift
1868,87.23,0.0496,anomaly,silent_drift
1869,86.29,0.0637,anomaly,silent_drift
1870,83.91,0.0271,anomaly,silent_drift
1871,83.4,0.0747,anomaly,silent_drift
1872,85.72,0.0578,anomaly,silent_drift
1873,86.19,0.0447,anomaly,silent_drift
1874,84.63,0.0869,anomaly,silent_drift
1875,84.68,0.0774,anomaly,silent_drift
1876,83.6,0.0312,anomaly,silent_drift
1877,88.64,0.0771,anomaly,silent_drift
1878,85.39,0.0103,anomaly,silent_drift
1879,86.07,0.0034,anomaly,silent_drift
1880,83.02,0.0404,anomaly,silent_drift
1881,86.16,0.0115,anomaly,silent_drift
1882,86.42,0.0507,anomaly,silent_drift
1883,87.52,0.0375,anomaly,silent_drift
1884,85.4,0.0376,anomaly,silent_drift
1885,84.98,0.0386,anomaly,silent_drift
1886,85.13,0.0204,anomaly,silent_drift
1887,84.74,0.0143,anomaly,silent_drift
1888,85.43,0.0154,anomaly,silent_drift
1889,84.04,0.0588,anomaly,silent_drift
1890,85.25,0.0809,anomaly,silent_drift
1891,85.59,0.0786,anomaly,silent_drift
1892,86.45,0.0298,anomaly,silent_drift
1893,86.43,0.0534,anomaly,silent_drift
1894,85.41,0.0513,anomaly,silent_drift
1895,87.34,0.0141,anomaly,silent_drift
1896,89.53,0.0209,anomaly,silent_drift
1897,85.01,0.0592,anomaly,silent_drift
1898,84.32,0.0528,anomaly,silent_drift
1899,85.24,0.0192,anomaly,silent_drift
1900,86.87,0.0949,anomaly,silent_drift
1901,84.49,0.0141,anomaly,silent_drift
1902,84.65,0.0332,anomaly,silent_drift
1903,85.4,0.0512,anomaly,silent_drift
1904,85.73,0.0481,anomaly,silent_drift
1905,87.19,0.082,anomaly,silent_drift
1906,86.82,0.0789,anomaly,silent_drift
1907,84.57,0.0069,anomaly,silent_drift
1908,86.08,0.0909,anomaly,silent_drift
1909,87.38,0.0096,anomaly,silent_drift
1910,86.17,0.0268,anomaly,silent_drift
1911,83.93,0.0263,anomaly,silent_drift
1912,84.95,0.0555,anomaly,silent_drift
1913,87.62,0.0666,anomaly,silent_drift
1914,88.8,0.089,anomaly,silent_drift
1915,85.9,0.0592,anomaly,silent_drift
1916,86.21,0.0508,anomaly,silent_drift
1917,88.6,0.0784,anomaly,silent_drift
1918,88.18,0.0919,anomaly,silent_drift
1919,88.5,0.005,anomaly,silent_drift
1920,85.38,0.0114,anomaly,silent_drift
1921,86.8,0.0565,anomaly,silent_drift
1922,89.35,0.0444,anomaly,silent_drift
1923,89.32,0.0409,anomaly,silent_drift
1924,86.66,0.0671,anomaly,silent_drift
1925,83.18,0.0525,anomaly,silent_drift
1926,86.77,0.0585,anomaly,silent_drift
1927,89.95,0.0463,anomaly,silent_drift
1928,88.51,0.0368,anomaly,silent_drift
1929,85.72,0.0541,anomaly,silent_drift
1930,86.89,0.0285,anomaly,silent_drift
1931,87.51,0.0932,anomaly,silent_drift
1932,88.67,0.0893,anomaly,silent_drift
1933,85.73,0.0494,anomaly,silent_drift
1934,86.31,0.0493,anomaly,silent_drift
1935,87.72,0.0453,anomaly,silent_drift
1936,88.94,0.0883,anomaly,silent_drift
1937,88.9,0.0948,anomaly,silent_drift
1938,86.53,0.0905,anomaly,silent_drift
1939,87.27,0.0518,anomaly,silent_drift
1940,88.47,0.0993,anomaly,silent_drift
1941,90.22,0.0053,anomaly,silent_drift
1942,88.47,0.0118,anomaly,silent_drift
1943,87.27,0.0751,anomaly,silent_drift
1944,87.06,0.0214,anomaly,silent_drift
1945,90.56,0.0161,anomaly,silent_drift
1946,89.12,0.0225,anomaly,silent_drift
1947,86.39,0.0039,anomaly,silent_drift
1948,90.39,0.0838,anomaly,silent_drift
1949,87.99,0.0523,anomaly,silent_drift
1950,89.47,0.0708,anomaly,silent_drift
1951,90.4,0.0913,anomaly,silent_drift
1952,88.39,0.0499,anomaly,silent_drift
1953,88.96,0.0245,anomaly,silent_drift
1954,88.43,0.0998,anomaly,silent_drift
1955,90.34,0.0582,anomaly,silent_drift
1956,87.8,0.0974,anomaly,silent_drift
1957,89.64,0.0656,anomaly,silent_drift
1958,89.44,0.0177,anomaly,silent_drift
1959,89.71,0.0028,anomaly,silent_drift
1960,88.69,0.0072,anomaly,silent_drift
1961,88.38,0.0763,anomaly,silent_drift
1962,88.41,0.0836,anomaly,silent_drift
1963,90.98,0.0856,anomaly,silent_drift
1964,89.47,0.0265,anomaly,silent_drift
1965,89.27,0.051,anomaly,silent_drift
1966,87.66,0.0004,anomaly,silent_drift
1967,90.4,0.0629,anomaly,silent_drift
1968,90.45,0.0138,anomaly,silent_drift
1969,89.17,0.0264,anomaly,silent_drift
1970,88.64,0.095,anomaly,silent_drift
1971,89.45,0.0899,anomaly,silent_drift
1972,92.24,0.0922,anomaly,silent_drift
1973,88.92,0.0372,anomaly,silent_drift
1974,87.7,0.0778,anomaly,silent_drift
1975,91.04,0.0862,anomaly,silent_drift
1976,89.15,0.0667,anomaly,silent_drift
1977,90.63,0.0403,anomaly,silent_drift
1978,89.67,0.0094,anomaly,silent_drift
1979,87.89,0.0675,anomaly,silent_drift
1980,92.55,0.0596,anomaly,silent_drift
1981,91.09,0.0594,anomaly,silent_drift
1982,90.89,0.0369,anomaly,silent_drift
1983,89.91,0.038,anomaly,silent_drift
1984,88.92,0.0318,anomaly,silent_drift
1985,91.61,0.0526,anomaly,silent_drift
1986,93.12,0.0433,anomaly,silent_drift
1987,90.51,0.0749,anomaly,silent_drift
1988,87.05,0.0993,anomaly,silent_drift
1989,90.05,0.0425,anomaly,silent_drift
1990,90.71,0.0723,anomaly,silent_drift
1991,89.97,0.036,anomaly,silent_drift
1992,89.03,0.0002,anomaly,silent_drift
1993,87.58,0.0534,anomaly,silent_drift
1994,92.01,0.0902,anomaly,silent_drift
1995,92.78,0.0762,anomaly,silent_drift
1996,90.88,0.0662,anomaly,silent_drift
1997,88.97,0.0478,anomaly,silent_drift
1998,93.25,0.0794,anomaly,silent_drift
1999,92.12,0.0266,anomaly,silent_drift
2000,75.1,0.1794,normal,none
2001,74.74,0.1949,normal,none
2002,75.56,0.1184,normal,none
2003,78.26,0.0877,normal,none
2004,76.31,0.1282,normal,none
2005,76.44,0.1782,normal,none
2006,73.51,0.1512,normal,none
2007,76.93,0.0782,normal,none
2008,77.37,0.0635,normal,none
2009,75.6,0.0621,normal,none
2010,75.72,0.1248,normal,none
2011,74.82,0.0543,normal,none
2012,77.5,0.1054,normal,none
2013,80.04,0.1955,normal,none
2014,74.45,0.1749,normal,none
2015,74.49,0.1567,normal,none
2016,76.0,0.1369,normal,none
2017,78.67,0.0985,normal,none
2018,77.12,0.0837,normal,none
2019,74.47,0.0919,normal,none
2020,77.0,0.1741,normal,none
2021,77.55,0.1858,normal,none
2022,77.23,0.1506,normal,none
2023,75.18,0.0971,normal,none
2024,73.16,0.1609,normal,none
2025,76.02,0.1172,normal,none
2026,79.41,0.0545,normal,none
2027,76.68,0.174,normal,none
2028,76.86,0.1085,normal,none
2029,76.74,0.0701,normal,none
2030,78.03,0.0588,normal,none
2031,78.18,0.1857,normal,none
2032,76.07,0.0978,normal,none
2033,75.71,0.0648,normal,none
2034,75.6,0.0526,normal,none
2035,78.38,0.1551,normal,none
2036,76.27,0.1507,normal,none
2037,76.8,0.1739,normal,none
2038,76.01,0.1465,normal,none
2039,77.72,0.1357,normal,none
2040,79.85,0.1002,normal,none
2041,77.03,0.1196,normal,none
2042,73.66,0.0969,normal,none
2043,75.08,0.1231,normal,none
2044,77.53,0.1614,normal,none
2045,78.19,0.119,normal,none
2046,76.24,0.1424,normal,none
2047,75.16,0.1368,normal,none
2048,77.0,0.0692,normal,none
2049,76.14,0.1295,normal,none
2050,77.48,0.0995,normal,none
2051,75.61,0.0585,normal,none
2052,77.31,0.1538,normal,none
2053,79.43,0.1018,normal,none
2054,78.04,0.0744,normal,none
2055,73.65,0.189,normal,none
2056,74.67,0.1479,normal,none
2057,77.67,0.0643,normal,none
2058,80.25,0.1173,normal,none
2059,77.09,0.1578,normal,none
2060,74.77,0.1752,normal,none
2061,76.85,0.0767,normal,none
2062,78.33,0.1148,normal,none
2063,77.18,0.1735,normal,none
2064,76.04,0.0843,normal,none
2065,75.94,0.0816,normal,none
2066,79.44,0.1215,normal,none
2067,80.26,0.0911,normal,none
2068,75.85,0.1647,normal,none
2069,74.11,0.1107,normal,none
2070,77.06,0.1441,normal,none
2071,77.6,0.1362,normal,none
2072,75.9,0.1125,normal,none
2073,73.02,0.0792,normal,none
2074,76.63,0.1199,normal,none
2075,76.67,0.1537,normal,none
2076,78.28,0.1445,normal,none
2077,75.5,0.1058,normal,none
2078,75.47,0.0505,normal,none
2079,74.95,0.1389,normal,none
2080,78.53,0.1256,normal,none
2081,77.1,0.1739,normal,none
2082,75.48,0.1641,normal,none
2083,74.87,0.1399,normal,none
2084,76.52,0.1726,normal,none
2085,77.09,0.0752,normal,none
2086,75.87,0.1531,normal,none
2087,73.98,0.057,normal,none
2088,76.15,0.1221,normal,none
2089,76.0,0.0531,normal,none
2090,76.33,0.1384,normal,none
2091,77.16,0.1768,normal,none
2092,74.94,0.0644,normal,none
2093,78.0,0.082,normal,none
2094,76.06,0.1145,normal,none
2095,75.68,0.0823,normal,none
2096,74.61,0.0888,normal,none
2097,76.83,0.1289,normal,none
2098,76.87,0.144,normal,none
2099,77.7,0.1651,normal,none
2100,77.7,0.0,anomaly,drop_out
2101,77.7,0.0,anomaly,drop_out
2102,77.7,0.0,anomaly,drop_out
2103,77.7,0.0,anomaly,drop_out
2104,77.7,0.0,anomaly,drop_out
2105,77.7,0.0,anomaly,drop_out
2106,77.7,0.0,anomaly,drop_out
2107,77.7,0.0,anomaly,drop_out
2108,77.7,0.0,anomaly,drop_out
2109,77.7,0.0,anomaly,drop_out
2110,77.7,0.0,anomaly,drop_out
2111,77.7,0.0,anomaly,drop_out
2112,77.7,0.0,anomaly,drop_out
2113,77.7,0.0,anomaly,drop_out
2114,77.7,0.0,anomaly,drop_out
2115,77.7,0.0,anomaly,drop_out
2116,77.7,0.0,anomaly,drop_out
2117,77.7,0.0,anomaly,drop_out
2118,77.7,0.0,anomaly,drop_out
2119,77.7,0.0,anomaly,drop_out
2120,78.36,0.0825,normal,none
2121,77.29,0.0658,normal,none
2122,76.94,0.1015,normal,none
2123,76.38,0.1539,normal,none
2124,75.62,0.0747,normal,none
2125,78.41,0.1846,normal,none
2126,75.95,0.1336,normal,none
2127,75.86,0.0951,normal,none
2128,78.84,0.0525,normal,none
2129,78.77,0.1251,normal,none
2130,77.52,0.0783,normal,none
2131,75.71,0.1054,normal,none
2132,75.32,0.0833,normal,none
2133,75.66,0.0624,normal,none
2134,78.16,0.1391,normal,none
2135,78.52,0.1364,normal,none
2136,74.93,0.1484,normal,none
2137,75.51,0.1073,normal,none
2138,78.24,0.0525,normal,none
2139,78.2,0.1248,normal,none
2140,76.88,0.1469,normal,none
2141,75.02,0.1563,normal,none
2142,77.43,0.1765,normal,none
2143,78.41,0.1385,normal,none
2144,78.33,0.083,normal,none
2145,75.36,0.0636,normal,none
2146,74.57,0.0576,normal,none
2147,77.07,0.1123,normal,none
2148,78.12,0.1776,normal,none
2149,75.25,0.0845,normal,none
2150,75.03,0.1587,normal,none
2151,75.54,0.0898,normal,none
2152,79.79,0.124,normal,none
2153,74.96,0.0725,normal,none
2154,74.42,0.1363,normal,none
2155,73.53,0.1249,normal,none
2156,76.65,0.1469,normal,none
2157,78.45,0.0905,normal,none
2158,76.5,0.0519,normal,none
2159,72.92,0.1348,normal,none
2160,77.25,0.0631,normal,none
2161,79.01,0.1963,normal,none
2162,79.86,0.0505,normal,none
2163,75.03,0.1981,normal,none
2164,76.43,0.0736,normal,none
2165,77.95,0.1411,normal,none
2166,78.97,0.1496,normal,none
2167,78.58,0.0737,normal,none
2168,76.07,0.1542,normal,none
2169,77.52,0.0527,normal,none
2170,78.24,0.1752,normal,none
2171,77.21,0.1439,normal,none
2172,74.68,0.1352,normal,none
2173,75.75,0.1091,normal,none
2174,78.06,0.152,normal,none
2175,76.72,0.09,normal,none
2176,75.66,0.1404,normal,none
2177,74.97,0.176,normal,none
2178,76.63,0.0709,normal,none
2179,77.39,0.161,normal,none
2180,77.61,0.1896,normal,none
2181,76.43,0.1646,normal,none
2182,76.69,0.0805,normal,none
2183,78.49,0.0503,normal,none
2184,77.02,0.1354,normal,none
2185,77.19,0.055,normal,none
2186,76.65,0.073,normal,none
2187,77.14,0.1313,normal,none
2188,77.75,0.0702,normal,none
2189,75.49,0.0589,normal,none
2190,77.02,0.1357,normal,none
2191,75.83,0.1714,normal,none
2192,77.01,0.1635,normal,none
2193,78.78,0.1811,normal,none
2194,77.19,0.1601,normal,none
2195,77.06,0.1856,normal,none
2196,77.26,0.1044,normal,none
2197,78.48,0.083,normal,none
2198,76.83,0.1674,normal,none
2199,74.98,0.1463,normal,none
2200,76.82,0.0881,normal,none
2201,76.61,0.0597,normal,none
2202,77.37,0.1063,normal,none
2203,74.83,0.0947,normal,none
2204,74.17,0.1295,normal,none
2205,76.06,0.0765,normal,none
2206,77.25,0.113,normal,none
2207,79.0,0.071,normal,none
2208,78.02,0.1807,normal,none
2209,76.18,0.0938,normal,none
2210,78.77,0.1993,normal,none
2211,78.13,0.0639,normal,none
2212,75.93,0.1134,normal,none
2213,75.29,0.177,normal,none
2214,77.73,0.1589,normal,none
2215,80.21,0.1214,normal,none
2216,77.44,0.1863,normal,none
2217,75.83,0.162,normal,none
2218,76.53,0.1372,normal,none
2219,78.32,0.1612,normal,none
2220,79.04,0.1508,normal,none
2221,76.28,0.1231,normal,none
2222,75.21,0.0616,normal,none
2223,76.42,0.165,normal,none
2224,78.04,0.1718,normal,none
2225,76.98,0.0584,normal,none
2226,76.6,0.1959,normal,none
2227,73.55,0.0905,normal,none
2228,76.52,0.1325,normal,none
2229,79.12,0.1466,normal,none
2230,75.88,0.1229,normal,none
2231,74.74,0.1737,normal,none
2232,75.55,0.1627,normal,none
2233,79.53,0.0603,normal,none
2234,77.52,0.0982,normal,none
2235,77.01,0.1791,normal,none
2236,76.49,0.1134,normal,none
2237,78.21,0.0979,normal,none
2238,79.07,0.1412,normal,none
2239,75.37,0.1,normal,none
2240,74.14,0.1588,normal,none
2241,76.22,0.1361,normal,none
2242,78.35,0.0829,normal,none
2243,78.2,0.1553,normal,none
2244,76.53,0.0844,normal,none
2245,74.84,0.0764,normal,none
2246,76.3,0.121,normal,none
2247,76.28,0.0708,normal,none
2248,75.43,0.1309,normal,none
2249,77.25,0.074,normal,none
2250,76.14,0.1429,normal,none
2251,80.24,0.1625,normal,none
2252,76.87,0.1481,normal,none
2253,75.47,0.1719,normal,none
2254,75.34,0.0812,normal,none
2255,77.18,0.09,normal,none
2256,79.25,0.109,normal,none
2257,78.1,0.1629,normal,none
2258,73.61,0.152,normal,none
2259,75.59,0.0526,normal,none
2260,78.12,0.0985,normal,none
2261,78.52,0.1015,normal,none
2262,74.61,0.0717,normal,none
2263,75.2,0.1981,normal,none
2264,79.38,0.057,normal,none
2265,78.54,0.1259,normal,none
2266,76.59,0.0531,normal,none
2267,73.92,0.1398,normal,none
2268,78.27,0.0915,normal,none
2269,77.63,0.1558,normal,none
2270,76.5,0.0541,normal,none
2271,75.86,0.0589,normal,none
2272,74.38,0.1039,normal,none
2273,78.21,0.1149,normal,none
2274,78.06,0.1228,normal,none
2275,76.78,0.1025,normal,none
2276,75.81,0.176,normal,none
2277,77.99,0.057,normal,none
2278,79.38,0.1818,normal,none
2279,78.44,0.0885,normal,none
2280,74.1,0.1252,normal,none
2281,75.09,0.1468,normal,none
2282,77.2,0.1433,normal,none
2283,78.84,0.1341,normal,none
2284,75.64,0.0905,normal,none
2285,74.83,0.1429,normal,none
2286,77.98,0.1968,normal,none
2287,77.92,0.1659,normal,none
2288,77.72,0.0724,normal,none
2289,76.1,0.1097,normal,none
2290,77.07,0.1708,normal,none
2291,77.93,0.1374,normal,none
2292,77.87,0.0876,normal,none
2293,77.54,0.1121,normal,none
2294,76.34,0.1392,normal,none
2295,77.28,0.0734,normal,none
2296,78.42,0.1326,normal,none
2297,77.48,0.1193,normal,none
2298,76.18,0.1859,normal,none
2299,75.89,0.0985,normal,none
2300,134.27,0.0588,anomaly,spike
2301,133.55,0.0405,anomaly,spike
2302,132.64,0.0405,anomaly,spike
2303,131.11,0.0912,anomaly,spike
2304,132.66,0.0291,anomaly,spike
2305,79.83,0.1942,normal,none
2306,76.84,0.1605,normal,none
2307,74.28,0.0908,normal,none
2308,77.6,0.0879,normal,none
2309,79.48,0.1145,normal,none
2310,80.24,0.1503,normal,none
2311,77.91,0.111,normal,none
2312,75.23,0.0521,normal,none
2313,79.28,0.1262,normal,none
2314,78.19,0.1745,normal,none
2315,77.16,0.1892,normal,none
2316,75.34,0.0717,normal,none
2317,76.85,0.0768,normal,none
2318,78.21,0.1038,normal,none
2319,77.04,0.1861,normal,none
2320,76.3,0.1801,normal,none
2321,75.03,0.0795,normal,none
2322,77.76,0.0985,normal,none
2323,79.69,0.0591,normal,none
2324,78.47,0.0756,normal,none
2325,79.08,0.1556,normal,none
2326,76.98,0.1082,normal,none
2327,76.85,0.1707,normal,none
2328,79.28,0.1764,normal,none
2329,77.53,0.1851,normal,none
2330,75.47,0.108,normal,none
2331,76.93,0.1294,normal,none
2332,81.07,0.0525,normal,none
2333,78.33,0.1768,normal,none
2334,75.34,0.0977,normal,none
2335,75.63,0.1613,normal,none
2336,77.8,0.0627,normal,none
2337,78.23,0.1058,normal,none
2338,76.88,0.1988,normal,none
2339,76.3,0.1313,normal,none
2340,78.07,0.1452,normal,none
2341,78.28,0.1623,normal,none
2342,75.54,0.1838,normal,none
2343,76.19,0.1118,normal,none
2344,76.32,0.1675,normal,none
2345,80.45,0.1239,normal,none
2346,77.7,0.1571,normal,none
2347,76.74,0.0666,normal,none
2348,76.27,0.1294,normal,none
2349,76.36,0.0703,normal,none
2350,77.64,0.0753,normal,none
2351,79.31,0.0821,normal,none
2352,78.98,0.106,normal,none
2353,77.02,0.1009,normal,none
2354,76.74,0.0969,normal,none
2355,78.99,0.1549,normal,none
2356,77.06,0.1758,normal,none
2357,75.79,0.0786,normal,none
2358,75.49,0.183,normal,none
2359,80.58,0.176,normal,none
2360,77.42,0.0534,normal,none
2361,77.14,0.1019,normal,none
2362,77.84,0.1858,normal,none
2363,78.03,0.1409,normal,none
2364,80.02,0.1296,normal,none
2365,75.61,0.1937,normal,none
2366,75.14,0.1992,normal,none
2367,77.74,0.0766,normal,none
2368,79.62,0.0936,normal,none
2369,79.35,0.1006,normal,none
2370,76.67,0.1112,normal,none
2371,76.37,0.0813,normal,none
2372,77.97,0.1369,normal,none
2373,80.0,0.1754,normal,none
2374,76.88,0.0547,normal,none
2375,74.66,0.1466,normal,none
2376,78.15,0.0941,normal,none
2377,78.73,0.18,normal,none
2378,78.85,0.11,normal,none
2379,77.47,0.1913,normal,none
2380,76.76,0.0584,normal,none
2381,79.91,0.1265,normal,none
2382,78.66,0.1584,normal,none
2383,77.25,0.067,normal,none
2384,74.87,0.0625,normal,none
2385,76.75,0.128,normal,none
2386,80.88,0.1456,normal,none
2387,76.81,0.1231,normal,none
2388,75.17,0.0916,normal,none
2389,76.17,0.096,normal,none
2390,79.91,0.0862,normal,none
2391,77.26,0.1866,normal,none
2392,76.62,0.1401,normal,none
2393,75.35,0.0725,normal,none
2394,78.57,0.0663,normal,none
2395,78.07,0.076,normal,none
2396,79.47,0.0691,normal,none
2397,78.75,0.0735,normal,none
2398,75.37,0.1377,normal,none
2399,77.85,0.096,normal,none
2400,78.42,0.0547,normal,none
2401,76.81,0.1203,normal,none
2402,75.89,0.1181,normal,none
2403,79.17,0.1844,normal,none
2404,79.0,0.188,normal,none
2405,77.14,0.1332,normal,none
2406,74.68,0.176,normal,none
2407,77.86,0.0533,normal,none
2408,77.56,0.0667,normal,none
2409,79.47,0.0537,normal,none
2410,77.49,0.1215,normal,none
2411,74.06,0.0821,normal,none
2412,77.4,0.0751,normal,none
2413,78.24,0.1801,normal,none
2414,78.91,0.0996,normal,none
2415,77.16,0.1363,normal,none
2416,75.61,0.1409,normal,none
2417,79.91,0.0508,normal,none
2418,77.62,0.0914,normal,none
2419,76.09,0.0867,normal,none
2420,75.84,0.1769,normal,none
2421,78.2,0.1434,normal,none
2422,81.53,0.1444,normal,none
2423,79.22,0.1201,normal,none
2424,77.66,0.1727,normal,none
2425,78.02,0.0921,normal,none
2426,77.82,0.1515,normal,none
2427,80.11,0.1951,normal,none
2428,77.89,0.1779,normal,none
2429,75.09,0.1396,normal,none
2430,76.27,0.0774,normal,none
2431,79.42,0.1796,normal,none
2432,78.72,0.065,normal,none
2433,76.65,0.0969,normal,none
2434,75.24,0.1327,normal,none
2435,77.8,0.1175,normal,none
2436,78.6,0.1606,normal,none
2437,75.11,0.1897,normal,none
2438,76.73,0.0569,normal,none
2439,79.79,0.1543,normal,none
2440,79.8,0.1102,normal,none
2441,78.06,0.1541,normal,none
2442,77.44,0.0996,normal,none
2443,77.62,0.1444,normal,none
2444,76.94,0.0648,normal,none
2445,77.86,0.1987,normal,none
2446,76.49,0.1279,normal,none
2447,76.86,0.0874,normal,none
2448,77.87,0.088,normal,none
2449,79.85,0.1441,normal,none
2450,77.66,0.0209,anomaly,silent_drift
2451,77.94,0.0165,anomaly,silent_drift
2452,76.98,0.0266,anomaly,silent_drift
2453,77.53,0.0207,anomaly,silent_drift
2454,79.08,0.0398,anomaly,silent_drift
2455,76.2,0.0304,anomaly,silent_drift
2456,75.87,0.0004,anomaly,silent_drift
2457,77.87,0.0546,anomaly,silent_drift
2458,78.4,0.0194,anomaly,silent_drift
2459,79.63,0.0866,anomaly,silent_drift
2460,76.67,0.0055,anomaly,silent_drift
2461,77.27,0.0032,anomaly,silent_drift
2462,80.12,0.0843,anomaly,silent_drift
2463,80.51,0.0296,anomaly,silent_drift
2464,79.26,0.0942,anomaly,silent_drift
2465,76.41,0.0428,anomaly,silent_drift
2466,77.6,0.0456,anomaly,silent_drift
2467,79.26,0.0401,anomaly,silent_drift
2468,80.31,0.0592,anomaly,silent_drift
2469,77.32,0.0535,anomaly,silent_drift
2470,78.21,0.0897,anomaly,silent_drift
2471,78.55,0.0352,anomaly,silent_drift
2472,79.8,0.002,anomaly,silent_drift
2473,77.98,0.0703,anomaly,silent_drift
2474,78.71,0.0895,anomaly,silent_drift
2475,78.26,0.0508,anomaly,silent_drift
2476,80.92,0.0399,anomaly,silent_drift
2477,80.23,0.0752,anomaly,silent_drift
2478,77.72,0.0958,anomaly,silent_drift
2479,78.85,0.0133,anomaly,silent_drift
2480,82.05,0.0656,anomaly,silent_drift
2481,81.67,0.0539,anomaly,silent_drift
2482,81.5,0.0333,anomaly,silent_drift
2483,76.77,0.0132,anomaly,silent_drift
2484,78.68,0.0647,anomaly,silent_drift
2485,82.44,0.0538,anomaly,silent_drift
2486,80.41,0.0461,anomaly,silent_drift
2487,80.79,0.0338,anomaly,silent_drift
2488,78.64,0.072,anomaly,silent_drift
2489,80.69,0.0811,anomaly,silent_drift
2490,81.29,0.0326,anomaly,silent_drift
2491,79.94,0.0726,anomaly,silent_drift
2492,79.07,0.0357,anomaly,silent_drift
2493,79.14,0.0351,anomaly,silent_drift
2494,83.47,0.0157,anomaly,silent_drift
2495,78.75,0.0943,anomaly,silent_drift
2496,78.35,0.0696,anomaly,silent_drift
2497,78.94,0.0267,anomaly,silent_drift
2498,81.64,0.0511,anomaly,silent_drift
2499,82.25,0.0739,anomaly,silent_drift
2500,81.2,0.0935,anomaly,silent_drift
2501,79.21,0.0716,anomaly,silent_drift
2502,80.36,0.0005,anomaly,silent_drift
2503,82.32,0.0311,anomaly,silent_drift
2504,81.17,0.004,anomaly,silent_drift
2505,80.06,0.0085,anomaly,silent_drift
2506,79.54,0.082,anomaly,silent_drift
2507,80.36,0.0095,anomaly,silent_drift
2508,81.69,0.017,anomaly,silent_drift
2509,81.86,0.0522,anomaly,silent_drift
2510,79.95,0.008,anomaly,silent_drift
2511,81.93,0.0889,anomaly,silent_drift
2512,83.26,0.0209,anomaly,silent_drift
2513,79.38,0.0332,anomaly,silent_drift
2514,78.25,0.0953,anomaly,silent_drift
2515,80.16,0.0485,anomaly,silent_drift
2516,80.83,0.0706,anomaly,silent_drift
2517,82.09,0.0525,anomaly,silent_drift
2518,81.18,0.0578,anomaly,silent_drift
2519,80.3,0.0831,anomaly,silent_drift
2520,82.15,0.0969,anomaly,silent_drift
2521,83.71,0.0956,anomaly,silent_drift
2522,84.39,0.054,anomaly,silent_drift
2523,77.85,0.0524,anomaly,silent_drift
2524,81.92,0.0897,anomaly,silent_drift
2525,84.3,0.0958,anomaly,silent_drift
2526,82.9,0.0102,anomaly,silent_drift
2527,81.72,0.0531,anomaly,silent_drift
2528,80.07,0.0656,anomaly,silent_drift
2529,82.29,0.0058,anomaly,silent_drift
2530,84.88,0.0718,anomaly,silent_drift
2531,81.58,0.006,anomaly,silent_drift
2532,80.85,0.0028,anomaly,silent_drift
2533,81.31,0.0373,anomaly,silent_drift
2534,82.81,0.0806,anomaly,silent_drift
2535,82.94,0.0106,anomaly,silent_drift
2536,83.11,0.0498,anomaly,silent_drift
2537,81.12,0.0353,anomaly,silent_drift
2538,81.35,0.0649,anomaly,silent_drift
2539,83.44,0.077,anomaly,silent_drift
2540,84.26,0.06,anomaly,silent_drift
2541,83.09,0.0364,anomaly,silent_drift
2542,82.09,0.0468,anomaly,silent_drift
2543,82.07,0.0001,anomaly,silent_drift
2544,84.65,0.0339,anomaly,silent_drift
2545,81.12,0.0186,anomaly,silent_drift
2546,81.19,0.0865,anomaly,silent_drift
2547,82.17,0.0072,anomaly,silent_drift
2548,83.36,0.055,anomaly,silent_drift
2549,83.34,0.0617,anomaly,silent_drift
2550,81.91,0.0225,anomaly,silent_drift
2551,78.24,0.0841,anomaly,silent_drift
2552,82.64,0.0628,anomaly,silent_drift
2553,84.55,0.0836,anomaly,silent_drift
2554,83.39,0.0884,anomaly,silent_drift
2555,81.35,0.0789,anomaly,silent_drift
2556,83.46,0.0449,anomaly,silent_drift
2557,82.64,0.0408,anomaly,silent_drift
2558,85.32,0.0135,anomaly,silent_drift
2559,83.13,0.0922,anomaly,silent_drift
2560,81.6,0.0076,anomaly,silent_drift
2561,83.81,0.0204,anomaly,silent_drift
2562,85.62,0.0963,anomaly,silent_drift
2563,82.68,0.0547,anomaly,silent_drift
2564,84.28,0.0805,anomaly,silent_drift
2565,83.77,0.0879,anomaly,silent_drift
2566,84.74,0.0612,anomaly,silent_drift
2567,84.33,0.0635,anomaly,silent_drift
2568,83.94,0.0571,anomaly,silent_drift
2569,82.33,0.0903,anomaly,silent_drift
2570,87.22,0.0162,anomaly,silent_drift
2571,86.6,0.0053,anomaly,silent_drift
2572,83.3,0.0304,anomaly,silent_drift
2573,84.01,0.024,anomaly,silent_drift
2574,83.87,0.0263,anomaly,silent_drift
2575,87.33,0.0388,anomaly,silent_drift
2576,84.44,0.0418,anomaly,silent_drift
2577,82.21,0.0293,anomaly,silent_drift
2578,84.08,0.0343,anomaly,silent_drift
2579,85.29,0.0859,anomaly,silent_drift
2580,83.6,0.0434,anomaly,silent_drift
2581,85.5,0.0683,anomaly,silent_drift
2582,82.83,0.0151,anomaly,silent_drift
2583,85.92,0.0288,anomaly,silent_drift
2584,86.83,0.088,anomaly,silent_drift
2585,85.55,0.0589,anomaly,silent_drift
2586,83.75,0.0505,anomaly,silent_drift
2587,83.42,0.0502,anomaly,silent_drift
2588,87.35,0.0146,anomaly,silent_drift
2589,86.94,0.0953,anomaly,silent_drift
2590,86.49,0.012,anomaly,silent_drift
2591,84.55,0.0124,anomaly,silent_drift
2592,86.5,0.0785,anomaly,silent_drift
2593,86.17,0.0363,anomaly,silent_drift
2594,85.83,0.0611,anomaly,silent_drift
2595,84.07,0.0802,anomaly,silent_drift
2596,85.03,0.0442,anomaly,silent_drift
2597,87.08,0.0014,anomaly,silent_drift
2598,86.54,0.0864,anomaly,silent_drift
2599,85.5,0.0958,anomaly,silent_drift
2600,84.61,0.0123,anomaly,silent_drift
2601,86.31,0.0269,anomaly,silent_drift
2602,88.72,0.0286,anomaly,silent_drift
2603,85.64,0.0098,anomaly,silent_drift
2604,83.77,0.0987,anomaly,silent_drift
2605,84.01,0.0477,anomaly,silent_drift
2606,86.26,0.0932,anomaly,silent_drift
2607,85.87,0.0991,anomaly,silent_drift
2608,85.96,0.0495,anomaly,silent_drift
2609,84.75,0.0723,anomaly,silent_drift
2610,85.87,0.0515,anomaly,silent_drift
2611,87.79,0.0332,anomaly,silent_drift
2612,88.44,0.0284,anomaly,silent_drift
2613,86.55,0.0489,anomaly,silent_drift
2614,86.68,0.0214,anomaly,silent_drift
2615,88.28,0.0314,anomaly,silent_drift
2616,88.79,0.0819,anomaly,silent_drift
2617,86.81,0.0611,anomaly,silent_drift
2618,85.45,0.0825,anomaly,silent_drift
2619,86.24,0.0041,anomaly,silent_drift
2620,88.05,0.087,anomaly,silent_drift
2621,86.2,0.0916,anomaly,silent_drift
2622,85.29,0.0307,anomaly,silent_drift
2623,86.05,0.0964,anomaly,silent_drift
2624,88.7,0.057,anomaly,silent_drift
2625,87.62,0.0748,anomaly,silent_drift
2626,85.74,0.0095,anomaly,silent_drift
2627,85.71,0.0321,anomaly,silent_drift
2628,87.29,0.0024,anomaly,silent_drift
2629,88.73,0.015,anomaly,silent_drift
2630,87.18,0.0015,anomaly,silent_drift
2631,85.94,0.029,anomaly,silent_drift
2632,87.67,0.0783,anomaly,silent_drift
2633,87.99,0.0259,anomaly,silent_drift
2634,89.82,0.0213,anomaly,silent_drift
2635,87.59,0.0385,anomaly,silent_drift
2636,86.37,0.0384,anomaly,silent_drift
2637,87.29,0.0873,anomaly,silent_drift
2638,89.57,0.0513,anomaly,silent_drift
2639,88.0,0.0358,anomaly,silent_drift
2640,85.73,0.0749,anomaly,silent_drift
2641,85.74,0.0141,anomaly,silent_drift
2642,89.42,0.0305,anomaly,silent_drift
2643,90.08,0.0132,anomaly,silent_drift
2644,87.85,0.0373,anomaly,silent_drift
2645,85.56,0.0169,anomaly,silent_drift
2646,86.09,0.0683,anomaly,silent_drift
2647,89.27,0.0826,anomaly,silent_drift
2648,90.09,0.0239,anomaly,silent_drift
2649,87.63,0.0286,anomaly,silent_drift
2650,89.45,0.0007,anomaly,silent_drift
2651,90.26,0.0072,anomaly,silent_drift
2652,88.63,0.0665,anomaly,silent_drift
2653,88.62,0.0012,anomaly,silent_drift
2654,86.42,0.0419,anomaly,silent_drift
2655,88.79,0.0813,anomaly,silent_drift
2656,90.49,0.023,anomaly,silent_drift
2657,90.71,0.0433,anomaly,silent_drift
2658,88.58,0.0177,anomaly,silent_drift
2659,86.61,0.0161,anomaly,silent_drift
2660,89.35,0.0047,anomaly,silent_drift
2661,90.94,0.0882,anomaly,silent_drift
2662,89.14,0.0014,anomaly,silent_drift
2663,88.91,0.0952,anomaly,silent_drift
2664,88.33,0.0303,anomaly,silent_drift
2665,92.34,0.0453,anomaly,silent_drift
2666,90.02,0.0568,anomaly,silent_drift
2667,86.39,0.0708,anomaly,silent_drift
2668,88.17,0.0835,anomaly,silent_drift
2669,89.61,0.0608,anomaly,silent_drift
2670,90.3,0.0601,anomaly,silent_drift
2671,89.07,0.038,anomaly,silent_drift
2672,86.84,0.079,anomaly,silent_drift
2673,90.47,0.018,anomaly,silent_drift
2674,94.75,0.0345,anomaly,silent_drift
2675,90.86,0.0653,anomaly,silent_drift
2676,88.74,0.0415,anomaly,silent_drift
2677,89.08,0.0528,anomaly,silent_drift
2678,90.15,0.0756,anomaly,silent_drift
2679,91.81,0.0477,anomaly,silent_drift
2680,89.68,0.0128,anomaly,silent_drift
2681,88.64,0.0681,anomaly,silent_drift
2682,87.9,0.0897,anomaly,silent_drift
2683,91.55,0.0409,anomaly,silent_drift
2684,91.35,0.0112,anomaly,silent_drift
2685,88.47,0.0793,anomaly,silent_drift
2686,88.98,0.0432,anomaly,silent_drift
2687,92.1,0.0921,anomaly,silent_drift
2688,91.31,0.0131,anomaly,silent_drift
2689,89.39,0.0514,anomaly,silent_drift
2690,89.77,0.0088,anomaly,silent_drift
2691,90.34,0.0424,anomaly,silent_drift
2692,91.91,0.0198,anomaly,silent_drift
2693,90.91,0.0362,anomaly,silent_drift
2694,89.39,0.0841,anomaly,silent_drift
2695,89.84,0.0449,anomaly,silent_drift
2696,91.18,0.0844,anomaly,silent_drift
2697,92.34,0.0565,anomaly,silent_drift
2698,90.72,0.0117,anomaly,silent_drift
2699,91.08,0.0423,anomaly,silent_drift
2700,92.29,0.0052,anomaly,silent_drift
2701,92.43,0.0808,anomaly,silent_drift
2702,92.24,0.0072,anomaly,silent_drift
2703,89.04,0.0696,anomaly,silent_drift
2704,90.9,0.0671,anomaly,silent_drift
2705,93.86,0.0773,anomaly,silent_drift
2706,91.81,0.0224,anomaly,silent_drift
2707,92.32,0.0566,anomaly,silent_drift
2708,89.55,0.059,anomaly,silent_drift
2709,89.85,0.0264,anomaly,silent_drift
2710,91.99,0.0909,anomaly,silent_drift
2711,91.8,0.009,anomaly,silent_drift
2712,90.06,0.0507,anomaly,silent_drift
2713,91.02,0.0657,anomaly,silent_drift
2714,94.8,0.0106,anomaly,silent_drift
2715,91.39,0.0266,anomaly,silent_drift
2716,91.02,0.0023,anomaly,silent_drift
2717,89.43,0.0593,anomaly,silent_drift
2718,91.1,0.0972,anomaly,silent_drift
2719,94.38,0.072,anomaly,silent_drift
2720,92.63,0.0354,anomaly,silent_drift
2721,90.24,0.0559,anomaly,silent_drift
2722,91.1,0.0839,anomaly,silent_drift
2723,91.46,0.0994,anomaly,silent_drift
2724,93.52,0.0133,anomaly,silent_drift
2725,94.31,0.0677,anomaly,silent_drift
2726,89.16,0.0938,anomaly,silent_drift
2727,95.21,0.047,anomaly,silent_drift
2728,92.71,0.0497,anomaly,silent_drift
2729,92.22,0.0527,anomaly,silent_drift
2730,92.35,0.0708,anomaly,silent_drift
2731,92.44,0.0646,anomaly,silent_drift
2732,92.98,0.062,anomaly,silent_drift
2733,94.29,0.0134,anomaly,silent_drift
2734,93.08,0.0061,anomaly,silent_drift
2735,93.2,0.0008,anomaly,silent_drift
2736,92.42,0.0757,anomaly,silent_drift
2737,95.79,0.0746,anomaly,silent_drift
2738,93.87,0.0107,anomaly,silent_drift
2739,90.14,0.0971,anomaly,silent_drift
2740,92.71,0.058,anomaly,silent_drift
2741,96.22,0.0561,anomaly,silent_drift
2742,94.43,0.0872,anomaly,silent_drift
2743,93.02,0.0604,anomaly,silent_drift
2744,90.94,0.0626,anomaly,silent_drift
2745,92.87,0.0557,anomaly,silent_drift
2746,95.46,0.0362,anomaly,silent_drift
2747,95.83,0.088,anomaly,silent_drift
2748,93.89,0.0195,anomaly,silent_drift
2749,93.01,0.0753,anomaly,silent_drift
2750,80.36,0.1734,normal,none
2751,81.63,0.1171,normal,none
2752,79.57,0.0617,normal,none
2753,77.28,0.1655,normal,none
2754,77.7,0.1525,normal,none
2755,81.59,0.1877,normal,none
2756,79.96,0.1775,normal,none
2757,77.53,0.0754,normal,none
2758,77.94,0.0961,normal,none
2759,80.04,0.0559,normal,none
2760,79.02,0.1049,normal,none
2761,80.54,0.1249,normal,none
2762,77.81,0.1187,normal,none
2763,79.23,0.056,normal,none
2764,79.85,0.1992,normal,none
2765,78.53,0.1822,normal,none
2766,76.61,0.1188,normal,none
2767,77.97,0.0513,normal,none
2768,77.68,0.1234,normal,none
2769,80.21,0.1987,normal,none
2770,80.04,0.1578,normal,none
2771,75.96,0.0893,normal,none
2772,80.23,0.0625,normal,none
2773,80.43,0.1307,normal,none
2774,78.83,0.0514,normal,none
2775,77.66,0.1402,normal,none
2776,78.22,0.1205,normal,none
2777,78.4,0.1856,normal,none
2778,80.09,0.1385,normal,none
2779,77.24,0.1704,normal,none
2780,76.38,0.0515,normal,none
2781,78.32,0.1566,normal,none
2782,79.23,0.1811,normal,none
2783,79.99,0.168,normal,none
2784,76.09,0.169,normal,none
2785,78.74,0.0852,normal,none
2786,77.7,0.1216,normal,none
2787,79.73,0.104,normal,none
2788,78.56,0.1992,normal,none
2789,76.68,0.1499,normal,none
2790,78.22,0.1947,normal,none
2791,81.95,0.1646,normal,none
2792,79.71,0.0557,normal,none
2793,79.49,0.1788,normal,none
2794,79.3,0.1546,normal,none
2795,79.34,0.1401,normal,none
2796,80.42,0.0775,normal,none
2797,79.29,0.1934,normal,none
2798,77.06,0.08,normal,none
2799,79.37,0.1585,normal,none
2800,80.89,0.1409,normal,none
2801,82.25,0.1072,normal,none
2802,77.85,0.1293,normal,none
2803,77.45,0.1512,normal,none
2804,78.48,0.1542,normal,none
2805,80.82,0.1064,normal,none
2806,78.73,0.0717,normal,none
2807,76.83,0.1723,normal,none
2808,78.63,0.0847,normal,none
2809,79.7,0.1485,normal,none
2810,80.83,0.1377,normal,none
2811,77.0,0.1155,normal,none
2812,80.77,0.128,normal,none
2813,80.71,0.144,normal,none
2814,80.58,0.0992,normal,none
2815,76.27,0.0606,normal,none
2816,77.36,0.0877,normal,none
2817,80.24,0.1588,normal,none
2818,81.27,0.1592,normal,none
2819,80.02,0.0572,normal,none
2820,76.66,0.1109,normal,none
2821,79.16,0.1617,normal,none
2822,79.04,0.1113,normal,none
2823,81.05,0.1619,normal,none
2824,80.05,0.0669,normal,none
2825,78.43,0.0539,normal,none
2826,80.01,0.0783,normal,none
2827,80.03,0.1042,normal,none
2828,79.47,0.0728,normal,none
2829,77.29,0.1662,normal,none
2830,78.48,0.065,normal,none
2831,80.58,0.1561,normal,none
2832,80.24,0.1947,normal,none
2833,77.79,0.0944,normal,none
2834,76.63,0.1995,normal,none
2835,79.22,0.1167,normal,none
2836,80.14,0.1037,normal,none
2837,78.19,0.0628,normal,none
2838,79.3,0.147,normal,none
2839,75.11,0.1741,normal,none
2840,79.84,0.1966,normal,none
2841,80.63,0.1725,normal,none
2842,76.89,0.1062,normal,none
2843,76.49,0.1948,normal,none
2844,78.01,0.0518,normal,none
2845,80.19,0.1134,normal,none
2846,78.94,0.0669,normal,none
2847,78.01,0.1579,normal,none
2848,77.76,0.0762,normal,none
2849,79.09,0.1801,normal,none
2850,81.28,0.0824,normal,none
2851,78.39,0.1834,normal,none
2852,78.28,0.0826,normal,none
2853,80.9,0.17,normal,none
2854,80.1,0.187,normal,none
2855,79.66,0.1728,normal,none
2856,78.01,0.1348,normal,none
2857,78.32,0.0857,normal,none
2858,81.17,0.1925,normal,none
2859,81.78,0.0603,normal,none
2860,77.74,0.0723,normal,none
2861,77.34,0.0666,normal,none
2862,78.81,0.1675,normal,none
2863,80.4,0.0961,normal,none
2864,79.74,0.0947,normal,none
2865,78.05,0.0824,normal,none
2866,77.82,0.175,normal,none
2867,80.22,0.0704,normal,none
2868,81.61,0.1926,normal,none
2869,78.5,0.1148,normal,none
2870,78.69,0.1845,normal,none
2871,80.09,0.1433,normal,none
2872,81.74,0.0815,normal,none
2873,80.36,0.1344,normal,none
2874,79.52,0.1276,normal,none
2875,76.53,0.0969,normal,none
2876,81.69,0.1904,normal,none
2877,79.37,0.0822,normal,none
2878,78.66,0.0628,normal,none
2879,78.34,0.1856,normal,none
2880,80.09,0.1966,normal,none
2881,80.22,0.1845,normal,none
2882,80.1,0.0974,normal,none
2883,77.53,0.1226,normal,none
2884,78.78,0.1268,normal,none
2885,78.36,0.1366,normal,none
2886,79.62,0.1821,normal,none
2887,77.87,0.1856,normal,none
2888,77.42,0.0633,normal,none
2889,78.88,0.0551,normal,none
2890,78.35,0.0747,normal,none
2891,80.79,0.0547,normal,none
2892,78.74,0.1799,normal,none
2893,77.97,0.1763,normal,none
2894,79.49,0.1619,normal,none
2895,79.07,0.1932,normal,none
2896,78.98,0.1529,normal,none
2897,78.0,0.0501,normal,none
2898,80.5,0.1213,normal,none
2899,79.89,0.1705,normal,none
2900,77.96,0.0567,normal,none
2901,76.48,0.0609,normal,none
2902,79.35,0.111,normal,none
2903,78.12,0.0953,normal,none
2904,81.24,0.0546,normal,none
2905,79.31,0.1776,normal,none
2906,77.12,0.1774,normal,none
2907,79.46,0.1001,normal,none
2908,82.05,0.1324,normal,none
2909,79.76,0.0945,normal,none
2910,76.18,0.0685,normal,none
2911,78.26,0.1351,normal,none
2912,80.07,0.1674,normal,none
2913,78.85,0.1212,normal,none
2914,80.53,0.1008,normal,none
2915,77.71,0.0664,normal,none
2916,79.43,0.0968,normal,none
2917,80.59,0.1079,normal,none
2918,78.96,0.1421,normal,none
2919,77.81,0.1668,normal,none
2920,78.86,0.1583,normal,none
2921,80.73,0.1555,normal,none
2922,80.77,0.1728,normal,none
2923,79.38,0.1323,normal,none
2924,78.96,0.1193,normal,none
2925,79.03,0.0705,normal,none
2926,81.07,0.0676,normal,none
2927,79.67,0.1353,normal,none
2928,78.05,0.0674,normal,none
2929,77.28,0.1137,normal,none
2930,79.57,0.0896,normal,none
2931,81.49,0.0934,normal,none
2932,80.15,0.1379,normal,none
2933,78.37,0.0853,normal,none
2934,78.6,0.145,normal,none
2935,80.71,0.1228,normal,none
2936,80.46,0.08,normal,none
2937,78.41,0.0951,normal,none
2938,78.04,0.1495,normal,none
2939,79.57,0.1729,normal,none
2940,81.06,0.1455,normal,none
2941,77.54,0.1425,normal,none
2942,78.49,0.1245,normal,none
2943,81.06,0.0687,normal,none
2944,81.69,0.1325,normal,none
2945,79.76,0.1419,normal,none
2946,78.13,0.184,normal,none
2947,79.98,0.1782,normal,none
2948,80.22,0.0602,normal,none
2949,80.85,0.1377,normal,none
2950,78.98,0.0597,normal,none
2951,78.86,0.0545,normal,none
2952,80.26,0.0612,normal,none
2953,79.7,0.0706,normal,none
2954,79.5,0.1216,normal,none
2955,77.46,0.1819,normal,none
2956,78.63,0.0576,normal,none
2957,79.06,0.1696,normal,none
2958,82.01,0.0828,normal,none
2959,78.6,0.132,normal,none
2960,77.5,0.1755,normal,none
2961,79.32,0.0723,normal,none
2962,81.06,0.1966,normal,none
2963,79.68,0.1983,normal,none
2964,76.82,0.1042,normal,none
2965,78.33,0.0604,normal,none
2966,77.77,0.1667,normal,none
2967,81.72,0.142,normal,none
2968,79.23,0.1616,normal,none
2969,77.19,0.0563,normal,none
2970,78.78,0.1531,normal,none
2971,81.16,0.075,normal,none
2972,79.96,0.1559,normal,none
2973,78.12,0.1308,normal,none
2974,76.45,0.0918,normal,none
2975,81.82,0.1671,normal,none
2976,80.57,0.0605,normal,none
2977,79.18,0.0506,normal,none
2978,77.39,0.1978,normal,none
2979,78.05,0.178,normal,none
2980,80.8,0.0685,normal,none
2981,79.74,0.089,normal,none
2982,76.71,0.0618,normal,none
2983,79.97,0.0532,normal,none
2984,80.32,0.1853,normal,none
2985,79.95,0.122,normal,none
2986,80.06,0.0642,normal,none
2987,77.24,0.0743,normal,none
2988,79.96,0.137,normal,none
2989,81.17,0.1296,normal,none
2990,79.69,0.0622,normal,none
2991,79.42,0.1381,normal,none
2992,78.93,0.0918,normal,none
2993,80.99,0.1182,normal,none
2994,81.42,0.1941,normal,none
2995,79.6,0.1053,normal,none
2996,78.77,0.0716,normal,none
2997,81.0,0.198,normal,none
2998,80.79,0.1313,normal,none
2999,81.58,0.1344,normal,none
3000,78.48,0.8484,walking,walking
3001,79.98,2.0685,walking,walking
3002,83.48,0.9024,walking,walking
3003,85.78,1.6417,walking,walking
3004,86.49,1.375,walking,walking
3005,85.17,2.262,walking,walking
3006,85.86,0.9069,walking,walking
3007,91.97,1.917,walking,walking
3008,91.86,2.4698,walking,walking
3009,92.45,2.3792,walking,walking
3010,94.22,2.4446,walking,walking
3011,98.53,1.2067,walking,walking
3012,99.97,1.9041,walking,walking
3013,100.43,2.2418,walking,walking
3014,98.46,0.9097,walking,walking
3015,101.61,1.9877,walking,walking
3016,106.56,1.1108,walking,walking
3017,105.58,0.982,walking,walking
3018,106.48,2.2234,walking,walking
3019,106.24,1.5988,walking,walking
3020,108.19,1.1781,walking,walking
3021,109.8,1.0524,walking,walking
3022,107.77,1.7421,walking,walking
3023,107.92,2.355,walking,walking
3024,108.12,1.4071,walking,walking
3025,109.12,1.9166,walking,walking
3026,110.4,1.8788,walking,walking
3027,107.54,1.2854,walking,walking
3028,107.36,0.9954,walking,walking
3029,110.12,1.3367,walking,walking
3030,109.95,0.9749,walking,walking
3031,107.17,1.9823,walking,walking
3032,107.8,2.4577,walking,walking
3033,109.85,2.4247,walking,walking
3034,111.5,2.0702,walking,walking
3035,108.5,1.3062,walking,walking
3036,107.86,1.715,walking,walking
3037,109.25,2.1081,walking,walking
3038,111.27,2.2912,walking,walking
3039,108.97,2.1035,walking,walking
3040,109.24,1.0612,walking,walking
3041,108.18,1.3051,walking,walking
3042,107.92,1.7471,walking,walking
3043,110.56,0.8369,walking,walking
3044,108.71,2.2104,walking,walking
3045,105.46,2.0932,walking,walking
3046,108.41,2.0024,walking,walking
3047,108.03,1.3718,walking,walking
3048,109.59,2.2442,walking,walking
3049,107.24,2.0486,walking,walking
3050,105.75,1.9847,walking,walking
3051,110.53,1.8555,walking,walking
3052,110.2,1.185,walking,walking
3053,110.06,1.53,walking,walking
3054,105.49,1.0413,walking,walking
3055,107.25,1.9225,walking,walking
3056,109.49,1.3677,walking,walking
3057,109.91,1.565,walking,walking
3058,109.0,1.072,walking,walking
3059,108.18,1.7118,walking,walking
3060,110.18,0.8997,walking,walking
3061,108.53,2.0896,walking,walking
3062,108.31,1.1051,walking,walking
3063,109.01,1.4801,walking,walking
3064,109.47,1.0108,walking,walking
3065,109.48,2.2967,walking,walking
3066,110.66,1.0285,walking,walking
3067,107.64,0.8696,walking,walking
3068,109.47,2.1156,walking,walking
3069,107.32,1.7002,walking,walking
3070,110.54,2.3819,walking,walking
3071,109.04,2.3686,walking,walking
3072,106.58,2.0329,walking,walking
3073,107.69,1.8671,walking,walking
3074,109.24,1.2105,walking,walking
3075,110.34,1.4052,walking,walking
3076,108.88,1.7975,walking,walking
3077,105.28,1.7715,walking,walking
3078,108.51,1.3555,walking,walking
3079,112.33,1.8849,walking,walking
3080,108.99,1.3852,walking,walking
3081,107.68,0.949,walking,walking
3082,108.16,1.4845,walking,walking
3083,109.28,1.0306,walking,walking
3084,111.37,2.4837,walking,walking
3085,107.7,1.0933,walking,walking
3086,108.58,1.1597,walking,walking
3087,107.46,1.0854,walking,walking
3088,110.13,1.9865,walking,walking
3089,109.46,2.4524,walking,walking
3090,109.72,1.6204,walking,walking
3091,106.03,0.9456,walking,walking
3092,110.16,2.3456,walking,walking
3093,111.72,1.3427,walking,walking
3094,110.43,1.1992,walking,walking
3095,108.14,1.9359,walking,walking
3096,111.67,1.5566,walking,walking
3097,111.3,1.3877,walking,walking
3098,109.94,1.3478,walking,walking
3099,108.76,2.1969,walking,walking
3100,106.63,1.2836,walking,walking
3101,110.91,1.2112,walking,walking
3102,109.7,1.6378,walking,walking
3103,108.86,2.2295,walking,walking
3104,108.38,2.3969,walking,walking
3105,109.77,2.3723,walking,walking
3106,110.74,2.3755,walking,walking
3107,110.38,2.3183,walking,walking
3108,109.0,1.8859,walking,walking
3109,108.1,1.816,walking,walking
3110,110.77,2.2738,walking,walking
3111,109.26,0.8262,walking,walking
3112,108.77,1.1029,walking,walking
3113,107.45,2.337,walking,walking
3114,109.33,2.2952,walking,walking
3115,111.31,2.433,walking,walking
3116,110.63,1.9116,walking,walking
3117,106.67,1.6722,walking,walking
3118,107.96,1.9807,walking,walking
3119,110.53,2.4059,walking,walking
3120,110.29,0.9152,walking,walking
3121,107.64,1.4636,walking,walking
3122,108.34,0.9864,walking,walking
3123,109.85,1.9524,walking,walking
3124,110.77,1.8497,walking,walking
3125,108.4,0.9699,walking,walking
3126,107.82,1.7094,walking,walking
3127,108.92,1.8107,walking,walking
3128,108.79,2.477,walking,walking
3129,109.98,1.9604,walking,walking
3130,110.13,1.4593,walking,walking
3131,108.92,1.8816,walking,walking
3132,108.36,2.3123,walking,walking
3133,110.97,1.3059,walking,walking
3134,110.55,2.4693,walking,walking
3135,109.23,2.1408,walking,walking
3136,107.37,2.073,walking,walking
3137,108.4,1.2012,walking,walking
3138,110.22,2.2891,walking,walking
3139,110.08,0.9731,walking,walking
3140,109.79,1.3138,walking,walking
3141,108.62,1.6373,walking,walking
3142,110.84,1.5559,walking,walking
3143,110.03,0.954,walking,walking
3144,109.12,1.539,walking,walking
3145,107.82,1.4626,walking,walking
3146,110.56,1.9795,walking,walking
3147,111.39,1.3082,walking,walking
3148,107.75,2.0746,walking,walking
3149,105.99,1.9844,walking,walking
3150,109.77,1.5479,walking,walking
3151,110.96,2.0825,walking,walking
3152,108.75,1.7063,walking,walking
3153,108.83,2.3739,walking,walking
3154,108.35,0.8538,walking,walking
3155,109.81,1.6022,walking,walking
3156,110.71,2.2522,walking,walking
3157,109.09,2.1235,walking,walking
3158,108.43,1.4658,walking,walking
3159,109.65,0.8534,walking,walking
3160,110.5,1.2357,walking,walking
3161,109.66,1.7445,walking,walking
3162,108.22,1.4882,walking,walking
3163,108.07,1.3526,walking,walking
3164,111.39,1.6979,walking,walking
3165,109.85,1.0512,walking,walking
3166,109.13,1.9866,walking,walking
3167,108.4,2.268,walking,walking
3168,108.99,1.4461,walking,walking
3169,110.59,1.274,walking,walking
3170,111.58,1.1582,walking,walking
3171,108.93,0.8548,walking,walking
3172,107.59,1.4249,walking,walking
3173,111.29,2.2073,walking,walking
3174,109.29,1.2539,walking,walking
3175,109.5,0.8307,walking,walking
3176,110.78,1.2526,walking,walking
3177,109.36,1.0405,walking,walking
3178,110.66,1.4898,walking,walking
3179,108.8,1.986,walking,walking
3180,106.37,1.3629,walking,walking
3181,108.29,1.0892,walking,walking
3182,111.21,1.0656,walking,walking
3183,111.79,0.9798,walking,walking
3184,109.23,1.2837,walking,walking
3185,108.22,0.9197,walking,walking
3186,108.76,1.7524,walking,walking
3187,110.94,1.798,walking,walking
3188,109.49,1.4996,walking,walking
3189,107.74,1.5991,walking,walking
3190,108.62,1.0919,walking,walking
3191,108.93,1.3117,walking,walking
3192,109.98,2.3425,walking,walking
3193,110.44,0.8056,walking,walking
3194,106.63,1.1745,walking,walking
3195,109.07,1.4151,walking,walking
3196,109.22,2.1265,walking,walking
3197,109.82,0.9691,walking,walking
3198,107.91,1.0431,walking,walking
3199,107.78,1.033,walking,walking
3200,110.56,1.8657,walking,walking
3201,111.69,2.2437,walking,walking
3202,109.44,1.4009,walking,walking
3203,106.96,2.2326,walking,walking
3204,108.72,2.1314,walking,walking
3205,109.83,2.1628,walking,walking
3206,110.16,1.4777,walking,walking
3207,108.81,1.7969,walking,walking
3208,109.49,1.2444,walking,walking
3209,111.44,0.9221,walking,walking
3210,112.28,1.9232,walking,walking
3211,108.1,1.9938,walking,walking
3212,106.47,2.1643,walking,walking
3213,109.38,1.0466,walking,walking
3214,111.7,2.4919,walking,walking
3215,108.97,0.9159,walking,walking
3216,108.22,0.8637,walking,walking
3217,107.23,1.6925,walking,walking
3218,109.36,2.1917,walking,walking
3219,111.14,2.2452,walking,walking
3220,109.43,2.0003,walking,walking
3221,107.81,0.8152,walking,walking
3222,109.43,2.0975,walking,walking
3223,109.93,1.8706,walking,walking
3224,111.38,1.9691,walking,walking
3225,109.86,1.9775,walking,walking
3226,108.03,1.7227,walking,walking
3227,111.03,2.1485,walking,walking
3228,110.59,1.4978,walking,walking
3229,108.09,1.0012,walking,walking
3230,109.07,0.978,walking,walking
3231,110.08,1.607,walking,walking
3232,111.95,0.9631,walking,walking
3233,111.31,1.6184,walking,walking
3234,107.53,1.1186,walking,walking
3235,108.39,0.8594,walking,walking
3236,110.62,1.944,walking,walking
3237,110.83,2.2561,walking,walking
3238,108.68,1.0307,walking,walking
3239,108.29,1.5957,walking,walking
3240,109.24,2.0731,walking,walking
3241,110.69,0.9554,walking,walking
3242,111.13,2.2272,walking,walking
3243,109.08,2.1364,walking,walking
3244,107.72,0.8332,walking,walking
3245,109.33,1.7389,walking,walking
3246,111.39,2.2844,walking,walking
3247,109.02,0.8422,walking,walking
3248,107.79,1.236,walking,walking
3249,110.12,1.9916,walking,walking
3250,110.74,1.4381,walking,walking
3251,109.54,1.3987,walking,walking
3252,108.82,1.3325,walking,walking
3253,107.62,0.9572,walking,walking
3254,109.37,2.3458,walking,walking
3255,110.58,1.7693,walking,walking
3256,108.06,1.2367,walking,walking
3257,109.0,2.1144,walking,walking
3258,109.31,2.1709,walking,walking
3259,111.54,1.1172,walking,walking
3260,110.6,1.3158,walking,walking
3261,108.18,0.8764,walking,walking
3262,109.98,2.3569,walking,walking
3263,110.66,1.3512,walking,walking
3264,112.46,2.3613,walking,walking
3265,110.64,2.2784,walking,walking
3266,107.0,2.1429,walking,walking
3267,109.61,2.2915,walking,walking
3268,111.29,2.1997,walking,walking
3269,109.79,2.0131,walking,walking
3270,108.08,1.3288,walking,walking
3271,107.15,2.3898,walking,walking
3272,110.45,1.6551,walking,walking
3273,111.96,1.6257,walking,walking
3274,109.12,2.2342,walking,walking
3275,108.24,2.1935,walking,walking
3276,109.37,1.2396,walking,walking
3277,110.65,2.2555,walking,walking
3278,110.35,1.0367,walking,walking
3279,108.12,1.7233,walking,walking
3280,108.08,0.9411,walking,walking
3281,110.33,1.0653,walking,walking
3282,111.98,1.1775,walking,walking
3283,108.89,0.9984,walking,walking
3284,108.64,1.4044,walking,walking
3285,111.33,1.303,walking,walking
3286,109.19,2.0425,walking,walking
3287,109.96,1.0851,walking,walking
3288,107.72,1.345,walking,walking
3289,109.3,2.143,walking,walking
3290,110.22,2.3397,walking,walking
3291,110.61,1.0196,walking,walking
3292,109.1,1.5051,walking,walking
3293,107.06,1.7188,walking,walking
3294,108.95,2.4738,walking,walking
3295,109.02,0.9126,walking,walking
3296,109.97,1.6505,walking,walking
3297,108.75,1.5533,walking,walking
3298,108.39,1.9556,walking,walking
3299,110.63,2.0423,walking,walking
3300,109.89,1.5184,walking,walking
3301,110.39,2.0453,walking,walking
3302,108.85,0.9055,walking,walking
3303,109.43,2.2237,walking,walking
3304,110.45,1.6787,walking,walking
3305,111.06,1.017,walking,walking
3306,108.33,1.2172,walking,walking
3307,109.12,1.3022,walking,walking
3308,111.78,1.5493,walking,walking
3309,110.01,2.4514,walking,walking
3310,107.67,2.2532,walking,walking
3311,107.69,1.2393,walking,walking
3312,109.74,1.9581,walking,walking
3313,110.56,2.0645,walking,walking
3314,108.86,1.2799,walking,walking
3315,110.09,1.5398,walking,walking
3316,109.53,1.5414,walking,walking
3317,109.97,2.0092,walking,walking
3318,113.46,0.8782,walking,walking
3319,107.96,2.2826,walking,walking
3320,108.04,0.9201,walking,walking
3321,111.25,1.0417,walking,walking
3322,110.3,0.8046,walking,walking
3323,110.39,1.1313,walking,walking
3324,109.91,1.8365,walking,walking
3325,107.28,1.0097,walking,walking
3326,110.16,2.3006,walking,walking
3327,109.69,1.8411,walking,walking
3328,108.46,2.4822,walking,walking
3329,108.39,1.347,walking,walking
3330,109.67,1.658,walking,walking
3331,110.38,2.0598,walking,walking
3332,108.82,0.9882,walking,walking
3333,106.78,1.1217,walking,walking
3334,106.92,2.2445,walking,walking
3335,109.74,2.2414,walking,walking
3336,110.51,1.8377,walking,walking
3337,108.08,2.1815,walking,walking
3338,106.75,2.4617,walking,walking
3339,109.24,1.6056,walking,walking
3340,112.43,0.9481,walking,walking
3341,110.64,1.9183,walking,walking
3342,107.8,2.2562,walking,walking
3343,109.72,1.9743,walking,walking
3344,110.12,1.0489,walking,walking
3345,110.16,2.3799,walking,walking
3346,107.71,2.3412,walking,walking
3347,108.26,1.9722,walking,walking
3348,109.87,1.7788,walking,walking
3349,111.51,2.2919,walking,walking
3350,110.78,2.0533,walking,walking
3351,110.05,2.2103,walking,walking
3352,108.99,1.3897,walking,walking
3353,112.55,1.7747,walking,walking
3354,111.35,1.6782,walking,walking
3355,109.4,1.7662,walking,walking
3356,108.27,1.7134,walking,walking
3357,109.03,1.498,walking,walking
3358,112.72,0.899,walking,walking
3359,109.78,1.6053,walking,walking
3360,108.93,2.2711,walking,walking
3361,108.92,0.8059,walking,walking
3362,111.49,1.448,walking,walking
3363,112.42,1.5841,walking,walking
3364,108.81,0.8017,walking,walking
3365,109.04,1.2655,walking,walking
3366,107.7,1.908,walking,walking
3367,111.32,2.2566,walking,walking
3368,109.55,1.1263,walking,walking
3369,108.81,1.4653,walking,walking
3370,108.6,1.3318,walking,walking
3371,112.94,1.9768,walking,walking
3372,111.14,1.6303,walking,walking
3373,108.4,2.2077,walking,walking
3374,107.85,1.594,walking,walking
3375,110.62,1.243,walking,walking
3376,113.16,1.0194,walking,walking
3377,110.73,1.5804,walking,walking
3378,107.21,2.0995,walking,walking
3379,108.77,1.9898,walking,walking
3380,109.68,1.2362,walking,walking
3381,108.67,2.457,walking,walking
3382,108.8,2.2378,walking,walking
3383,108.64,1.0165,walking,walking
3384,109.41,2.1049,walking,walking
3385,110.92,2.1688,walking,walking
3386,111.32,1.661,walking,walking
3387,109.52,1.9084,walking,walking
3388,106.78,2.3466,walking,walking
3389,110.73,1.625,walking,walking
3390,112.63,1.2105,walking,walking
3391,109.13,0.8098,walking,walking
3392,109.38,2.4951,walking,walking
3393,110.26,1.8182,walking,walking
3394,110.89,2.1937,walking,walking
3395,111.9,1.839,walking,walking
3396,108.66,1.6039,walking,walking
3397,108.16,2.3166,walking,walking
3398,110.94,2.4027,walking,walking
3399,111.46,0.8553,walking,walking
3400,108.39,1.8547,walking,walking
3401,107.56,2.1424,walking,walking
3402,111.19,1.3888,walking,walking
3403,110.85,0.9513,walking,walking
3404,110.78,2.0822,walking,walking
3405,108.03,2.4769,walking,walking
3406,109.69,1.2786,walking,walking
3407,112.15,1.9956,walking,walking
3408,109.78,2.3313,walking,walking
3409,110.49,2.3506,walking,walking
3410,109.1,2.2707,walking,walking
3411,108.81,1.6019,walking,walking
3412,111.44,0.8676,walking,walking
3413,109.57,0.8128,walking,walking
3414,108.53,1.0422,walking,walking
3415,107.43,1.3673,walking,walking
3416,112.02,2.3187,walking,walking
3417,112.06,1.7018,walking,walking
3418,110.44,2.289,walking,walking
3419,108.09,1.1417,walking,walking
3420,108.27,1.3835,walking,walking
3421,111.1,1.4953,walking,walking
3422,110.36,2.3666,walking,walking
3423,109.61,1.7003,walking,walking
3424,111.43,1.9741,walking,walking
3425,109.82,0.9649,walking,walking
3426,110.87,1.3126,walking,walking
3427,108.63,1.5784,walking,walking
3428,107.24,1.2798,walking,walking
3429,108.58,1.7017,walking,walking
3430,109.2,2.0963,walking,walking
3431,111.61,1.7617,walking,walking
3432,108.58,0.9939,walking,walking
3433,111.34,1.3443,walking,walking
3434,110.97,2.3069,walking,walking
3435,111.43,1.8155,walking,walking
3436,108.34,1.4877,walking,walking
3437,109.4,1.5287,walking,walking
3438,108.89,1.3893,walking,walking
3439,110.54,1.1485,walking,walking
3440,109.92,2.4178,walking,walking
3441,108.09,1.3772,walking,walking
3442,109.74,1.2662,walking,walking
3443,111.02,1.707,walking,walking
3444,111.23,1.0743,walking,walking
3445,109.89,2.1825,walking,walking
3446,107.49,2.4036,walking,walking
3447,110.11,1.5574,walking,walking
3448,111.98,1.9191,walking,walking
3449,111.41,2.1996,walking,walking
3450,108.33,1.6382,walking,walking
3451,110.04,1.1016,walking,walking
3452,109.5,0.9196,walking,walking
3453,111.36,1.4234,walking,walking
3454,110.96,1.9221,walking,walking
3455,110.07,0.954,walking,walking
3456,110.1,0.8777,walking,walking
3457,112.1,1.8224,walking,walking
3458,110.27,1.4138,walking,walking
3459,109.51,2.4271,walking,walking
3460,109.95,1.598,walking,walking
3461,110.89,1.9201,walking,walking
3462,110.38,2.4069,walking,walking
3463,108.75,0.9939,walking,walking
3464,108.6,2.1451,walking,walking
3465,110.91,1.9614,walking,walking
3466,111.05,1.9099,walking,walking
3467,111.05,1.9098,walking,walking
3468,108.52,1.0117,walking,walking
3469,110.34,2.0367,walking,walking
3470,109.95,2.4559,walking,walking
3471,111.23,1.9524,walking,walking
3472,109.61,1.1534,walking,walking
3473,111.5,0.9076,walking,walking
3474,111.65,1.6214,walking,walking
3475,112.0,2.3653,walking,walking
3476,109.25,1.8055,walking,walking
3477,109.24,0.85,walking,walking
3478,108.31,2.2514,walking,walking
3479,111.07,1.7468,walking,walking
3480,111.29,1.9641,walking,walking
3481,108.65,2.2043,walking,walking
3482,110.19,2.2955,walking,walking
3483,110.88,1.7966,walking,walking
3484,112.32,1.9153,walking,walking
3485,112.11,1.0369,walking,walking
3486,108.84,2.2593,walking,walking
3487,109.4,1.3744,walking,walking
3488,111.33,2.0138,walking,walking
3489,110.79,1.7903,walking,walking
3490,109.55,1.6598,walking,walking
3491,109.52,1.8502,walking,walking
3492,108.98,1.3042,walking,walking
3493,109.55,2.3079,walking,walking
3494,111.19,0.9454,walking,walking
3495,110.69,1.499,walking,walking
3496,111.0,2.4595,walking,walking
3497,109.37,2.2226,walking,walking
3498,109.28,1.4036,walking,walking
3499,110.89,0.9509,walking,walking
3500,109.15,1.2776,walking,walking
3501,109.45,2.2219,walking,walking
3502,109.68,0.8932,walking,walking
3503,111.02,1.0461,walking,walking
3504,107.89,0.8167,walking,walking
3505,108.9,2.2372,walking,walking
3506,109.79,1.1691,walking,walking
3507,111.48,1.197,walking,walking
3508,113.0,0.8624,walking,walking
3509,109.5,2.4363,walking,walking
3510,111.02,2.1493,walking,walking
3511,110.95,2.3322,walking,walking
3512,110.89,1.5822,walking,walking
3513,106.27,1.7689,walking,walking
3514,110.43,2.0438,walking,walking
3515,111.6,0.9133,walking,walking
3516,111.36,2.3155,walking,walking
3517,111.63,1.0407,walking,walking
3518,109.59,1.4745,walking,walking
3519,110.48,1.9178,walking,walking
3520,111.28,0.8881,walking,walking
3521,110.54,1.5239,walking,walking
3522,109.02,1.3939,walking,walking
3523,109.94,0.841,walking,walking
3524,112.83,1.0142,walking,walking
3525,111.69,1.0626,walking,walking
3526,109.55,2.0126,walking,walking
3527,108.79,1.9421,walking,walking
3528,110.21,1.6081,walking,walking
3529,111.87,1.1234,walking,walking
3530,110.75,1.8957,walking,walking
3531,108.46,2.0513,walking,walking
3532,108.34,1.6095,walking,walking
3533,113.25,0.941,walking,walking
3534,110.09,1.5119,walking,walking
3535,111.93,1.4894,walking,walking
3536,111.41,0.9391,walking,walking
3537,108.6,1.7372,walking,walking
3538,111.46,2.3809,walking,walking
3539,111.27,2.1128,walking,walking
3540,108.73,1.7881,walking,walking
3541,109.05,2.2461,walking,walking
3542,111.17,2.0081,walking,walking
3543,112.28,1.848,walking,walking
3544,110.77,1.26,walking,walking
3545,109.09,1.6416,walking,walking
3546,109.98,0.9829,walking,walking
3547,112.97,2.1934,walking,walking
3548,109.6,1.2531,walking,walking
3549,107.54,2.3084,walking,walking
3550,105.4,0.8784,walking,walking
3551,104.47,1.2748,walking,walking
3552,106.23,0.9957,walking,walking
3553,100.1,1.7023,walking,walking
3554,98.77,1.1983,walking,walking
3555,96.99,1.1781,walking,walking
3556,98.18,1.1912,walking,walking
3557,97.36,1.685,walking,walking
3558,93.78,1.0976,walking,walking
3559,92.01,1.4105,walking,walking
3560,91.01,2.1499,walking,walking
3561,92.52,2.3213,walking,walking
3562,90.29,1.037,walking,walking
3563,86.38,1.6119,walking,walking
3564,83.54,2.4869,walking,walking
3565,84.34,1.5501,walking,walking
3566,84.33,1.5525,walking,walking
3567,78.75,0.9963,walking,walking
3568,78.54,0.1785,normal,none
3569,80.66,0.1388,normal,none
3570,82.7,0.1038,normal,none
3571,81.23,0.0818,normal,none
3572,79.5,0.0551,normal,none
3573,80.5,0.1737,normal,none
3574,82.34,0.0986,normal,none
3575,80.75,0.181,normal,none
3576,80.09,0.1669,normal,none
3577,79.86,0.1412,normal,none
3578,80.73,0.0593,normal,none
3579,81.3,0.1081,normal,none
3580,80.13,0.1687,normal,none
3581,80.35,0.0659,normal,none
3582,80.7,0.1711,normal,none
3583,84.17,0.1941,normal,none
3584,81.14,0.1191,normal,none
3585,78.33,0.1463,normal,none
3586,79.86,0.1695,normal,none
3587,81.92,0.1398,normal,none
3588,81.59,0.1123,normal,none
3589,80.63,0.1934,normal,none
3590,78.83,0.1739,normal,none
3591,82.21,0.0924,normal,none
3592,81.51,0.0578,normal,none
3593,80.81,0.1175,normal,none
3594,79.02,0.1834,normal,none
3595,78.46,0.0998,normal,none
3596,82.92,0.1048,normal,none
3597,80.18,0.1667,normal,none
3598,79.41,0.1428,normal,none
3599,78.59,0.1283,normal,none
3600,79.5,0.1724,normal,none
3601,83.72,0.0971,normal,none
3602,81.52,0.1252,normal,none
3603,80.38,0.1109,normal,none
3604,80.63,0.0932,normal,none
3605,83.53,0.1581,normal,none
3606,82.33,0.0603,normal,none
3607,80.67,0.1483,normal,none
3608,80.75,0.1943,normal,none
3609,79.83,0.1331,normal,none
3610,83.59,0.1957,normal,none
3611,80.63,0.0999,normal,none
3612,78.32,0.064,normal,none
3613,78.84,0.0561,normal,none
3614,81.38,0.0594,normal,none
3615,81.93,0.1917,normal,none
3616,80.01,0.1338,normal,none
3617,79.76,0.1723,normal,none
3618,77.78,0.1221,normal,none
3619,82.45,0.1197,normal,none
3620,82.15,0.1266,normal,none
3621,79.44,0.0602,normal,none
3622,77.92,0.123,normal,none
3623,82.1,0.1989,normal,none
3624,82.69,0.1878,normal,none
3625,83.0,0.0723,normal,none
3626,79.27,0.1828,normal,none
3627,79.68,0.1215,normal,none
3628,82.91,0.1046,normal,none
3629,81.73,0.1974,normal,none
3630,79.76,0.1357,normal,none
3631,79.03,0.1681,normal,none
3632,81.46,0.1912,normal,none
3633,82.59,0.1069,normal,none
3634,80.52,0.0834,normal,none
3635,77.92,0.1676,normal,none
3636,81.02,0.1427,normal,none
3637,82.25,0.0678,normal,none
3638,80.07,0.1218,normal,none
3639,79.58,0.1124,normal,none
3640,78.25,0.0906,normal,none
3641,82.98,0.1485,normal,none
3642,80.28,0.0785,normal,none
3643,81.56,0.1643,normal,none
3644,79.24,0.0895,normal,none
3645,80.76,0.1058,normal,none
3646,82.09,0.0576,normal,none
3647,81.57,0.0555,normal,none
3648,80.85,0.1047,normal,none
3649,80.81,0.1692,normal,none
3650,81.74,0.0752,normal,none
3651,81.11,0.1419,normal,none
3652,79.77,0.0554,normal,none
3653,78.75,0.1039,normal,none
3654,81.4,0.1609,normal,none
3655,81.33,0.165,normal,none
3656,81.54,0.1627,normal,none
3657,78.54,0.0795,normal,none
3658,78.17,0.1744,normal,none
3659,80.38,0.1166,normal,none
3660,81.95,0.0505,normal,none
3661,80.06,0.0577,normal,none
3662,77.34,0.1901,normal,none
3663,82.73,0.1966,normal,none
3664,83.37,0.1277,normal,none
3665,82.76,0.0869,normal,none
3666,80.68,0.1808,normal,none
3667,80.43,0.111,normal,none
3668,82.01,0.1973,normal,none
3669,81.99,0.1313,normal,none
3670,79.93,0.1247,normal,none
3671,80.89,0.0506,normal,none
3672,82.77,0.1893,normal,none
3673,81.8,0.0546,normal,none
3674,83.27,0.0724,normal,none
3675,79.14,0.1434,normal,none
3676,80.85,0.0558,normal,none
3677,82.95,0.0909,normal,none
3678,83.09,0.0726,normal,none
3679,81.13,0.0542,normal,none
3680,78.67,0.1296,normal,none
3681,79.74,0.0751,normal,none
3682,82.32,0.1825,normal,none
3683,80.47,0.0855,normal,none
3684,81.27,0.0657,normal,none
3685,80.23,0.0584,normal,none
3686,82.31,0.1201,normal,none
3687,80.41,0.1274,normal,none
3688,79.5,0.1811,normal,none
3689,78.4,0.1329,normal,none
3690,81.48,0.0793,normal,none
3691,82.21,0.1635,normal,none
3692,82.67,0.197,normal,none
3693,79.54,0.161,normal,none
3694,78.94,0.1471,normal,none
3695,81.8,0.1632,normal,none
3696,83.16,0.1266,normal,none
3697,79.35,0.1077,normal,none
3698,81.16,0.1055,normal,none
3699,78.72,0.11,normal,none
3700,0.0,0.0,anomaly,drop_out
3701,0.0,0.0,anomaly,drop_out
3702,0.0,0.0,anomaly,drop_out
3703,0.0,0.0,anomaly,drop_out
3704,0.0,0.0,anomaly,drop_out
3705,0.0,0.0,anomaly,drop_out
3706,0.0,0.0,anomaly,drop_out
3707,0.0,0.0,anomaly,drop_out
3708,0.0,0.0,anomaly,drop_out
3709,0.0,0.0,anomaly,drop_out
3710,0.0,0.0,anomaly,drop_out
3711,0.0,0.0,anomaly,drop_out
3712,80.46,0.0505,normal,none
3713,82.68,0.1836,normal,none
3714,82.34,0.1049,normal,none
3715,78.9,0.1583,normal,none
3716,78.23,0.0922,normal,none
3717,81.28,0.1944,normal,none
3718,81.11,0.0818,normal,none
3719,81.42,0.1385,normal,none
3720,80.9,0.0866,normal,none
3721,80.44,0.1717,normal,none
3722,82.14,0.1242,normal,none
3723,82.45,0.0539,normal,none
3724,79.55,0.098,normal,none
3725,77.97,0.1933,normal,none
3726,81.03,0.154,normal,none
3727,81.74,0.1122,normal,none
3728,81.21,0.1747,normal,none
3729,79.53,0.1878,normal,none
3730,80.77,0.1322,normal,none
3731,80.89,0.1915,normal,none
3732,82.54,0.0568,normal,none
3733,80.34,0.1545,normal,none
3734,81.47,0.0631,normal,none
3735,80.33,0.1837,normal,none
3736,82.47,0.0694,normal,none
3737,82.6,0.0634,normal,none
3738,80.38,0.1544,normal,none
3739,80.22,0.0631,normal,none
3740,83.04,0.1602,normal,none
3741,82.83,0.1532,normal,none
3742,81.29,0.0637,normal,none
3743,80.18,0.1589,normal,none
3744,81.07,0.1247,normal,none
3745,84.27,0.0635,normal,none
3746,81.73,0.1154,normal,none
3747,79.98,0.1061,normal,none
3748,80.37,0.1852,normal,none
3749,80.86,0.1381,normal,none
3750,81.3,0.11,normal,none
3751,83.07,0.1757,normal,none
3752,78.29,0.104,normal,none
3753,80.47,0.1992,normal,none
3754,82.76,0.1036,normal,none
3755,81.67,0.0809,normal,none
3756,78.39,0.1701,normal,none
3757,81.5,0.1273,normal,none
3758,82.75,0.1074,normal,none
3759,82.6,0.1446,normal,none
3760,79.7,0.1277,normal,none
3761,77.95,0.087,normal,none
3762,81.04,0.0655,normal,none
3763,82.5,0.0954,normal,none
3764,81.71,0.1745,normal,none
3765,76.91,0.2,normal,none
3766,80.78,0.0849,normal,none
3767,81.25,0.1711,normal,none
3768,81.55,0.1742,normal,none
3769,78.88,0.1576,normal,none
3770,79.51,0.1777,normal,none
3771,81.82,0.1274,normal,none
3772,82.99,0.0705,normal,none
3773,81.37,0.1004,normal,none
3774,80.19,0.1483,normal,none
3775,81.06,0.1843,normal,none
3776,82.28,0.1478,normal,none
3777,83.07,0.1407,normal,none
3778,79.69,0.1766,normal,none
3779,79.99,0.1832,normal,none
3780,80.03,0.1055,normal,none
3781,81.44,0.0678,normal,none
3782,82.54,0.1668,normal,none
3783,78.12,0.0997,normal,none
3784,79.21,0.0975,normal,none
3785,82.5,0.0945,normal,none
3786,81.61,0.1251,normal,none
3787,81.62,0.0842,normal,none
3788,79.78,0.1438,normal,none
3789,79.19,0.1224,normal,none
3790,81.7,0.0869,normal,none
3791,82.29,0.1056,normal,none
3792,80.13,0.0999,normal,none
3793,78.55,0.0725,normal,none
3794,81.01,0.1546,normal,none
3795,83.37,0.0519,normal,none
3796,80.43,0.1834,normal,none
3797,77.74,0.1257,normal,none
3798,80.27,0.1879,normal,none
3799,83.06,0.1532,normal,none
3800,82.8,0.1018,normal,none
3801,81.07,0.0941,normal,none
3802,81.01,0.1942,normal,none
3803,80.42,0.1187,normal,none
3804,80.9,0.1913,normal,none
3805,80.02,0.1106,normal,none
3806,79.46,0.0732,normal,none
3807,81.04,0.0893,normal,none
3808,81.84,0.1105,normal,none
3809,81.35,0.1727,normal,none
3810,81.92,0.1063,normal,none
3811,80.83,0.1172,normal,none
3812,81.34,0.0661,normal,none
3813,83.22,0.1546,normal,none
3814,79.26,0.1291,normal,none
3815,80.76,0.1865,normal,none
3816,81.55,0.1081,normal,none
3817,82.42,0.1496,normal,none
3818,81.03,0.1759,normal,none
3819,80.4,0.1819,normal,none
3820,78.68,0.106,normal,none
3821,83.38,0.0538,normal,none
3822,83.0,0.1589,normal,none
3823,80.28,0.0847,normal,none
3824,79.82,0.181,normal,none
3825,81.39,0.0794,normal,none
3826,84.26,0.0694,normal,none
3827,81.51,0.0879,normal,none
3828,79.21,0.1905,normal,none
3829,81.16,0.0674,normal,none
3830,81.63,0.1352,normal,none
3831,81.82,0.0892,normal,none
3832,80.22,0.0821,normal,none
3833,79.96,0.1853,normal,none
3834,82.3,0.1894,normal,none
3835,80.04,0.0922,normal,none
3836,82.82,0.0811,normal,none
3837,79.7,0.0842,normal,none
3838,81.1,0.1998,normal,none
3839,82.98,0.1002,normal,none
3840,81.97,0.0786,normal,none
3841,78.88,0.0875,normal,none
3842,80.32,0.1216,normal,none
3843,79.82,0.1726,normal,none
3844,81.33,0.1149,normal,none
3845,81.09,0.1049,normal,none
3846,79.65,0.097,normal,none
3847,78.54,0.1749,normal,none
3848,82.43,0.1457,normal,none
3849,81.97,0.1181,normal,none
3850,80.85,0.0523,anomaly,silent_drift
3851,81.29,0.0281,anomaly,silent_drift
3852,81.34,0.0514,anomaly,silent_drift
3853,81.98,0.0925,anomaly,silent_drift
3854,82.02,0.0712,anomaly,silent_drift
3855,79.82,0.064,anomaly,silent_drift
3856,79.31,0.0969,anomaly,silent_drift
3857,80.52,0.033,anomaly,silent_drift
3858,81.15,0.0462,anomaly,silent_drift
3859,81.86,0.022,anomaly,silent_drift
3860,77.92,0.0371,anomaly,silent_drift
3861,80.93,0.0804,anomaly,silent_drift
3862,80.86,0.0846,anomaly,silent_drift
3863,81.88,0.0576,anomaly,silent_drift
3864,79.72,0.0877,anomaly,silent_drift
3865,81.86,0.0723,anomaly,silent_drift
3866,82.42,0.0423,anomaly,silent_drift
3867,83.19,0.0953,anomaly,silent_drift
3868,81.13,0.0047,anomaly,silent_drift
3869,81.8,0.0639,anomaly,silent_drift
3870,81.73,0.0872,anomaly,silent_drift
3871,82.66,0.0416,anomaly,silent_drift
3872,82.7,0.0196,anomaly,silent_drift
3873,82.18,0.0815,anomaly,silent_drift
3874,80.32,0.0476,anomaly,silent_drift
3875,82.75,0.0199,anomaly,silent_drift
3876,82.15,0.0174,anomaly,silent_drift
3877,82.83,0.0713,anomaly,silent_drift
3878,81.05,0.0986,anomaly,silent_drift
3879,82.86,0.0344,anomaly,silent_drift
3880,82.06,0.0003,anomaly,silent_drift
3881,83.23,0.082,anomaly,silent_drift
3882,81.87,0.0547,anomaly,silent_drift
3883,81.31,0.0834,anomaly,silent_drift
3884,82.69,0.0386,anomaly,silent_drift
3885,85.23,0.0765,anomaly,silent_drift
3886,81.17,0.0225,anomaly,silent_drift
3887,80.76,0.0253,anomaly,silent_drift
3888,83.2,0.0844,anomaly,silent_drift
3889,84.5,0.0634,anomaly,silent_drift
3890,83.76,0.0882,anomaly,silent_drift
3891,83.78,0.0905,anomaly,silent_drift
3892,83.38,0.0958,anomaly,silent_drift
3893,84.4,0.0196,anomaly,silent_drift
3894,83.95,0.0849,anomaly,silent_drift
3895,81.93,0.0396,anomaly,silent_drift
3896,82.9,0.0422,anomaly,silent_drift
3897,84.5,0.0918,anomaly,silent_drift
3898,85.6,0.0248,anomaly,silent_drift
3899,83.53,0.0008,anomaly,silent_drift
3900,82.47,0.0057,anomaly,silent_drift
3901,82.83,0.0325,anomaly,silent_drift
3902,83.58,0.0665,anomaly,silent_drift
3903,85.78,0.082,anomaly,silent_drift
3904,81.36,0.0375,anomaly,silent_drift
3905,81.6,0.0881,anomaly,silent_drift
3906,85.33,0.0789,anomaly,silent_drift
3907,85.05,0.0686,anomaly,silent_drift
3908,84.88,0.0984,anomaly,silent_drift
3909,82.16,0.0996,anomaly,silent_drift
3910,84.26,0.0883,anomaly,silent_drift
3911,84.1,0.0334,anomaly,silent_drift
3912,85.21,0.0088,anomaly,silent_drift
3913,82.88,0.0665,anomaly,silent_drift
3914,81.43,0.0642,anomaly,silent_drift
3915,83.37,0.0329,anomaly,silent_drift
3916,85.52,0.0691,anomaly,silent_drift
3917,84.97,0.0022,anomaly,silent_drift
3918,82.83,0.0532,anomaly,silent_drift
3919,85.06,0.0969,anomaly,silent_drift
3920,85.19,0.0169,anomaly,silent_drift
3921,86.09,0.0417,anomaly,silent_drift
3922,84.22,0.0243,anomaly,silent_drift
3923,84.73,0.0443,anomaly,silent_drift
3924,85.2,0.031,anomaly,silent_drift
3925,88.09,0.0919,anomaly,silent_drift
3926,84.65,0.0003,anomaly,silent_drift
3927,81.47,0.0116,anomaly,silent_drift
3928,82.51,0.0681,anomaly,silent_drift
3929,85.58,0.0686,anomaly,silent_drift
3930,86.46,0.0632,anomaly,silent_drift
3931,85.09,0.0651,anomaly,silent_drift
3932,84.77,0.0904,anomaly,silent_drift
3933,85.22,0.0338,anomaly,silent_drift
3934,87.33,0.0693,anomaly,silent_drift
3935,85.01,0.0734,anomaly,silent_drift
3936,84.36,0.0774,anomaly,silent_drift
3937,82.49,0.025,anomaly,silent_drift
3938,85.64,0.0469,anomaly,silent_drift
3939,86.75,0.0576,anomaly,silent_drift
3940,83.0,0.0782,anomaly,silent_drift
3941,86.0,0.0989,anomaly,silent_drift
3942,84.92,0.0656,anomaly,silent_drift
3943,86.12,0.0816,anomaly,silent_drift
3944,85.63,0.0747,anomaly,silent_drift
3945,82.87,0.0533,anomaly,silent_drift
3946,83.88,0.0414,anomaly,silent_drift
3947,86.08,0.0565,anomaly,silent_drift
3948,88.4,0.0712,anomaly,silent_drift
3949,84.72,0.0345,anomaly,silent_drift
3950,84.06,0.0128,anomaly,silent_drift
3951,85.23,0.0921,anomaly,silent_drift
3952,86.12,0.0038,anomaly,silent_drift
3953,86.83,0.0482,anomaly,silent_drift
3954,85.99,0.0318,anomaly,silent_drift
3955,84.9,0.0382,anomaly,silent_drift
3956,87.61,0.0707,anomaly,silent_drift
3957,86.56,0.0379,anomaly,silent_drift
3958,84.67,0.0835,anomaly,silent_drift
3959,83.22,0.0434,anomaly,silent_drift
3960,86.46,0.0004,anomaly,silent_drift
3961,87.93,0.0696,anomaly,silent_drift
3962,86.18,0.0004,anomaly,silent_drift
3963,85.49,0.0659,anomaly,silent_drift
3964,84.91,0.028,anomaly,silent_drift
3965,88.27,0.0538,anomaly,silent_drift
3966,88.54,0.0109,anomaly,silent_drift
3967,85.37,0.0029,anomaly,silent_drift
3968,84.87,0.0967,anomaly,silent_drift
3969,88.22,0.0743,anomaly,silent_drift
3970,89.98,0.055,anomaly,silent_drift
3971,87.74,0.0535,anomaly,silent_drift
3972,85.75,0.065,anomaly,silent_drift
3973,86.72,0.0044,anomaly,silent_drift
3974,86.86,0.0841,anomaly,silent_drift
3975,88.22,0.0988,anomaly,silent_drift
3976,87.0,0.0505,anomaly,silent_drift
3977,86.24,0.0664,anomaly,silent_drift
3978,88.13,0.0497,anomaly,silent_drift
3979,89.08,0.0742,anomaly,silent_drift
3980,89.3,0.0506,anomaly,silent_drift
3981,88.86,0.0154,anomaly,silent_drift
3982,86.54,0.0246,anomaly,silent_drift
3983,87.59,0.0198,anomaly,silent_drift
3984,88.32,0.0281,anomaly,silent_drift
3985,89.08,0.0343,anomaly,silent_drift
3986,86.14,0.068,anomaly,silent_drift
3987,87.62,0.0197,anomaly,silent_drift
3988,89.57,0.062,anomaly,silent_drift
3989,88.2,0.0311,anomaly,silent_drift
3990,86.03,0.0857,anomaly,silent_drift
3991,88.52,0.0409,anomaly,silent_drift
3992,90.32,0.0024,anomaly,silent_drift
3993,88.24,0.0362,anomaly,silent_drift
3994,85.81,0.0664,anomaly,silent_drift
3995,86.79,0.0256,anomaly,silent_drift
3996,88.06,0.0415,anomaly,silent_drift
3997,87.44,0.097,anomaly,silent_drift
3998,87.44,0.0924,anomaly,silent_drift
3999,86.93,0.0715,anomaly,silent_drift
4000,86.91,0.0059,anomaly,silent_drift
4001,89.5,0.0488,anomaly,silent_drift
4002,92.58,0.0223,anomaly,silent_drift
4003,87.89,0.0425,anomaly,silent_drift
4004,87.51,0.0145,anomaly,silent_drift
4005,89.18,0.0991,anomaly,silent_drift
4006,89.99,0.0853,anomaly,silent_drift
4007,89.1,0.0046,anomaly,silent_drift
4008,89.67,0.0958,anomaly,silent_drift
4009,87.16,0.0171,anomaly,silent_drift
4010,88.48,0.0816,anomaly,silent_drift
4011,92.86,0.0544,anomaly,silent_drift
4012,89.47,0.0577,anomaly,silent_drift
4013,87.48,0.0157,anomaly,silent_drift
4014,90.06,0.0413,anomaly,silent_drift
4015,89.75,0.0292,anomaly,silent_drift
4016,89.24,0.0664,anomaly,silent_drift
4017,86.86,0.0925,anomaly,silent_drift
4018,90.43,0.0121,anomaly,silent_drift
4019,89.88,0.0788,anomaly,silent_drift
4020,91.28,0.0404,anomaly,silent_drift
4021,88.24,0.0446,anomaly,silent_drift
4022,87.9,0.0903,anomaly,silent_drift
4023,90.46,0.0115,anomaly,silent_drift
4024,92.35,0.0582,anomaly,silent_drift
4025,91.05,0.0951,anomaly,silent_drift
4026,87.16,0.0888,anomaly,silent_drift
4027,87.79,0.0865,anomaly,silent_drift
4028,90.7,0.0254,anomaly,silent_drift
4029,90.6,0.0448,anomaly,silent_drift
4030,89.18,0.0713,anomaly,silent_drift
4031,87.11,0.0288,anomaly,silent_drift
4032,88.91,0.0507,anomaly,silent_drift
4033,91.93,0.0673,anomaly,silent_drift
4034,92.18,0.0864,anomaly,silent_drift
4035,87.54,0.0421,anomaly,silent_drift
4036,89.63,0.0763,anomaly,silent_drift
4037,90.51,0.0553,anomaly,silent_drift
4038,92.51,0.0887,anomaly,silent_drift
4039,90.18,0.0188,anomaly,silent_drift
4040,90.57,0.0135,anomaly,silent_drift
4041,89.83,0.0004,anomaly,silent_drift
4042,91.82,0.0205,anomaly,silent_drift
4043,90.3,0.0368,anomaly,silent_drift
4044,89.32,0.0839,anomaly,silent_drift
4045,90.08,0.0669,anomaly,silent_drift
4046,92.81,0.0017,anomaly,silent_drift
4047,92.11,0.0431,anomaly,silent_drift
4048,90.82,0.0418,anomaly,silent_drift
4049,88.64,0.0178,anomaly,silent_drift
4050,91.65,0.0636,anomaly,silent_drift
4051,94.45,0.0033,anomaly,silent_drift
4052,93.52,0.0874,anomaly,silent_drift
4053,89.88,0.0807,anomaly,silent_drift
4054,89.7,0.0699,anomaly,silent_drift
4055,92.5,0.0499,anomaly,silent_drift
4056,93.16,0.0812,anomaly,silent_drift
4057,91.07,0.0763,anomaly,silent_drift
4058,90.03,0.0061,anomaly,silent_drift
4059,91.94,0.0946,anomaly,silent_drift
4060,92.2,0.0419,anomaly,silent_drift
4061,89.44,0.0986,anomaly,silent_drift
4062,91.21,0.0215,anomaly,silent_drift
4063,91.57,0.0717,anomaly,silent_drift
4064,92.13,0.0929,anomaly,silent_drift
4065,92.54,0.0169,anomaly,silent_drift
4066,90.87,0.0118,anomaly,silent_drift
4067,90.78,0.0481,anomaly,silent_drift
4068,92.48,0.0652,anomaly,silent_drift
4069,93.09,0.0065,anomaly,silent_drift
4070,91.85,0.0481,anomaly,silent_drift
4071,89.28,0.0798,anomaly,silent_drift
4072,90.42,0.0057,anomaly,silent_drift
4073,92.4,0.0324,anomaly,silent_drift
4074,92.95,0.0494,anomaly,silent_drift
4075,91.99,0.0881,anomaly,silent_drift
4076,90.99,0.0876,anomaly,silent_drift
4077,91.89,0.0989,anomaly,silent_drift
4078,92.65,0.0401,anomaly,silent_drift
4079,91.69,0.087,anomaly,silent_drift
4080,91.43,0.0753,anomaly,silent_drift
4081,92.45,0.0644,anomaly,silent_drift
4082,93.55,0.0946,anomaly,silent_drift
4083,93.78,0.0671,anomaly,silent_drift
4084,93.59,0.0944,anomaly,silent_drift
4085,92.35,0.001,anomaly,silent_drift
4086,93.7,0.0661,anomaly,silent_drift
4087,94.37,0.05,anomaly,silent_drift
4088,91.5,0.0257,anomaly,silent_drift
4089,92.63,0.0255,anomaly,silent_drift
4090,92.72,0.0081,anomaly,silent_drift
4091,94.54,0.0543,anomaly,silent_drift
4092,94.46,0.0502,anomaly,silent_drift
4093,92.56,0.0244,anomaly,silent_drift
4094,91.27,0.0856,anomaly,silent_drift
4095,94.89,0.051,anomaly,silent_drift
4096,94.52,0.047,anomaly,silent_drift
4097,95.46,0.0734,anomaly,silent_drift
4098,92.54,0.0762,anomaly,silent_drift
4099,91.43,0.0175,anomaly,silent_drift
4100,93.82,0.0818,anomaly,silent_drift
4101,93.84,0.0015,anomaly,silent_drift
4102,92.42,0.01,anomaly,silent_drift
4103,92.11,0.0774,anomaly,silent_drift
4104,95.52,0.0962,anomaly,silent_drift
4105,94.34,0.0652,anomaly,silent_drift
4106,93.14,0.0425,anomaly,silent_drift
4107,92.02,0.0798,anomaly,silent_drift
4108,93.21,0.024,anomaly,silent_drift
4109,93.86,0.0943,anomaly,silent_drift
4110,96.36,0.04,anomaly,silent_drift
4111,93.18,0.0162,anomaly,silent_drift
4112,91.8,0.0076,anomaly,silent_drift
4113,92.65,0.0636,anomaly,silent_drift
4114,95.62,0.0786,anomaly,silent_drift
4115,95.07,0.0349,anomaly,silent_drift
4116,92.5,0.0539,anomaly,silent_drift
4117,93.13,0.0093,anomaly,silent_drift
4118,96.0,0.0746,anomaly,silent_drift
4119,94.16,0.06,anomaly,silent_drift
4120,94.52,0.0011,anomaly,silent_drift
4121,92.24,0.0983,anomaly,silent_drift
4122,93.44,0.0844,anomaly,silent_drift
4123,96.27,0.0877,anomaly,silent_drift
4124,95.48,0.0485,anomaly,silent_drift
4125,92.36,0.0061,anomaly,silent_drift
4126,95.77,0.0819,anomaly,silent_drift
4127,96.56,0.0094,anomaly,silent_drift
4128,96.87,0.0651,anomaly,silent_drift
4129,94.57,0.0091,anomaly,silent_drift
4130,95.43,0.0789,anomaly,silent_drift
4131,93.47,0.0911,anomaly,silent_drift
4132,95.97,0.0855,anomaly,silent_drift
4133,94.66,0.0127,anomaly,silent_drift
4134,95.49,0.0824,anomaly,silent_drift
4135,93.63,0.0801,anomaly,silent_drift
4136,97.65,0.0678,anomaly,silent_drift
4137,96.39,0.0009,anomaly,silent_drift
4138,95.35,0.0243,anomaly,silent_drift
4139,93.39,0.023,anomaly,silent_drift
4140,96.26,0.0088,anomaly,silent_drift
4141,95.77,0.0193,anomaly,silent_drift
4142,95.74,0.0741,anomaly,silent_drift
4143,93.76,0.0409,anomaly,silent_drift
4144,96.32,0.0273,anomaly,silent_drift
4145,95.06,0.0757,anomaly,silent_drift
4146,96.61,0.0731,anomaly,silent_drift
4147,96.35,0.0434,anomaly,silent_drift
4148,94.86,0.0948,anomaly,silent_drift
4149,95.72,0.0995,anomaly,silent_drift
4150,81.72,0.1748,normal,none
4151,81.01,0.1439,normal,none
4152,78.35,0.1326,normal,none
4153,77.48,0.1373,normal,none
4154,81.95,0.1126,normal,none
4155,81.98,0.1939,normal,none
4156,80.58,0.1696,normal,none
4157,80.57,0.0695,normal,none
4158,80.8,0.1693,normal,none
4159,81.9,0.0803,normal,none
4160,81.64,0.1876,normal,none
4161,80.37,0.0992,normal,none
4162,79.03,0.1591,normal,none
4163,81.15,0.1061,normal,none
4164,81.81,0.1474,normal,none
4165,80.73,0.1975,normal,none
4166,78.9,0.0847,normal,none
4167,81.27,0.1046,normal,none
4168,83.24,0.1858,normal,none
4169,81.93,0.1878,normal,none
4170,78.46,0.1736,normal,none
4171,81.18,0.1598,normal,none
4172,81.47,0.1975,normal,none
4173,81.42,0.1557,normal,none
4174,81.35,0.0789,normal,none
4175,78.79,0.1816,normal,none
4176,80.86,0.1047,normal,none
4177,83.23,0.1097,normal,none
4178,80.8,0.075,normal,none
4179,79.33,0.0711,normal,none
4180,78.08,0.0914,normal,none
4181,81.61,0.1735,normal,none
4182,80.85,0.185,normal,none
4183,80.43,0.0862,normal,none
4184,80.09,0.1674,normal,none
4185,82.14,0.1442,normal,none
4186,82.35,0.1574,normal,none
4187,80.51,0.1694,normal,none
4188,80.7,0.102,normal,none
4189,80.76,0.1562,normal,none
4190,82.93,0.0756,normal,none
4191,81.13,0.087,normal,none
4192,81.39,0.1299,normal,none
4193,80.45,0.0973,normal,none
4194,80.36,0.192,normal,none
4195,83.83,0.1567,normal,none
4196,81.14,0.1291,normal,none
4197,79.81,0.1955,normal,none
4198,80.99,0.1353,normal,none
4199,80.69,0.084,normal,none
4200,81.5,0.0859,normal,none
4201,81.26,0.1772,normal,none
4202,79.41,0.0976,normal,none
4203,81.56,0.1399,normal,none
4204,81.03,0.1526,normal,none
4205,80.28,0.0932,normal,none
4206,79.99,0.0683,normal,none
4207,79.98,0.0863,normal,none
4208,81.85,0.132,normal,none
4209,79.67,0.1605,normal,none
4210,80.55,0.0914,normal,none
4211,79.25,0.1697,normal,none
4212,80.54,0.153,normal,none
4213,81.13,0.0957,normal,none
4214,80.81,0.1084,normal,none
4215,79.45,0.138,normal,none
4216,78.78,0.1104,normal,none
4217,81.68,0.1464,normal,none
4218,82.4,0.0963,normal,none
4219,80.15,0.0743,normal,none
4220,77.66,0.1352,normal,none
4221,80.31,0.182,normal,none
4222,83.15,0.1686,normal,none
4223,82.59,0.1886,normal,none
4224,79.13,0.1144,normal,none
4225,79.56,0.0855,normal,none
4226,81.54,0.0713,normal,none
4227,82.5,0.1099,normal,none
4228,79.52,0.1262,normal,none
4229,80.97,0.1737,normal,none
4230,81.98,0.064,normal,none
4231,81.59,0.1422,normal,none
4232,80.77,0.1807,normal,none
4233,78.87,0.1449,normal,none
4234,79.18,0.1836,normal,none
4235,82.77,0.1191,normal,none
4236,82.11,0.0888,normal,none
4237,82.48,0.1858,normal,none
4238,80.54,0.105,normal,none
4239,79.65,0.1321,normal,none
4240,80.74,0.1048,normal,none
4241,82.36,0.1196,normal,none
4242,77.23,0.1985,normal,none
4243,78.8,0.0626,normal,none
4244,80.59,0.0555,normal,none
4245,81.73,0.1686,normal,none
4246,81.53,0.1964,normal,none
4247,77.56,0.1772,normal,none
4248,80.7,0.1457,normal,none
4249,81.88,0.1754,normal,none
4250,134.82,0.0899,anomaly,spike
4251,131.16,0.0088,anomaly,spike
4252,133.25,0.0133,anomaly,spike
4253,135.49,0.0233,anomaly,spike
4254,133.81,0.0534,anomaly,spike
4255,134.6,0.0337,anomaly,spike
4256,130.88,0.0877,anomaly,spike
4257,80.61,0.1477,normal,none
4258,84.02,0.1155,normal,none
4259,80.22,0.1034,normal,none
4260,78.66,0.1604,normal,none
4261,81.01,0.1352,normal,none
4262,83.73,0.1245,normal,none
4263,81.92,0.1255,normal,none
4264,78.61,0.0951,normal,none
4265,80.17,0.189,normal,none
4266,81.74,0.128,normal,none
4267,84.93,0.1241,normal,none
4268,80.39,0.1702,normal,none
4269,77.77,0.1554,normal,none
4270,80.31,0.0912,normal,none
4271,82.07,0.0751,normal,none
4272,80.84,0.1107,normal,none
4273,78.3,0.1604,normal,none
4274,79.79,0.0798,normal,none
4275,82.16,0.1103,normal,none
4276,82.6,0.1345,normal,none
4277,81.25,0.0573,normal,none
4278,78.44,0.0538,normal,none
4279,80.99,0.1434,normal,none
4280,80.65,0.0522,normal,none
4281,83.29,0.1475,normal,none
4282,78.45,0.0574,normal,none
4283,79.63,0.1782,normal,none
4284,81.1,0.1163,normal,none
4285,81.68,0.1419,normal,none
4286,79.5,0.0832,normal,none
4287,80.1,0.1524,normal,none
4288,79.03,0.1135,normal,none
4289,83.21,0.176,normal,none
4290,81.92,0.1356,normal,none
4291,81.09,0.171,normal,none
4292,78.29,0.0637,normal,none
4293,81.67,0.0985,normal,none
4294,81.96,0.1477,normal,none
4295,80.37,0.1058,normal,none
4296,78.51,0.0769,normal,none
4297,81.48,0.1097,normal,none
4298,79.22,0.0706,normal,none
4299,82.1,0.15,normal,none
4300,80.53,0.1914,normal,none
4301,80.34,0.1605,normal,none
4302,80.49,0.0639,normal,none
4303,83.33,0.1118,normal,none
4304,81.31,0.0639,normal,none
4305,78.46,0.0577,normal,none
4306,80.2,0.0742,normal,none
4307,80.11,0.115,normal,none
4308,80.76,0.0551,normal,none
4309,79.85,0.1822,normal,none
4310,78.06,0.107,normal,none
4311,80.64,0.1336,normal,none
4312,82.78,0.1029,normal,none
4313,82.27,0.0719,normal,none
4314,78.72,0.1424,normal,none
4315,80.68,0.1095,normal,none
4316,81.48,0.0936,normal,none
4317,82.08,0.1288,normal,none
4318,80.01,0.0805,normal,none
4319,78.08,0.1796,normal,none
4320,82.23,0.1052,normal,none
4321,82.02,0.1703,normal,none
4322,82.91,0.1596,normal,none
4323,81.88,0.1201,normal,none
4324,80.37,0.0533,normal,none
4325,82.96,0.062,normal,none
4326,82.4,0.1435,normal,none
4327,80.39,0.0924,normal,none
4328,82.03,0.085,normal,none
4329,79.28,0.104,normal,none
4330,82.83,0.0787,normal,none
4331,81.22,0.1827,normal,none
4332,80.23,0.191,normal,none
4333,79.53,0.1774,normal,none
4334,81.4,0.1797,normal,none
4335,81.1,0.1577,normal,none
4336,79.82,0.17,normal,none
4337,78.14,0.1786,normal,none
4338,78.82,0.0734,normal,none
4339,83.14,0.0764,normal,none
4340,81.15,0.1653,normal,none
4341,79.58,0.0653,normal,none
4342,79.43,0.0549,normal,none
4343,83.08,0.1569,normal,none
4344,81.68,0.1687,normal,none
4345,79.23,0.0784,normal,none
4346,76.84,0.0598,normal,none
4347,81.29,0.195,normal,none
4348,81.58,0.1597,normal,none
4349,80.2,0.0955,normal,none
4350,77.9,0.1921,normal,none
4351,81.46,0.1155,normal,none
4352,80.47,0.0994,normal,none
4353,82.31,0.1969,normal,none
4354,78.42,0.1676,normal,none
4355,81.04,0.158,normal,none
4356,81.55,0.1573,normal,none
4357,81.97,0.1361,normal,none
4358,80.78,0.1007,normal,none
4359,77.59,0.0665,normal,none
4360,80.25,0.165,normal,none
4361,81.21,0.0792,normal,none
4362,82.85,0.0965,normal,none
4363,80.06,0.0826,normal,none
4364,79.66,0.1379,normal,none
4365,80.93,0.1224,normal,none
4366,79.34,0.1615,normal,none
4367,79.38,0.1863,normal,none
4368,80.2,0.1431,normal,none
4369,80.15,0.1403,normal,none
4370,81.43,0.1874,normal,none
4371,83.45,0.1398,normal,none
4372,80.46,0.1299,normal,none
4373,80.38,0.0759,normal,none
4374,79.99,0.0671,normal,none
4375,81.83,0.1683,normal,none
4376,80.06,0.1532,normal,none
4377,76.77,0.0794,normal,none
4378,78.82,0.1324,normal,none
4379,80.65,0.0973,normal,none
4380,84.35,0.0534,normal,none
4381,80.04,0.1415,normal,none
4382,77.21,0.1264,normal,none
4383,80.97,0.1976,normal,none
4384,82.49,0.0989,normal,none
4385,79.87,0.1374,normal,none
4386,80.72,0.1442,normal,none
4387,79.01,0.1123,normal,none
4388,81.24,0.0897,normal,none
4389,81.22,0.0836,normal,none
4390,81.22,0.1432,normal,none
4391,80.22,0.1536,normal,none
4392,80.6,0.1055,normal,none
4393,81.66,0.1884,normal,none
4394,82.23,0.1238,normal,none
4395,79.1,0.0557,normal,none
4396,78.89,0.1504,normal,none
4397,82.23,0.0744,normal,none
4398,80.88,0.1189,normal,none
4399,79.88,0.1601,normal,none
4400,79.88,0.0,anomaly,drop_out
4401,79.88,0.0,anomaly,drop_out
4402,79.88,0.0,anomaly,drop_out
4403,79.88,0.0,anomaly,drop_out
4404,79.88,0.0,anomaly,drop_out
4405,79.88,0.0,anomaly,drop_out
4406,79.88,0.0,anomaly,drop_out
4407,79.88,0.0,anomaly,drop_out
4408,79.88,0.0,anomaly,drop_out
4409,79.88,0.0,anomaly,drop_out
4410,79.88,0.0,anomaly,drop_out
4411,79.88,0.0,anomaly,drop_out
4412,79.88,0.0,anomaly,drop_out
4413,79.88,0.0,anomaly,drop_out
4414,79.88,0.0,anomaly,drop_out
4415,79.88,0.0,anomaly,drop_out
4416,79.88,0.0,anomaly,drop_out
4417,79.88,0.0,anomaly,drop_out
4418,77.76,0.0794,normal,none
4419,77.64,0.1291,normal,none
4420,80.44,0.1987,normal,none
4421,81.71,0.1761,normal,none
4422,78.68,0.152,normal,none
4423,80.13,0.1201,normal,none
4424,80.28,0.166,normal,none
4425,80.59,0.1769,normal,none
4426,82.11,0.1177,normal,none
4427,77.84,0.1381,normal,none
4428,80.95,0.0796,normal,none
4429,81.02,0.0858,normal,none
4430,80.74,0.1037,normal,none
4431,77.56,0.0548,normal,none
4432,79.55,0.1813,normal,none
4433,81.04,0.0813,normal,none
4434,81.84,0.0979,normal,none
4435,81.76,0.1866,normal,none
4436,78.07,0.1717,normal,none
4437,79.4,0.0598,normal,none
4438,82.48,0.0667,normal,none
4439,80.95,0.1701,normal,none
4440,78.79,0.1595,normal,none
4441,81.49,0.1329,normal,none
4442,82.25,0.0858,normal,none
4443,83.33,0.1435,normal,none
4444,79.1,0.1286,normal,none
4445,77.87,0.1337,normal,none
4446,79.43,0.1263,normal,none
4447,81.63,0.0586,normal,none
4448,80.84,0.0928,normal,none
4449,79.39,0.055,normal,none
4450,79.36,0.1254,normal,none
4451,81.38,0.0819,normal,none
4452,84.34,0.1805,normal,none
4453,78.79,0.1723,normal,none
4454,79.47,0.1435,normal,none
4455,81.38,0.0961,normal,none
4456,82.98,0.1729,normal,none
4457,79.6,0.088,normal,none
4458,79.45,0.0711,normal,none
4459,81.09,0.0842,normal,none
4460,79.74,0.0774,normal,none
4461,82.69,0.0868,normal,none
4462,80.31,0.1393,normal,none
4463,76.86,0.0741,normal,none
4464,80.59,0.1938,normal,none
4465,81.91,0.184,normal,none
4466,80.19,0.0623,normal,none
4467,78.91,0.1586,normal,none
4468,79.39,0.122,normal,none
4469,81.99,0.1471,normal,none
4470,80.32,0.1604,normal,none
4471,80.41,0.0622,normal,none
4472,79.52,0.1518,normal,none
4473,80.39,0.1435,normal,none
4474,82.63,0.132,normal,none
4475,81.33,0.0961,normal,none
4476,79.86,0.1752,normal,none
4477,79.49,0.1125,normal,none
4478,80.94,0.0638,normal,none
4479,83.01,0.0724,normal,none
4480,79.43,0.0586,normal,none
4481,79.55,0.0729,normal,none
4482,81.1,0.1734,normal,none
4483,82.03,0.0965,normal,none
4484,81.21,0.165,normal,none
4485,79.46,0.0898,normal,none
4486,79.24,0.1174,normal,none
4487,83.02,0.1934,normal,none
4488,80.62,0.1928,normal,none
4489,81.53,0.074,normal,none
4490,77.98,0.0919,normal,none
4491,77.91,0.1757,normal,none
4492,82.39,0.1096,normal,none
4493,80.65,0.0845,normal,none
4494,78.81,0.134,normal,none
4495,79.26,0.0507,normal,none
4496,81.83,0.1147,normal,none
4497,81.39,0.1307,normal,none
4498,79.67,0.104,normal,none
4499,77.68,0.055,normal,none
4500,79.62,0.0761,normal,none
4501,82.57,0.0821,normal,none
4502,80.15,0.1538,normal,none
4503,79.15,0.1531,normal,none
4504,78.32,0.1411,normal,none
4505,81.24,0.1095,normal,none
4506,80.88,0.1386,normal,none
4507,78.05,0.1011,normal,none
4508,79.14,0.0788,normal,none
4509,79.44,0.1025,normal,none
4510,81.25,0.1799,normal,none
4511,80.56,0.1266,normal,none
4512,79.83,0.1404,normal,none
4513,78.43,0.1367,normal,none
4514,80.85,0.1542,normal,none
4515,80.85,0.0917,normal,none
4516,78.07,0.1654,normal,none
4517,79.07,0.175,normal,none
4518,81.09,0.08,normal,none
4519,81.16,0.1004,normal,none
4520,82.02,0.0573,normal,none
4521,78.61,0.0568,normal,none
4522,80.1,0.17,normal,none
4523,81.74,0.1463,normal,none
4524,82.31,0.169,normal,none
4525,80.27,0.1261,normal,none
4526,78.67,0.1506,normal,none
4527,79.83,0.1724,normal,none
4528,82.33,0.0897,normal,none
4529,81.3,0.1606,normal,none
4530,79.04,0.0612,normal,none
4531,79.11,0.1481,normal,none
4532,81.05,0.0659,normal,none
4533,80.81,0.1082,normal,none
4534,79.23,0.1428,normal,none
4535,78.67,0.0831,normal,none
4536,80.31,0.0826,normal,none
4537,82.69,0.0724,normal,none
4538,82.22,0.1484,normal,none
4539,77.19,0.1646,normal,none
4540,80.04,0.0695,normal,none
4541,81.32,0.1018,normal,none
4542,81.27,0.1802,normal,none
4543,80.99,0.1672,normal,none
4544,78.78,0.1924,normal,none
4545,79.36,0.1241,normal,none
4546,82.32,0.1902,normal,none
4547,81.44,0.1744,normal,none
4548,78.69,0.0781,normal,none
4549,80.36,0.0848,normal,none
4550,137.85,0.0215,anomaly,spike
4551,139.6,0.0497,anomaly,spike
4552,137.22,0.0337,anomaly,spike
4553,135.67,0.0207,anomaly,spike
4554,139.26,0.0653,anomaly,spike
4555,139.6,0.0777,anomaly,spike
4556,81.23,0.1745,normal,none
4557,77.19,0.183,normal,none
4558,80.32,0.1309,normal,none
4559,81.54,0.1287,normal,none
4560,81.66,0.0552,normal,none
4561,79.5,0.1846,normal,none
4562,77.91,0.0732,normal,none
4563,79.67,0.0819,normal,none
4564,82.01,0.1803,normal,none
4565,80.3,0.0616,normal,none
4566,79.11,0.1997,normal,none
4567,79.19,0.1985,normal,none
4568,79.44,0.1417,normal,none
4569,80.27,0.1033,normal,none
4570,79.7,0.0526,normal,none
4571,78.23,0.0514,normal,none
4572,79.65,0.0555,normal,none
4573,82.05,0.1622,normal,none
4574,79.14,0.0788,normal,none
4575,80.0,0.0779,normal,none
4576,78.52,0.1367,normal,none
4577,80.6,0.1875,normal,none
4578,80.37,0.1915,normal,none
4579,78.91,0.1286,normal,none
4580,77.94,0.1651,normal,none
4581,78.5,0.0629,normal,none
4582,83.29,0.1512,normal,none
4583,78.94,0.0719,normal,none
4584,80.28,0.0822,normal,none
4585,78.22,0.0824,normal,none
4586,81.3,0.0619,normal,none
4587,79.83,0.1798,normal,none
4588,78.89,0.0854,normal,none
4589,78.87,0.1975,normal,none
4590,80.47,0.1266,normal,none
4591,82.41,0.0914,normal,none
4592,78.23,0.0593,normal,none
4593,77.89,0.1949,normal,none
4594,79.41,0.1966,normal,none
4595,80.7,0.0945,normal,none
4596,81.0,0.1347,normal,none
4597,78.66,0.1158,normal,none
4598,77.43,0.1221,normal,none
4599,79.8,0.0809,normal,none
4600,81.22,0.1653,normal,none
4601,80.33,0.083,normal,none
4602,79.18,0.1316,normal,none
4603,77.67,0.0721,normal,none
4604,81.55,0.0879,normal,none
4605,81.76,0.1099,normal,none
4606,81.28,0.1329,normal,none
4607,78.34,0.1015,normal,none
4608,80.34,0.0713,normal,none
4609,82.35,0.107,normal,none
4610,82.32,0.0761,normal,none
4611,80.24,0.1748,normal,none
4612,77.94,0.078,normal,none
4613,79.46,0.1828,normal,none
4614,81.26,0.0997,normal,none
4615,79.38,0.1598,normal,none
4616,78.17,0.1937,normal,none
4617,81.0,0.1473,normal,none
4618,83.13,0.1364,normal,none
4619,80.35,0.1826,normal,none
4620,78.99,0.1929,normal,none
4621,79.49,0.1998,normal,none
4622,79.92,0.0592,normal,none
4623,80.61,0.1173,normal,none
4624,78.49,0.0804,normal,none
4625,77.39,0.0659,normal,none
4626,80.83,0.1333,normal,none
4627,82.47,0.1385,normal,none
4628,80.98,0.0856,normal,none
4629,79.48,0.1905,normal,none
4630,78.61,0.1204,normal,none
4631,80.35,0.1266,normal,none
4632,79.54,0.1596,normal,none
4633,79.26,0.0852,normal,none
4634,78.68,0.1971,normal,none
4635,80.08,0.1617,normal,none
4636,83.57,0.0806,normal,none
4637,79.63,0.1025,normal,none
4638,79.21,0.0727,normal,none
4639,77.51,0.0848,normal,none
4640,80.3,0.1754,normal,none
4641,79.7,0.0833,normal,none
4642,79.33,0.1164,normal,none
4643,78.52,0.0529,normal,none
4644,80.05,0.0823,normal,none
4645,80.69,0.0841,normal,none
4646,78.84,0.0764,normal,none
4647,77.41,0.0757,normal,none
4648,77.97,0.1833,normal,none
4649,80.12,0.0769,normal,none
4650,80.22,0.066,normal,none
4651,78.42,0.1718,normal,none
4652,77.22,0.1408,normal,none
4653,79.59,0.0755,normal,none
4654,81.74,0.1909,normal,none
4655,79.49,0.1976,normal,none
4656,78.67,0.124,normal,none
4657,76.99,0.1852,normal,none
4658,81.27,0.1655,normal,none
4659,81.71,0.0503,normal,none
4660,77.77,0.0702,normal,none
4661,78.13,0.1748,normal,none
4662,80.09,0.1677,normal,none
4663,83.07,0.051,normal,none
4664,80.45,0.0823,normal,none
4665,76.8,0.1791,normal,none
4666,78.49,0.0638,normal,none
4667,81.1,0.073,normal,none
4668,81.43,0.095,normal,none
4669,78.49,0.1807,normal,none
4670,80.51,0.0792,normal,none
4671,79.4,0.132,normal,none
4672,81.31,0.0788,normal,none
4673,79.95,0.1863,normal,none
4674,78.59,0.1066,normal,none
4675,79.9,0.1854,normal,none
4676,81.55,0.1817,normal,none
4677,80.96,0.1017,normal,none
4678,79.71,0.0796,normal,none
4679,79.52,0.0807,normal,none
4680,79.74,0.0701,normal,none
4681,81.92,0.125,normal,none
4682,81.23,0.1511,normal,none
4683,79.94,0.1102,normal,none
4684,77.07,0.0978,normal,none
4685,79.72,0.1736,normal,none
4686,81.06,0.1264,normal,none
4687,79.81,0.1266,normal,none
4688,77.73,0.1283,normal,none
4689,79.72,0.1483,normal,none
4690,82.53,0.1222,normal,none
4691,80.32,0.0926,normal,none
4692,80.51,0.1569,normal,none
4693,79.25,0.0969,normal,none
4694,79.53,0.147,normal,none
4695,81.22,0.0654,normal,none
4696,78.91,0.0615,normal,none
4697,79.54,0.0945,normal,none
4698,80.4,0.1746,normal,none
4699,80.47,0.1885,normal,none
4700,80.04,0.0319,anomaly,silent_drift
4701,78.35,0.0046,anomaly,silent_drift
4702,78.89,0.0778,anomaly,silent_drift
4703,81.85,0.0555,anomaly,silent_drift
4704,79.26,0.0621,anomaly,silent_drift
4705,79.45,0.0872,anomaly,silent_drift
4706,78.59,0.0366,anomaly,silent_drift
4707,80.67,0.0514,anomaly,silent_drift
4708,81.16,0.0866,anomaly,silent_drift
4709,78.84,0.0072,anomaly,silent_drift
4710,80.41,0.0075,anomaly,silent_drift
4711,81.41,0.0068,anomaly,silent_drift
4712,81.66,0.0066,anomaly,silent_drift
4713,80.08,0.05,anomaly,silent_drift
4714,78.26,0.07,anomaly,silent_drift
4715,78.64,0.0798,anomaly,silent_drift
4716,79.79,0.0816,anomaly,silent_drift
4717,81.72,0.025,anomaly,silent_drift
4718,80.22,0.0958,anomaly,silent_drift
4719,80.05,0.0683,anomaly,silent_drift
4720,79.38,0.0039,anomaly,silent_drift
4721,84.64,0.0105,anomaly,silent_drift
4722,82.44,0.095,anomaly,silent_drift
4723,80.07,0.0598,anomaly,silent_drift
4724,79.94,0.0537,anomaly,silent_drift
4725,82.05,0.0194,anomaly,silent_drift
4726,81.74,0.0867,anomaly,silent_drift
4727,80.67,0.0321,anomaly,silent_drift
4728,80.29,0.0743,anomaly,silent_drift
4729,81.19,0.0967,anomaly,silent_drift
4730,81.58,0.0652,anomaly,silent_drift
4731,84.33,0.0451,anomaly,silent_drift
4732,81.88,0.0706,anomaly,silent_drift
4733,79.65,0.0863,anomaly,silent_drift
4734,80.41,0.0589,anomaly,silent_drift
4735,83.83,0.0092,anomaly,silent_drift
4736,81.57,0.0498,anomaly,silent_drift
4737,81.36,0.0504,anomaly,silent_drift
4738,78.82,0.0335,anomaly,silent_drift
4739,82.51,0.0077,anomaly,silent_drift
4740,81.89,0.0067,anomaly,silent_drift
4741,80.71,0.0917,anomaly,silent_drift
4742,78.48,0.0356,anomaly,silent_drift
4743,82.08,0.0832,anomaly,silent_drift
4744,84.15,0.0326,anomaly,silent_drift
4745,82.1,0.082,anomaly,silent_drift
4746,80.99,0.0927,anomaly,silent_drift
4747,79.55,0.0216,anomaly,silent_drift
4748,82.01,0.0278,anomaly,silent_drift
4749,83.73,0.0516,anomaly,silent_drift
4750,81.87,0.0872,anomaly,silent_drift
4751,80.82,0.0253,anomaly,silent_drift
4752,80.32,0.0863,anomaly,silent_drift
4753,81.46,0.0965,anomaly,silent_drift
4754,81.68,0.018,anomaly,silent_drift
4755,82.54,0.0643,anomaly,silent_drift
4756,80.9,0.0107,anomaly,silent_drift
4757,83.97,0.0413,anomaly,silent_drift
4758,82.99,0.0141,anomaly,silent_drift
4759,81.43,0.0163,anomaly,silent_drift
4760,81.13,0.052,anomaly,silent_drift
4761,82.56,0.0394,anomaly,silent_drift
4762,84.4,0.0983,anomaly,silent_drift
4763,85.49,0.0273,anomaly,silent_drift
4764,82.31,0.0551,anomaly,silent_drift
4765,82.48,0.0228,anomaly,silent_drift
4766,83.4,0.0693,anomaly,silent_drift
4767,84.84,0.0553,anomaly,silent_drift
4768,82.35,0.0145,anomaly,silent_drift
4769,81.5,0.0394,anomaly,silent_drift
4770,83.4,0.0957,anomaly,silent_drift
4771,86.18,0.0681,anomaly,silent_drift
4772,84.12,0.0801,anomaly,silent_drift
4773,82.1,0.0445,anomaly,silent_drift
4774,83.19,0.0958,anomaly,silent_drift
4775,83.71,0.0335,anomaly,silent_drift
4776,83.53,0.0351,anomaly,silent_drift
4777,82.91,0.0446,anomaly,silent_drift
4778,79.94,0.0003,anomaly,silent_drift
4779,82.68,0.0714,anomaly,silent_drift
4780,84.2,0.029,anomaly,silent_drift
4781,84.19,0.0166,anomaly,silent_drift
4782,81.57,0.0012,anomaly,silent_drift
4783,85.08,0.049,anomaly,silent_drift
4784,83.89,0.0111,anomaly,silent_drift
4785,85.5,0.0145,anomaly,silent_drift
4786,82.84,0.0031,anomaly,silent_drift
4787,82.72,0.095,anomaly,silent_drift
4788,82.48,0.0878,anomaly,silent_drift
4789,87.37,0.067,anomaly,silent_drift
4790,82.76,0.098,anomaly,silent_drift
4791,83.63,0.0371,anomaly,silent_drift
4792,83.48,0.0104,anomaly,silent_drift
4793,83.04,0.0543,anomaly,silent_drift
4794,86.25,0.0471,anomaly,silent_drift
4795,85.15,0.0758,anomaly,silent_drift
4796,81.7,0.0966,anomaly,silent_drift
4797,85.01,0.0823,anomaly,silent_drift
4798,84.36,0.0796,anomaly,silent_drift
4799,83.97,0.0863,anomaly,silent_drift
4800,82.25,0.0921,anomaly,silent_drift
4801,83.41,0.1,anomaly,silent_drift
4802,86.34,0.0243,anomaly,silent_drift
4803,86.15,0.0171,anomaly,silent_drift
4804,84.85,0.0071,anomaly,silent_drift
4805,83.48,0.0246,anomaly,silent_drift
4806,82.98,0.0215,anomaly,silent_drift
4807,87.34,0.0998,anomaly,silent_drift
4808,86.38,0.0571,anomaly,silent_drift
4809,82.93,0.0172,anomaly,silent_drift
4810,84.49,0.0971,anomaly,silent_drift
4811,84.95,0.0656,anomaly,silent_drift
4812,85.28,0.0064,anomaly,silent_drift
4813,84.73,0.0497,anomaly,silent_drift
4814,82.26,0.0462,anomaly,silent_drift
4815,83.33,0.0009,anomaly,silent_drift
4816,86.77,0.0377,anomaly,silent_drift
4817,86.81,0.0741,anomaly,silent_drift
4818,85.04,0.0274,anomaly,silent_drift
4819,84.99,0.0265,anomaly,silent_drift
4820,86.83,0.0587,anomaly,silent_drift
4821,87.54,0.0951,anomaly,silent_drift
4822,85.88,0.0061,anomaly,silent_drift
4823,84.72,0.0978,anomaly,silent_drift
4824,87.89,0.0832,anomaly,silent_drift
4825,86.77,0.0904,anomaly,silent_drift
4826,86.35,0.0043,anomaly,silent_drift
4827,85.49,0.0662,anomaly,silent_drift
4828,84.12,0.0248,anomaly,silent_drift
4829,87.34,0.0728,anomaly,silent_drift
4830,87.04,0.0747,anomaly,silent_drift
4831,85.73,0.0529,anomaly,silent_drift
4832,84.38,0.0198,anomaly,silent_drift
4833,85.13,0.0499,anomaly,silent_drift
4834,88.88,0.0481,anomaly,silent_drift
4835,86.51,0.099,anomaly,silent_drift
4836,83.6,0.0232,anomaly,silent_drift
4837,85.15,0.0928,anomaly,silent_drift
4838,88.67,0.0693,anomaly,silent_drift
4839,89.76,0.042,anomaly,silent_drift
4840,83.9,0.0382,anomaly,silent_drift
4841,87.24,0.0131,anomaly,silent_drift
4842,86.84,0.0019,anomaly,silent_drift
4843,88.61,0.085,anomaly,silent_drift
4844,86.79,0.0064,anomaly,silent_drift
4845,84.35,0.0689,anomaly,silent_drift
4846,86.19,0.0503,anomaly,silent_drift
4847,87.31,0.0047,anomaly,silent_drift
4848,87.86,0.0127,anomaly,silent_drift
4849,85.82,0.0709,anomaly,silent_drift
4850,85.28,0.0367,anomaly,silent_drift
4851,87.53,0.0243,anomaly,silent_drift
4852,88.82,0.0817,anomaly,silent_drift
4853,88.81,0.012,anomaly,silent_drift
4854,85.37,0.0725,anomaly,silent_drift
4855,86.99,0.0756,anomaly,silent_drift
4856,87.07,0.0743,anomaly,silent_drift
4857,88.44,0.0762,anomaly,silent_drift
4858,84.79,0.0249,anomaly,silent_drift
4859,85.92,0.025,anomaly,silent_drift
4860,87.22,0.0857,anomaly,silent_drift
4861,87.5,0.033,anomaly,silent_drift
4862,88.43,0.0622,anomaly,silent_drift
4863,86.26,0.0995,anomaly,silent_drift
4864,86.19,0.0504,anomaly,silent_drift
4865,89.08,0.0296,anomaly,silent_drift
4866,89.76,0.058,anomaly,silent_drift
4867,86.51,0.0521,anomaly,silent_drift
4868,84.71,0.0718,anomaly,silent_drift
4869,86.99,0.0282,anomaly,silent_drift
4870,89.91,0.0403,anomaly,silent_drift
4871,87.9,0.0512,anomaly,silent_drift
4872,87.03,0.0589,anomaly,silent_drift
4873,86.13,0.018,anomaly,silent_drift
4874,88.18,0.0038,anomaly,silent_drift
4875,90.62,0.0598,anomaly,silent_drift
4876,87.57,0.0552,anomaly,silent_drift
4877,88.32,0.0264,anomaly,silent_drift
4878,88.57,0.0752,anomaly,silent_drift
4879,89.77,0.0057,anomaly,silent_drift
4880,88.91,0.086,anomaly,silent_drift
4881,87.66,0.0272,anomaly,silent_drift
4882,87.43,0.0413,anomaly,silent_drift
4883,87.18,0.013,anomaly,silent_drift
4884,89.64,0.0735,anomaly,silent_drift
4885,87.76,0.0373,anomaly,silent_drift
4886,87.59,0.0546,anomaly,silent_drift
4887,88.08,0.0278,anomaly,silent_drift
4888,91.5,0.0311,anomaly,silent_drift
4889,89.58,0.0374,anomaly,silent_drift
4890,87.46,0.0093,anomaly,silent_drift
4891,87.51,0.0333,anomaly,silent_drift
4892,90.21,0.0973,anomaly,silent_drift
4893,89.73,0.0122,anomaly,silent_drift
4894,87.43,0.0669,anomaly,silent_drift
4895,88.35,0.0097,anomaly,silent_drift
4896,89.79,0.061,anomaly,silent_drift
4897,91.63,0.0736,anomaly,silent_drift
4898,91.72,0.0319,anomaly,silent_drift
4899,87.65,0.0302,anomaly,silent_drift
4900,87.79,0.0323,anomaly,silent_drift
4901,89.09,0.0994,anomaly,silent_drift
4902,90.74,0.0171,anomaly,silent_drift
4903,89.48,0.0873,anomaly,silent_drift
4904,86.7,0.0153,anomaly,silent_drift
4905,88.6,0.0986,anomaly,silent_drift
4906,91.91,0.0866,anomaly,silent_drift
4907,88.09,0.0723,anomaly,silent_drift
4908,88.3,0.0706,anomaly,silent_drift
4909,88.43,0.0256,anomaly,silent_drift
4910,90.2,0.0138,anomaly,silent_drift
4911,88.62,0.0888,anomaly,silent_drift
4912,88.92,0.0273,anomaly,silent_drift
4913,88.72,0.0815,anomaly,silent_drift
4914,90.34,0.0538,anomaly,silent_drift
4915,92.77,0.0155,anomaly,silent_drift
4916,90.82,0.0634,anomaly,silent_drift
4917,87.72,0.0264,anomaly,silent_drift
4918,90.58,0.0121,anomaly,silent_drift
4919,91.31,0.0903,anomaly,silent_drift
4920,91.88,0.0162,anomaly,silent_drift
4921,88.47,0.0063,anomaly,silent_drift
4922,89.12,0.0163,anomaly,silent_drift
4923,90.66,0.0732,anomaly,silent_drift
4924,90.71,0.0989,anomaly,silent_drift
4925,91.68,0.0846,anomaly,silent_drift
4926,86.65,0.039,anomaly,silent_drift
4927,89.65,0.0341,anomaly,silent_drift
4928,91.7,0.0923,anomaly,silent_drift
4929,92.85,0.0272,anomaly,silent_drift
4930,89.36,0.0797,anomaly,silent_drift
4931,89.7,0.0162,anomaly,silent_drift
4932,89.65,0.0249,anomaly,silent_drift
4933,91.17,0.0053,anomaly,silent_drift
4934,93.7,0.0022,anomaly,silent_drift
4935,89.79,0.077,anomaly,silent_drift
4936,88.59,0.0482,anomaly,silent_drift
4937,92.32,0.0801,anomaly,silent_drift
4938,91.16,0.0637,anomaly,silent_drift
4939,89.01,0.0101,anomaly,silent_drift
4940,90.07,0.0991,anomaly,silent_drift
4941,91.5,0.0734,anomaly,silent_drift
4942,94.69,0.0047,anomaly,silent_drift
4943,92.53,0.0106,anomaly,silent_drift
4944,90.69,0.0716,anomaly,silent_drift
4945,90.37,0.0952,anomaly,silent_drift
4946,92.82,0.0537,anomaly,silent_drift
4947,91.24,0.0989,anomaly,silent_drift
4948,89.33,0.0778,anomaly,silent_drift
4949,90.72,0.0891,anomaly,silent_drift
4950,91.4,0.0525,anomaly,silent_drift
4951,92.9,0.0099,anomaly,silent_drift
4952,92.57,0.0344,anomaly,silent_drift
4953,90.38,0.0232,anomaly,silent_drift
4954,91.36,0.0253,anomaly,silent_drift
4955,92.2,0.0126,anomaly,silent_drift
4956,92.26,0.0671,anomaly,silent_drift
4957,91.18,0.0908,anomaly,silent_drift
4958,91.22,0.0612,anomaly,silent_drift
4959,92.72,0.0107,anomaly,silent_drift
4960,94.55,0.0239,anomaly,silent_drift
4961,93.31,0.0222,anomaly,silent_drift
4962,90.82,0.0936,anomaly,silent_drift
4963,91.37,0.0716,anomaly,silent_drift
4964,93.76,0.0076,anomaly,silent_drift
4965,92.35,0.0706,anomaly,silent_drift
4966,90.94,0.1,anomaly,silent_drift
4967,90.89,0.0721,anomaly,silent_drift
4968,93.24,0.0196,anomaly,silent_drift
4969,93.45,0.0431,anomaly,silent_drift
4970,92.69,0.0844,anomaly,silent_drift
4971,91.44,0.0348,anomaly,silent_drift
4972,91.46,0.0033,anomaly,silent_drift
4973,94.58,0.0904,anomaly,silent_drift
4974,94.28,0.0431,anomaly,silent_drift
4975,92.54,0.0784,anomaly,silent_drift
4976,91.9,0.0536,anomaly,silent_drift
4977,92.08,0.0424,anomaly,silent_drift
4978,94.41,0.0004,anomaly,silent_drift
4979,94.54,0.0121,anomaly,silent_drift
4980,91.6,0.074,anomaly,silent_drift
4981,91.81,0.0578,anomaly,silent_drift
4982,93.63,0.0408,anomaly,silent_drift
4983,93.77,0.004,anomaly,silent_drift
4984,93.11,0.0878,anomaly,silent_drift
4985,90.49,0.0025,anomaly,silent_drift
4986,94.18,0.0581,anomaly,silent_drift
4987,94.12,0.0711,anomaly,silent_drift
4988,94.01,0.0154,anomaly,silent_drift
4989,92.03,0.0887,anomaly,silent_drift
4990,92.15,0.0436,anomaly,silent_drift
4991,94.7,0.0173,anomaly,silent_drift
4992,96.71,0.0794,anomaly,silent_drift
4993,91.98,0.0027,anomaly,silent_drift
4994,92.16,0.0072,anomaly,silent_drift
4995,92.61,0.049,anomaly,silent_drift
4996,95.53,0.091,anomaly,silent_drift
4997,94.6,0.0627,anomaly,silent_drift
4998,90.4,0.0687,anomaly,silent_drift
4999,94.31,0.0206,anomaly,silent_drift
5000,81.92,0.1159,normal,none
5001,80.44,0.184,normal,none
5002,78.22,0.1883,normal,none
5003,78.15,0.0804,normal,none
5004,79.43,0.0692,normal,none
5005,80.9,0.164,normal,none
5006,77.83,0.0833,normal,none
5007,77.83,0.069,normal,none
5008,77.17,0.0787,normal,none
5009,79.55,0.1872,normal,none
5010,79.64,0.1072,normal,none
5011,78.67,0.1881,normal,none
5012,77.98,0.0995,normal,none
5013,78.98,0.0838,normal,none
5014,80.65,0.0787,normal,none
5015,79.61,0.0686,normal,none
5016,77.39,0.0893,normal,none
5017,78.19,0.1788,normal,none
5018,80.99,0.1121,normal,none
5019,81.46,0.1828,normal,none
5020,78.22,0.0879,normal,none
5021,77.27,0.0916,normal,none
5022,78.01,0.1776,normal,none
5023,81.31,0.0907,normal,none
5024,79.15,0.1065,normal,none
5025,77.67,0.1269,normal,none
5026,76.57,0.0649,normal,none
5027,81.47,0.0671,normal,none
5028,79.35,0.1483,normal,none
5029,78.07,0.0779,normal,none
5030,77.42,0.1624,normal,none
5031,78.7,0.1718,normal,none
5032,80.5,0.1625,normal,none
5033,80.12,0.1386,normal,none
5034,77.58,0.102,normal,none
5035,76.58,0.1099,normal,none
5036,80.14,0.1009,normal,none
5037,79.84,0.1213,normal,none
5038,80.94,0.0578,normal,none
5039,78.45,0.1415,normal,none
5040,78.39,0.0981,normal,none
5041,80.86,0.128,normal,none
5042,79.73,0.1894,normal,none
5043,74.65,0.1861,normal,none
5044,78.5,0.0986,normal,none
5045,78.51,0.1524,normal,none
5046,79.92,0.1094,normal,none
5047,78.86,0.1054,normal,none
5048,77.36,0.0755,normal,none
5049,78.86,0.1569,normal,none
5050,80.63,0.1351,normal,none
5051,78.67,0.1787,normal,none
5052,76.95,0.0576,normal,none
5053,77.46,0.0876,normal,none
5054,77.72,0.086,normal,none
5055,79.35,0.0659,normal,none
5056,78.56,0.1075,normal,none
5057,76.66,0.0939,normal,none
5058,78.15,0.1126,normal,none
5059,81.76,0.1201,normal,none
5060,78.83,0.1428,normal,none
5061,76.78,0.1184,normal,none
5062,75.77,0.1383,normal,none
5063,79.23,0.1181,normal,none
5064,78.69,0.1339,normal,none
5065,77.09,0.0693,normal,none
5066,76.45,0.1678,normal,none
5067,77.6,0.0776,normal,none
5068,82.37,0.0504,normal,none
5069,79.42,0.1168,normal,none
5070,78.97,0.1331,normal,none
5071,77.16,0.0536,normal,none
5072,80.64,0.1866,normal,none
5073,80.07,0.0827,normal,none
5074,77.96,0.1723,normal,none
5075,75.87,0.1247,normal,none
5076,79.14,0.105,normal,none
5077,78.43,0.116,normal,none
5078,78.59,0.0585,normal,none
5079,76.33,0.0688,normal,none
5080,78.89,0.1767,normal,none
5081,80.91,0.068,normal,none
5082,78.66,0.1027,normal,none
5083,76.99,0.1325,normal,none
5084,77.71,0.1354,normal,none
5085,78.14,0.1474,normal,none
5086,80.05,0.1142,normal,none
5087,76.63,0.147,normal,none
5088,77.06,0.0775,normal,none
5089,77.89,0.0708,normal,none
5090,79.13,0.1904,normal,none
5091,78.78,0.1327,normal,none
5092,76.99,0.0812,normal,none
5093,78.23,0.1214,normal,none
5094,79.73,0.1623,normal,none
5095,79.41,0.1956,normal,none
5096,79.48,0.0882,normal,none
5097,78.66,0.1319,normal,none
5098,78.44,0.1628,normal,none
5099,80.11,0.17,normal,none
5100,80.69,0.1982,normal,none
5101,78.19,0.1173,normal,none
5102,75.69,0.0863,normal,none
5103,77.06,0.1885,normal,none
5104,80.89,0.1998,normal,none
5105,77.9,0.0921,normal,none
5106,75.31,0.1166,normal,none
5107,77.35,0.0872,normal,none
5108,79.21,0.1257,normal,none
5109,79.94,0.0697,normal,none
5110,80.78,0.1049,normal,none
5111,76.88,0.166,normal,none
5112,79.2,0.1894,normal,none
5113,79.53,0.1744,normal,none
5114,77.95,0.0842,normal,none
5115,77.65,0.0605,normal,none
5116,76.23,0.1447,normal,none
5117,77.45,0.0981,normal,none
5118,80.71,0.1388,normal,none
5119,76.91,0.0797,normal,none
5120,78.15,0.1334,normal,none
5121,79.09,0.0776,normal,none
5122,80.56,0.1462,normal,none
5123,79.96,0.1474,normal,none
5124,78.34,0.1797,normal,none
5125,77.07,0.1467,normal,none
5126,78.16,0.166,normal,none
5127,80.22,0.1156,normal,none
5128,77.58,0.1736,normal,none
5129,77.31,0.1794,normal,none
5130,79.01,0.1492,normal,none
5131,79.13,0.0897,normal,none
5132,77.92,0.1939,normal,none
5133,75.92,0.0866,normal,none
5134,78.58,0.1234,normal,none
5135,80.2,0.0701,normal,none
5136,79.4,0.0622,normal,none
5137,78.02,0.1289,normal,none
5138,76.94,0.0578,normal,none
5139,78.19,0.088,normal,none
5140,79.54,0.1879,normal,none
5141,79.18,0.1361,normal,none
5142,76.34,0.0854,normal,none
5143,77.62,0.0683,normal,none
5144,80.57,0.0802,normal,none
5145,79.59,0.1394,normal,none
5146,76.22,0.0818,normal,none
5147,76.19,0.1765,normal,none
5148,78.5,0.1719,normal,none
5149,80.5,0.0528,normal,none
5150,134.53,0.015,anomaly,spike
5151,135.83,0.0041,anomaly,spike
5152,133.55,0.0502,anomaly,spike
5153,135.81,0.0877,anomaly,spike
5154,134.68,0.0479,anomaly,spike
5155,135.19,0.0703,anomaly,spike
5156,76.58,0.0672,normal,none
5157,77.76,0.0936,normal,none
5158,80.24,0.1348,normal,none
5159,78.08,0.123,normal,none
5160,78.68,0.1483,normal,none
5161,78.45,0.1845,normal,none
5162,78.21,0.173,normal,none
5163,79.01,0.0964,normal,none
5164,76.72,0.0568,normal,none
5165,77.93,0.1449,normal,none
5166,79.67,0.1921,normal,none
5167,79.87,0.1426,normal,none
5168,81.18,0.1639,normal,none
5169,76.73,0.1881,normal,none
5170,76.07,0.1042,normal,none
5171,78.24,0.056,normal,none
5172,79.89,0.064,normal,none
5173,76.44,0.1412,normal,none
5174,78.47,0.1923,normal,none
5175,77.31,0.0778,normal,none
5176,79.77,0.1459,normal,none
5177,80.19,0.0501,normal,none
5178,74.86,0.1136,normal,none
5179,78.1,0.128,normal,none
5180,77.88,0.1273,normal,none
5181,82.56,0.0869,normal,none
5182,77.7,0.1162,normal,none
5183,75.49,0.0995,normal,none
5184,79.13,0.1475,normal,none
5185,79.86,0.1067,normal,none
5186,80.51,0.165,normal,none
5187,75.5,0.181,normal,none
5188,78.8,0.0982,normal,none
5189,78.32,0.1385,normal,none
5190,80.02,0.1595,normal,none
5191,76.46,0.175,normal,none
5192,77.7,0.1318,normal,none
5193,79.04,0.1615,normal,none
5194,78.31,0.1069,normal,none
5195,77.68,0.1036,normal,none
5196,75.46,0.1842,normal,none
5197,77.23,0.183,normal,none
5198,77.72,0.1634,normal,none
5199,80.78,0.1357,normal,none
5200,77.62,0.1748,normal,none
5201,76.5,0.1195,normal,none
5202,78.26,0.1672,normal,none
5203,79.85,0.0568,normal,none
5204,77.24,0.1788,normal,none
5205,76.03,0.0838,normal,none
5206,77.04,0.1267,normal,none
5207,76.85,0.1204,normal,none
5208,79.37,0.1656,normal,none
5209,76.88,0.1113,normal,none
5210,77.85,0.1375,normal,none
5211,77.77,0.119,normal,none
5212,81.19,0.0786,normal,none
5213,78.08,0.146,normal,none
5214,76.72,0.0881,normal,none
5215,76.08,0.1248,normal,none
5216,80.77,0.1595,normal,none
5217,79.29,0.0833,normal,none
5218,76.29,0.1484,normal,none
5219,78.05,0.1225,normal,none
5220,77.9,0.2,normal,none
5221,77.42,0.1783,normal,none
5222,77.44,0.1018,normal,none
5223,76.12,0.0947,normal,none
5224,78.08,0.1017,normal,none
5225,80.15,0.1719,normal,none
5226,78.33,0.0768,normal,none
5227,78.22,0.1009,normal,none
5228,75.87,0.1216,normal,none
5229,77.65,0.0933,normal,none
5230,81.13,0.0824,normal,none
5231,77.81,0.1433,normal,none
5232,75.82,0.1393,normal,none
5233,78.3,0.1328,normal,none
5234,77.65,0.154,normal,none
5235,78.8,0.112,normal,none
5236,77.54,0.1519,normal,none
5237,77.21,0.1121,normal,none
5238,77.92,0.1388,normal,none
5239,80.17,0.0552,normal,none
5240,77.2,0.1931,normal,none
5241,76.24,0.1958,normal,none
5242,75.2,0.1208,normal,none
5243,80.33,0.1407,normal,none
5244,79.36,0.0736,normal,none
5245,76.63,0.0894,normal,none
5246,76.09,0.1108,normal,none
5247,78.6,0.1656,normal,none
5248,80.69,0.0897,normal,none
5249,77.04,0.1486,normal,none
5250,0.0,0.0,anomaly,drop_out
5251,0.0,0.0,anomaly,drop_out
5252,0.0,0.0,anomaly,drop_out
5253,0.0,0.0,anomaly,drop_out
5254,0.0,0.0,anomaly,drop_out
5255,0.0,0.0,anomaly,drop_out
5256,0.0,0.0,anomaly,drop_out
5257,0.0,0.0,anomaly,drop_out
5258,0.0,0.0,anomaly,drop_out
5259,0.0,0.0,anomaly,drop_out
5260,77.53,0.1633,normal,none
5261,78.57,0.1205,normal,none
5262,80.8,0.1488,normal,none
5263,76.46,0.0987,normal,none
5264,75.13,0.1183,normal,none
5265,78.18,0.0533,normal,none
5266,80.14,0.0563,normal,none
5267,78.24,0.0729,normal,none
5268,76.4,0.1315,normal,none
5269,75.9,0.1454,normal,none
5270,77.31,0.1513,normal,none
5271,77.8,0.1212,normal,none
5272,77.64,0.173,normal,none
5273,76.46,0.1266,normal,none
5274,80.79,0.1656,normal,none
5275,78.47,0.1537,normal,none
5276,77.77,0.1093,normal,none
5277,77.86,0.1704,normal,none
5278,76.72,0.114,normal,none
5279,78.04,0.0894,normal,none
5280,79.91,0.1168,normal,none
5281,78.53,0.1492,normal,none
5282,75.42,0.0511,normal,none
5283,76.78,0.1152,normal,none
5284,79.61,0.123,normal,none
5285,77.74,0.1493,normal,none
5286,76.13,0.1696,normal,none
5287,75.68,0.0839,normal,none
5288,78.68,0.0838,normal,none
5289,79.89,0.1778,normal,none
5290,77.88,0.0844,normal,none
5291,76.6,0.1257,normal,none
5292,79.74,0.0903,normal,none
5293,78.26,0.1744,normal,none
5294,80.82,0.1803,normal,none
5295,76.48,0.0939,normal,none
5296,75.35,0.0678,normal,none
5297,78.33,0.0779,normal,none
5298,78.45,0.0913,normal,none
5299,76.14,0.0999,normal,none
5300,76.01,0.1875,normal,none
5301,78.39,0.0898,normal,none
5302,78.81,0.1028,normal,none
5303,78.94,0.1515,normal,none
5304,75.95,0.0556,normal,none
5305,76.0,0.106,normal,none
5306,78.92,0.1235,normal,none
5307,78.14,0.0735,normal,none
5308,77.08,0.1242,normal,none
5309,75.04,0.1877,normal,none
5310,78.71,0.1685,normal,none
5311,80.57,0.139,normal,none
5312,78.56,0.125,normal,none
5313,76.89,0.172,normal,none
5314,76.36,0.1908,normal,none
5315,79.54,0.0673,normal,none
5316,80.1,0.053,normal,none
5317,75.37,0.1968,normal,none
5318,75.7,0.1099,normal,none
5319,79.46,0.1656,normal,none
5320,78.42,0.1329,normal,none
5321,76.72,0.1677,normal,none
5322,75.04,0.0589,normal,none
5323,77.18,0.1646,normal,none
5324,79.91,0.1843,normal,none
5325,78.15,0.1662,normal,none
5326,77.41,0.1353,normal,none
5327,75.53,0.1229,normal,none
5328,77.67,0.1434,normal,none
5329,78.68,0.1797,normal,none
5330,77.71,0.114,normal,none
5331,77.25,0.1717,normal,none
5332,75.31,0.0618,normal,none
5333,77.66,0.075,normal,none
5334,79.23,0.0811,normal,none
5335,76.45,0.1925,normal,none
5336,77.21,0.1941,normal,none
5337,77.22,0.066,normal,none
5338,79.23,0.1633,normal,none
5339,78.26,0.1018,normal,none
5340,76.76,0.0525,normal,none
5341,75.68,0.1602,normal,none
5342,79.32,0.0974,normal,none
5343,78.1,0.1914,normal,none
5344,75.97,0.1268,normal,none
5345,75.53,0.0691,normal,none
5346,78.37,0.1568,normal,none
5347,79.69,0.0864,normal,none
5348,77.66,0.1808,normal,none
5349,76.36,0.1504,normal,none
5350,75.26,0.0622,normal,none
5351,76.77,0.0782,normal,none
5352,82.05,0.0564,normal,none
5353,76.64,0.109,normal,none
5354,75.96,0.1311,normal,none
5355,77.77,0.1599,normal,none
5356,78.0,0.0733,normal,none
5357,77.45,0.1461,normal,none
5358,75.86,0.0846,normal,none
5359,75.54,0.1597,normal,none
5360,77.48,0.0766,normal,none
5361,78.29,0.0867,normal,none
5362,76.83,0.1646,normal,none
5363,74.66,0.1364,normal,none
5364,77.08,0.0629,normal,none
5365,79.21,0.1572,normal,none
5366,78.89,0.0826,normal,none
5367,76.02,0.1153,normal,none
5368,77.09,0.1222,normal,none
5369,79.44,0.093,normal,none
5370,80.67,0.0973,normal,none
5371,76.79,0.1867,normal,none
5372,74.96,0.1037,normal,none
5373,77.56,0.0946,normal,none
5374,77.95,0.1418,normal,none
5375,77.38,0.1866,normal,none
5376,76.99,0.1671,normal,none
5377,75.95,0.0755,normal,none
5378,78.93,0.1961,normal,none
5379,78.66,0.186,normal,none
5380,77.06,0.1965,normal,none
5381,76.26,0.171,normal,none
5382,77.88,0.1963,normal,none
5383,77.39,0.0975,normal,none
5384,77.61,0.0534,normal,none
5385,77.28,0.1722,normal,none
5386,77.49,0.1389,normal,none
5387,78.72,0.0614,normal,none
5388,79.72,0.0664,normal,none
5389,77.78,0.1578,normal,none
5390,77.15,0.1884,normal,none
5391,78.58,0.1668,normal,none
5392,79.05,0.0834,normal,none
5393,78.35,0.1424,normal,none
5394,74.78,0.1199,normal,none
5395,74.77,0.1166,normal,none
5396,79.23,0.1149,normal,none
5397,78.47,0.086,normal,none
5398,77.68,0.1817,normal,none
5399,75.19,0.0999,normal,none
5400,77.02,0.9633,walking,walking
5401,80.72,1.2915,walking,walking
5402,80.32,2.2622,walking,walking
5403,77.49,1.253,walking,walking
5404,80.22,2.0968,walking,walking
5405,83.66,2.4222,walking,walking
5406,85.37,2.1574,walking,walking
5407,85.24,2.2126,walking,walking
5408,83.77,1.9411,walking,walking
5409,89.08,1.0187,walking,walking
5410,91.47,1.6971,walking,walking
5411,90.19,1.4023,walking,walking
5412,89.18,0.9136,walking,walking
5413,89.79,1.0454,walking,walking
5414,94.34,1.6038,walking,walking
5415,95.4,2.1131,walking,walking
5416,96.77,1.1559,walking,walking
5417,95.64,0.8996,walking,walking
5418,97.82,1.9179,walking,walking
5419,100.8,1.0903,walking,walking
5420,100.62,2.1057,walking,walking
5421,99.28,1.4981,walking,walking
5422,99.21,1.9646,walking,walking
5423,99.89,1.6177,walking,walking
5424,101.6,1.3915,walking,walking
5425,99.83,2.4914,walking,walking
5426,99.3,1.4056,walking,walking
5427,97.6,0.9496,walking,walking
5428,101.48,1.724,walking,walking
5429,101.79,1.7022,walking,walking
5430,98.15,2.4135,walking,walking
5431,97.89,1.7629,walking,walking
5432,100.62,1.8256,walking,walking
5433,99.4,1.2952,walking,walking
5434,98.78,1.3156,walking,walking
5435,99.17,1.4023,walking,walking
5436,99.96,2.2901,walking,walking
5437,99.51,1.3604,walking,walking
5438,102.16,1.2955,walking,walking
5439,97.94,2.0758,walking,walking
5440,98.04,1.5701,walking,walking
5441,100.72,1.5198,walking,walking
5442,100.23,1.0132,walking,walking
5443,97.89,1.0399,walking,walking
5444,97.45,1.4521,walking,walking
5445,98.56,2.1965,walking,walking
5446,101.01,2.243,walking,walking
5447,101.0,1.5809,walking,walking
5448,97.94,1.3804,walking,walking
5449,99.14,2.0569,walking,walking
5450,100.9,1.5909,walking,walking
5451,100.66,1.9246,walking,walking
5452,98.78,1.1744,walking,walking
5453,97.29,2.368,walking,walking
5454,99.56,0.8723,walking,walking
5455,101.65,1.8743,walking,walking
5456,100.57,1.7038,walking,walking
5457,97.15,1.1674,walking,walking
5458,97.73,1.1845,walking,walking
5459,99.29,0.8632,walking,walking
5460,100.29,1.926,walking,walking
5461,100.32,1.2257,walking,walking
5462,98.8,1.1256,walking,walking
5463,99.6,0.9304,walking,walking
5464,101.51,2.2616,walking,walking
5465,101.08,1.8334,walking,walking
5466,97.46,1.6392,walking,walking
5467,98.67,0.8748,walking,walking
5468,100.25,1.7164,walking,walking
5469,100.16,1.9581,walking,walking
5470,99.29,1.6421,walking,walking
5471,97.14,1.9258,walking,walking
5472,99.94,1.6744,walking,walking
5473,101.7,2.3141,walking,walking
5474,100.51,1.2157,walking,walking
5475,99.0,1.3306,walking,walking
5476,100.27,1.625,walking,walking
5477,99.94,1.9923,walking,walking
5478,101.27,1.2047,walking,walking
5479,98.61,1.8879,walking,walking
5480,96.77,2.2631,walking,walking
5481,98.85,1.6895,walking,walking
5482,98.47,1.0311,walking,walking
5483,99.52,2.0602,walking,walking
5484,98.61,2.3772,walking,walking
5485,97.33,1.3374,walking,walking
5486,100.19,1.0446,walking,walking
5487,99.77,1.4037,walking,walking
5488,98.33,2.4182,walking,walking
5489,97.08,1.666,walking,walking
5490,100.53,0.9403,walking,walking
5491,101.28,1.2395,walking,walking
5492,99.99,2.1625,walking,walking
5493,97.59,2.3481,walking,walking
5494,99.08,1.8968,walking,walking
5495,99.37,1.298,walking,walking
5496,100.88,2.3407,walking,walking
5497,99.65,1.818,walking,walking
5498,95.74,1.4852,walking,walking
5499,101.69,1.4199,walking,walking
5500,101.67,0.9423,walking,walking
5501,99.37,1.0652,walking,walking
5502,99.18,2.3186,walking,walking
5503,99.82,1.9615,walking,walking
5504,99.73,0.9428,walking,walking
5505,101.51,2.432,walking,walking
5506,99.09,2.499,walking,walking
5507,96.64,2.4699,walking,walking
5508,98.99,1.2985,walking,walking
5509,100.66,1.5403,walking,walking
5510,100.98,1.1512,walking,walking
5511,98.26,2.2515,walking,walking
5512,99.23,1.5086,walking,walking
5513,100.5,1.9502,walking,walking
5514,100.64,2.4003,walking,walking
5515,99.97,2.4196,walking,walking
5516,98.56,2.1761,walking,walking
5517,100.8,1.7912,walking,walking
5518,101.03,2.2953,walking,walking
5519,100.29,0.9422,walking,walking
5520,97.96,1.4544,walking,walking
5521,99.27,1.9919,walking,walking
5522,98.59,1.6549,walking,walking
5523,100.02,0.8849,walking,walking
5524,100.56,1.6584,walking,walking
5525,97.24,1.8028,walking,walking
5526,99.74,1.8766,walking,walking
5527,99.58,1.1484,walking,walking
5528,100.09,1.8656,walking,walking
5529,97.3,1.8691,walking,walking
5530,98.01,1.0304,walking,walking
5531,99.43,1.9959,walking,walking
5532,98.47,1.7178,walking,walking
5533,99.78,1.5042,walking,walking
5534,97.16,0.8758,walking,walking
5535,97.37,1.6125,walking,walking
5536,98.74,2.0177,walking,walking
5537,98.75,2.3223,walking,walking
5538,98.08,1.6878,walking,walking
5539,100.34,1.008,walking,walking
5540,98.8,1.3962,walking,walking
5541,101.16,2.1545,walking,walking
5542,98.48,2.1084,walking,walking
5543,97.79,1.7193,walking,walking
5544,98.9,2.3721,walking,walking
5545,100.32,0.9235,walking,walking
5546,98.54,1.4822,walking,walking
5547,98.16,1.3334,walking,walking
5548,96.59,0.8701,walking,walking
5549,98.67,0.841,walking,walking
5550,99.35,0.8937,walking,walking
5551,98.58,2.4812,walking,walking
5552,96.72,1.4764,walking,walking
5553,97.83,1.9903,walking,walking
5554,100.83,1.3361,walking,walking
5555,97.09,1.015,walking,walking
5556,99.28,1.2679,walking,walking
5557,98.51,1.4825,walking,walking
5558,99.84,2.1166,walking,walking
5559,98.48,2.4243,walking,walking
5560,97.1,1.1883,walking,walking
5561,98.1,1.6956,walking,walking
5562,97.19,2.2864,walking,walking
5563,99.57,1.0501,walking,walking
5564,99.56,1.1954,walking,walking
5565,96.81,1.1269,walking,walking
5566,97.8,1.5879,walking,walking
5567,102.57,1.049,walking,walking
5568,100.34,1.2094,walking,walking
5569,99.23,1.1282,walking,walking
5570,97.85,1.3285,walking,walking
5571,100.74,1.2135,walking,walking
5572,101.32,0.997,walking,walking
5573,98.35,2.1645,walking,walking
5574,98.68,1.7546,walking,walking
5575,96.14,2.1128,walking,walking
5576,99.4,2.1271,walking,walking
5577,100.34,2.0131,walking,walking
5578,97.07,0.9592,walking,walking
5579,97.69,1.2298,walking,walking
5580,99.02,1.1642,walking,walking
5581,100.47,2.0981,walking,walking
5582,97.55,1.3745,walking,walking
5583,96.73,1.4058,walking,walking
5584,98.75,0.9966,walking,walking
5585,98.81,1.578,walking,walking
5586,99.81,1.6625,walking,walking
5587,98.41,1.2414,walking,walking
5588,96.74,2.3463,walking,walking
5589,97.45,2.0082,walking,walking
5590,99.05,0.8814,walking,walking
5591,98.68,1.5364,walking,walking
5592,97.51,2.1656,walking,walking
5593,99.3,1.7194,walking,walking
5594,101.5,1.4269,walking,walking
5595,100.98,1.5295,walking,walking
5596,97.54,1.8379,walking,walking
5597,96.77,0.8289,walking,walking
5598,96.29,1.6044,walking,walking
5599,101.23,1.0051,walking,walking
5600,99.19,2.4235,walking,walking
5601,98.03,2.0877,walking,walking
5602,98.22,1.6136,walking,walking
5603,99.16,2.2098,walking,walking
5604,100.88,1.9187,walking,walking
5605,99.45,2.0363,walking,walking
5606,97.66,1.351,walking,walking
5607,98.12,0.8051,walking,walking
5608,101.6,0.8893,walking,walking
5609,99.81,1.1315,walking,walking
5610,97.06,2.1405,walking,walking
5611,98.36,1.3641,walking,walking
5612,99.95,0.9106,walking,walking
5613,100.47,0.802,walking,walking
5614,99.66,2.368,walking,walking
5615,97.27,0.863,walking,walking
5616,98.91,1.1608,walking,walking
5617,100.46,2.1855,walking,walking
5618,97.95,2.164,walking,walking
5619,96.06,0.8489,walking,walking
5620,98.76,1.2269,walking,walking
5621,100.63,1.7285,walking,walking
5622,99.79,1.9492,walking,walking
5623,99.73,1.4748,walking,walking
5624,97.85,1.1131,walking,walking
5625,98.26,1.9849,walking,walking
5626,100.33,1.5373,walking,walking
5627,97.53,0.9751,walking,walking
5628,96.49,2.2099,walking,walking
5629,99.64,2.0568,walking,walking
5630,99.95,1.0336,walking,walking
5631,100.47,1.503,walking,walking
5632,98.66,0.9237,walking,walking
5633,98.2,1.8718,walking,walking
5634,98.61,0.8702,walking,walking
5635,101.92,2.326,walking,walking
5636,99.19,1.9561,walking,walking
5637,97.8,2.4433,walking,walking
5638,97.35,1.8465,walking,walking
5639,100.54,1.4482,walking,walking
5640,99.22,1.0922,walking,walking
5641,98.01,2.1837,walking,walking
5642,96.79,2.1352,walking,walking
5643,99.25,2.473,walking,walking
5644,101.06,0.9143,walking,walking
5645,99.41,2.2458,walking,walking
5646,95.94,0.8657,walking,walking
5647,97.08,1.0146,walking,walking
5648,100.69,1.7019,walking,walking
5649,101.26,2.2543,walking,walking
5650,98.06,1.4259,walking,walking
5651,97.59,1.997,walking,walking
5652,98.24,2.0512,walking,walking
5653,99.85,1.8179,walking,walking
5654,99.31,1.1526,walking,walking
5655,96.81,2.103,walking,walking
5656,98.5,1.1362,walking,walking
5657,98.91,1.2088,walking,walking
5658,99.74,1.1905,walking,walking
5659,99.91,2.0953,walking,walking
5660,97.63,2.0454,walking,walking
5661,98.89,1.9282,walking,walking
5662,98.71,0.8479,walking,walking
5663,99.02,2.0388,walking,walking
5664,97.01,1.6145,walking,walking
5665,96.62,1.1655,walking,walking
5666,100.99,1.0153,walking,walking
5667,99.92,2.1747,walking,walking
5668,97.49,2.0022,walking,walking
5669,98.56,2.2646,walking,walking
5670,98.49,1.9118,walking,walking
5671,99.47,2.0936,walking,walking
5672,98.85,0.817,walking,walking
5673,97.21,2.3724,walking,walking
5674,96.83,2.4266,walking,walking
5675,100.76,1.0091,walking,walking
5676,100.26,1.5893,walking,walking
5677,98.06,1.3858,walking,walking
5678,95.3,2.4782,walking,walking
5679,98.18,1.2183,walking,walking
5680,100.19,1.7091,walking,walking
5681,99.84,1.6053,walking,walking
5682,97.53,2.4187,walking,walking
5683,95.37,0.8139,walking,walking
5684,100.52,1.0133,walking,walking
5685,101.52,1.3203,walking,walking
5686,97.78,1.9609,walking,walking
5687,95.04,2.2846,walking,walking
5688,98.68,1.6901,walking,walking
5689,100.46,1.7118,walking,walking
5690,99.36,1.7563,walking,walking
5691,96.67,2.2434,walking,walking
5692,98.52,1.7338,walking,walking
5693,100.14,1.7837,walking,walking
5694,99.79,2.4586,walking,walking
5695,97.67,1.8519,walking,walking
5696,98.01,1.3714,walking,walking
5697,99.65,0.8188,walking,walking
5698,101.36,1.3895,walking,walking
5699,98.9,1.9846,walking,walking
5700,97.32,2.0104,walking,walking
5701,96.53,1.2456,walking,walking
5702,97.68,0.8406,walking,walking
5703,99.4,0.9655,walking,walking
5704,97.9,2.2817,walking,walking
5705,97.47,0.983,walking,walking
5706,98.9,1.1158,walking,walking
5707,99.57,1.9631,walking,walking
5708,99.65,0.9645,walking,walking
5709,96.88,1.1836,walking,walking
5710,96.19,1.8345,walking,walking
5711,99.59,1.53,walking,walking
5712,100.65,0.8819,walking,walking
5713,99.06,2.3341,walking,walking
5714,96.43,2.4525,walking,walking
5715,98.2,2.0483,walking,walking
5716,99.68,1.3858,walking,walking
5717,98.56,2.1579,walking,walking
5718,96.2,1.952,walking,walking
5719,99.77,1.3414,walking,walking
5720,97.82,1.8984,walking,walking
5721,99.78,2.2233,walking,walking
5722,98.6,1.8193,walking,walking
5723,94.41,2.3327,walking,walking
5724,96.52,2.0834,walking,walking
5725,98.7,1.9566,walking,walking
5726,98.81,1.8793,walking,walking
5727,96.76,1.1036,walking,walking
5728,97.29,1.0264,walking,walking
5729,99.94,2.0714,walking,walking
5730,100.26,1.8499,walking,walking
5731,98.72,1.3292,walking,walking
5732,97.93,1.2449,walking,walking
5733,97.6,2.2145,walking,walking
5734,100.08,1.8238,walking,walking
5735,98.53,1.3476,walking,walking
5736,98.26,1.6149,walking,walking
5737,96.33,2.4664,walking,walking
5738,97.12,1.9379,walking,walking
5739,99.25,2.1746,walking,walking
5740,97.68,2.3259,walking,walking
5741,96.57,2.2628,walking,walking
5742,98.65,1.9324,walking,walking
5743,97.75,1.3393,walking,walking
5744,98.15,2.4361,walking,walking
5745,96.54,0.9323,walking,walking
5746,95.59,2.3394,walking,walking
5747,98.7,0.8485,walking,walking
5748,101.07,0.9092,walking,walking
5749,97.08,1.9514,walking,walking
5750,98.75,1.3094,walking,walking
5751,98.41,1.1553,walking,walking
5752,100.04,1.8344,walking,walking
5753,98.47,1.6786,walking,walking
5754,97.69,1.2399,walking,walking
5755,98.12,0.8731,walking,walking
5756,100.2,2.3379,walking,walking
5757,100.8,1.1021,walking,walking
5758,98.18,0.9681,walking,walking
5759,97.03,1.9166,walking,walking
5760,98.26,1.6508,walking,walking
5761,100.63,0.936,walking,walking
5762,98.46,2.3539,walking,walking
5763,98.24,0.8919,walking,walking
5764,98.24,1.2317,walking,walking
5765,98.61,2.4542,walking,walking
5766,98.45,2.0166,walking,walking
5767,98.78,2.0183,walking,walking
5768,97.68,1.7063,walking,walking
5769,100.23,2.0008,walking,walking
5770,101.12,2.0141,walking,walking
5771,99.4,2.3296,walking,walking
5772,98.34,1.2501,walking,walking
5773,97.71,0.9838,walking,walking
5774,99.93,1.5138,walking,walking
5775,99.54,1.1921,walking,walking
5776,99.12,1.5583,walking,walking
5777,95.62,1.1234,walking,walking
5778,99.45,1.2251,walking,walking
5779,100.44,2.0519,walking,walking
5780,99.68,2.2825,walking,walking
5781,98.13,1.4452,walking,walking
5782,96.96,1.1743,walking,walking
5783,100.64,0.9886,walking,walking
5784,99.71,2.3808,walking,walking
5785,99.43,1.6916,walking,walking
5786,97.94,2.4555,walking,walking
5787,97.12,1.7193,walking,walking
5788,100.05,0.923,walking,walking
5789,98.02,2.161,walking,walking
5790,96.65,1.0498,walking,walking
5791,96.51,2.4042,walking,walking
5792,100.71,1.1133,walking,walking
5793,99.59,1.8981,walking,walking
5794,97.11,1.5264,walking,walking
5795,96.72,2.3396,walking,walking
5796,98.3,1.8979,walking,walking
5797,99.5,0.9929,walking,walking
5798,99.02,2.0863,walking,walking
5799,96.77,2.1395,walking,walking
5800,96.82,2.164,walking,walking
5801,99.13,1.2356,walking,walking
5802,99.13,2.4881,walking,walking
5803,98.47,1.695,walking,walking
5804,96.92,1.5065,walking,walking
5805,98.8,1.0524,walking,walking
5806,98.15,1.7354,walking,walking
5807,98.25,1.9754,walking,walking
5808,96.89,1.4785,walking,walking
5809,96.8,2.2858,walking,walking
5810,97.49,0.8289,walking,walking
5811,99.71,1.3319,walking,walking
5812,99.77,0.9652,walking,walking
5813,99.62,1.5334,walking,walking
5814,97.98,2.4507,walking,walking
5815,100.55,0.8801,walking,walking
5816,98.88,2.1414,walking,walking
5817,95.6,1.6773,walking,walking
5818,97.85,1.4483,walking,walking
5819,99.42,1.9903,walking,walking
5820,100.03,1.26,walking,walking
5821,97.81,1.6661,walking,walking
5822,96.97,2.354,walking,walking
5823,97.63,1.8893,walking,walking
5824,100.27,2.0441,walking,walking
5825,99.28,1.6235,walking,walking
5826,97.05,1.8504,walking,walking
5827,96.63,2.2983,walking,walking
5828,98.77,0.9777,walking,walking
5829,102.49,1.9742,walking,walking
5830,96.65,1.3283,walking,walking
5831,98.08,0.8864,walking,walking
5832,98.95,0.9986,walking,walking
5833,98.9,1.027,walking,walking
5834,98.12,1.0323,walking,walking
5835,97.37,0.9372,walking,walking
5836,98.03,1.0954,walking,walking
5837,97.88,1.7176,walking,walking
5838,98.7,1.7703,walking,walking
5839,97.71,1.8794,walking,walking
5840,96.75,1.3446,walking,walking
5841,99.25,2.2716,walking,walking
5842,99.63,1.8876,walking,walking
5843,98.29,0.8025,walking,walking
5844,98.36,1.1923,walking,walking
5845,95.79,0.9535,walking,walking
5846,99.38,0.8529,walking,walking
5847,99.12,1.136,walking,walking
5848,97.35,2.2729,walking,walking
5849,97.88,1.55,walking,walking
5850,97.49,1.383,walking,walking
5851,100.34,1.9122,walking,walking
5852,97.15,2.4206,walking,walking
5853,97.01,1.1465,walking,walking
5854,95.28,1.5628,walking,walking
5855,100.61,2.2674,walking,walking
5856,99.17,2.337,walking,walking
5857,97.38,1.8665,walking,walking
5858,97.7,1.3946,walking,walking
5859,98.6,1.5096,walking,walking
5860,98.79,1.663,walking,walking
5861,98.5,1.9868,walking,walking
5862,97.91,1.1006,walking,walking
5863,95.79,0.9462,walking,walking
5864,100.87,1.0982,walking,walking
5865,99.27,2.3563,walking,walking
5866,98.57,1.4703,walking,walking
5867,96.57,2.2611,walking,walking
5868,96.58,2.2372,walking,walking
5869,98.3,1.1676,walking,walking
5870,97.38,1.8393,walking,walking
5871,95.19,1.2177,walking,walking
5872,96.69,1.0885,walking,walking
5873,93.88,1.6376,walking,walking
5874,95.49,2.2479,walking,walking
5875,92.32,0.9537,walking,walking
5876,88.7,2.1586,walking,walking
5877,91.16,0.8574,walking,walking
5878,91.91,2.069,walking,walking
5879,87.44,1.0375,walking,walking
5880,85.52,1.9681,walking,walking
5881,83.84,0.9298,walking,walking
5882,83.4,1.1043,walking,walking
5883,82.7,2.1958,walking,walking
5884,79.75,1.5333,walking,walking
5885,78.23,1.4842,walking,walking
5886,77.63,2.1582,walking,walking
5887,79.62,2.1257,walking,walking
5888,78.2,1.9756,walking,walking
5889,73.68,1.321,walking,walking
5890,76.21,0.1448,normal,none
5891,75.93,0.1378,normal,none
5892,76.51,0.1154,normal,none
5893,75.52,0.0843,normal,none
5894,73.83,0.0732,normal,none
5895,75.74,0.1359,normal,none
5896,77.14,0.0983,normal,none
5897,77.19,0.0662,normal,none
5898,72.99,0.154,normal,none
5899,73.67,0.1759,normal,none
5900,76.54,0.0983,normal,none
5901,77.7,0.1072,normal,none
5902,73.8,0.0874,normal,none
5903,73.57,0.0638,normal,none
5904,77.17,0.0543,normal,none
5905,77.54,0.0802,normal,none
5906,77.97,0.1876,normal,none
5907,74.71,0.1175,normal,none
5908,75.11,0.1295,normal,none
5909,77.58,0.1494,normal,none
5910,75.59,0.0737,normal,none
5911,74.18,0.1625,normal,none
5912,72.76,0.0529,normal,none
5913,76.88,0.1206,normal,none
5914,77.58,0.1823,normal,none
5915,77.01,0.0698,normal,none
5916,75.48,0.0506,normal,none
5917,75.44,0.1725,normal,none
5918,77.45,0.1619,normal,none
5919,77.12,0.1421,normal,none
5920,76.45,0.0583,normal,none
5921,73.77,0.122,normal,none
5922,74.42,0.0703,normal,none
5923,78.64,0.1875,normal,none
5924,76.48,0.0597,normal,none
5925,74.69,0.1814,normal,none
5926,75.2,0.0602,normal,none
5927,76.36,0.0789,normal,none
5928,77.21,0.098,normal,none
5929,76.64,0.1832,normal,none
5930,73.27,0.1864,normal,none
5931,75.17,0.0966,normal,none
5932,75.9,0.1988,normal,none
5933,76.13,0.0559,normal,none
5934,75.11,0.1368,normal,none
5935,76.11,0.0758,normal,none
5936,76.82,0.1343,normal,none
5937,76.94,0.1289,normal,none
5938,74.98,0.189,normal,none
5939,72.67,0.0996,normal,none
5940,73.44,0.1556,normal,none
5941,76.5,0.1129,normal,none
5942,75.98,0.0875,normal,none
5943,73.73,0.0924,normal,none
5944,73.58,0.0553,normal,none
5945,75.41,0.1023,normal,none
5946,77.98,0.1369,normal,none
5947,73.5,0.0983,normal,none
5948,75.96,0.0774,normal,none
5949,76.32,0.0551,normal,none
5950,76.1,0.1758,normal,none
5951,75.98,0.1152,normal,none
5952,73.58,0.081,normal,none
5953,74.85,0.181,normal,none
5954,74.81,0.1949,normal,none
5955,78.52,0.1119,normal,none
5956,76.39,0.1686,normal,none
5957,75.49,0.1686,normal,none
5958,76.88,0.0878,normal,none
5959,77.03,0.1901,normal,none
5960,76.37,0.0508,normal,none
5961,73.56,0.1513,normal,none
5962,77.02,0.0761,normal,none
5963,75.82,0.1858,normal,none
5964,75.96,0.1322,normal,none
5965,74.15,0.1998,normal,none
5966,73.66,0.1856,normal,none
5967,74.26,0.0657,normal,none
5968,77.36,0.1913,normal,none
5969,76.18,0.1181,normal,none
5970,73.47,0.1042,normal,none
5971,75.62,0.1332,normal,none
5972,77.74,0.1041,normal,none
5973,77.37,0.1767,normal,none
5974,75.1,0.0759,normal,none
5975,72.94,0.1491,normal,none
5976,74.98,0.1219,normal,none
5977,77.98,0.1908,normal,none
5978,74.27,0.0985,normal,none
5979,72.68,0.0502,normal,none
5980,75.06,0.1891,normal,none
5981,76.27,0.1945,normal,none
5982,77.08,0.1424,normal,none
5983,75.4,0.1924,normal,none
5984,74.54,0.0508,normal,none
5985,75.85,0.0523,normal,none
5986,76.55,0.1491,normal,none
5987,75.17,0.1446,normal,none
5988,72.03,0.1343,normal,none
5989,74.75,0.1831,normal,none
5990,77.88,0.1098,normal,none
5991,77.79,0.0754,normal,none
5992,74.6,0.1336,normal,none
5993,75.47,0.0604,normal,none
5994,76.16,0.1713,normal,none
5995,78.19,0.161,normal,none
5996,76.73,0.0807,normal,none
5997,76.72,0.107,normal,none
5998,75.66,0.1258,normal,none
5999,76.51,0.1168,normal,none
6000,77.08,0.127,normal,none
6001,75.39,0.1138,normal,none
6002,73.36,0.1066,normal,none
6003,74.09,0.1361,normal,none
6004,77.24,0.1108,normal,none
6005,75.7,0.1817,normal,none
6006,75.27,0.0819,normal,none
6007,74.78,0.1253,normal,none
6008,78.24,0.0761,normal,none
6009,77.85,0.1683,normal,none
6010,74.42,0.124,normal,none
6011,73.1,0.0956,normal,none
6012,75.66,0.0845,normal,none
6013,76.16,0.0736,normal,none
6014,77.13,0.1684,normal,none
6015,74.19,0.1928,normal,none
6016,75.63,0.0978,normal,none
6017,77.41,0.151,normal,none
6018,76.94,0.1606,normal,none
6019,76.65,0.0789,normal,none
6020,72.47,0.0502,normal,none
6021,75.31,0.1463,normal,none
6022,76.23,0.0785,normal,none
6023,74.35,0.1474,normal,none
6024,73.94,0.1808,normal,none
6025,75.0,0.1926,normal,none
6026,77.91,0.074,normal,none
6027,76.83,0.1556,normal,none
6028,74.74,0.0825,normal,none
6029,75.22,0.111,normal,none
6030,74.67,0.13,normal,none
6031,76.25,0.0685,normal,none
6032,75.69,0.1177,normal,none
6033,73.47,0.1992,normal,none
6034,74.87,0.1745,normal,none
6035,76.93,0.1928,normal,none
6036,77.13,0.1267,normal,none
6037,74.44,0.101,normal,none
6038,72.2,0.0869,normal,none
6039,75.48,0.1408,normal,none
6040,77.35,0.0781,normal,none
6041,75.61,0.1931,normal,none
6042,74.81,0.1142,normal,none
6043,74.63,0.0813,normal,none
6044,75.75,0.0659,normal,none
6045,76.56,0.053,normal,none
6046,75.27,0.0558,normal,none
6047,74.89,0.1178,normal,none
6048,74.73,0.0508,normal,none
6049,75.45,0.1977,normal,none
6050,76.52,0.102,normal,none
6051,73.49,0.0665,normal,none
6052,75.89,0.1552,normal,none
6053,76.96,0.1234,normal,none
6054,76.07,0.0874,normal,none
6055,74.95,0.1087,normal,none
6056,74.37,0.1455,normal,none
6057,75.23,0.0793,normal,none
6058,75.64,0.1387,normal,none
6059,76.97,0.0684,normal,none
6060,72.18,0.0988,normal,none
6061,71.32,0.1766,normal,none
6062,76.57,0.1478,normal,none
6063,76.78,0.1683,normal,none
6064,75.51,0.1399,normal,none
6065,74.18,0.1119,normal,none
6066,75.78,0.1692,normal,none
6067,77.83,0.1468,normal,none
6068,76.36,0.1889,normal,none
6069,75.33,0.0546,normal,none
6070,73.53,0.1587,normal,none
6071,78.29,0.0928,normal,none
6072,77.14,0.1375,normal,none
6073,73.98,0.1938,normal,none
6074,73.07,0.1822,normal,none
6075,73.56,0.1795,normal,none
6076,78.2,0.065,normal,none
6077,75.36,0.1764,normal,none
6078,74.38,0.116,normal,none
6079,76.89,0.1597,normal,none
6080,78.15,0.1345,normal,none
6081,77.18,0.068,normal,none
6082,74.02,0.1793,normal,none
6083,73.71,0.186,normal,none
6084,76.14,0.1417,normal,none
6085,77.75,0.1341,normal,none
6086,74.59,0.1573,normal,none
6087,73.36,0.0535,normal,none
6088,74.18,0.0542,normal,none
6089,78.24,0.1534,normal,none
6090,76.94,0.1262,normal,none
6091,75.12,0.0975,normal,none
6092,73.47,0.1133,normal,none
6093,72.61,0.1692,normal,none
6094,75.49,0.1639,normal,none
6095,74.76,0.0617,normal,none
6096,75.1,0.1198,normal,none
6097,75.24,0.0864,normal,none
6098,77.08,0.1049,normal,none
6099,77.04,0.1164,normal,none
6100,123.39,0.0716,anomaly,spike
6101,124.06,0.0254,anomaly,spike
6102,123.58,0.0778,anomaly,spike
6103,124.38,0.089,anomaly,spike
6104,123.86,0.0388,anomaly,spike
6105,74.65,0.109,normal,none
6106,75.2,0.1293,normal,none
6107,76.94,0.1817,normal,none
6108,75.95,0.0703,normal,none
6109,75.33,0.1135,normal,none
6110,74.57,0.1123,normal,none
6111,76.97,0.139,normal,none
6112,77.94,0.1865,normal,none
6113,77.65,0.0926,normal,none
6114,73.06,0.1203,normal,none
6115,75.17,0.123,normal,none
6116,74.86,0.1352,normal,none
6117,75.79,0.1462,normal,none
6118,74.26,0.0658,normal,none
6119,73.62,0.0665,normal,none
6120,77.56,0.1946,normal,none
6121,77.11,0.1131,normal,none
6122,75.81,0.1131,normal,none
6123,72.8,0.1397,normal,none
6124,74.49,0.0971,normal,none
6125,77.97,0.1504,normal,none
6126,77.9,0.0587,normal,none
6127,74.53,0.0826,normal,none
6128,72.74,0.0543,normal,none
6129,74.65,0.0893,normal,none
6130,77.96,0.059,normal,none
6131,75.8,0.0832,normal,none
6132,73.62,0.1462,normal,none
6133,74.26,0.1174,normal,none
6134,76.15,0.183,normal,none
6135,76.65,0.1872,normal,none
6136,76.86,0.1563,normal,none
6137,73.14,0.1646,normal,none
6138,76.61,0.1109,normal,none
6139,76.33,0.0839,normal,none
6140,73.84,0.1478,normal,none
6141,75.33,0.085,normal,none
6142,73.63,0.0768,normal,none
6143,75.64,0.1839,normal,none
6144,75.85,0.1024,normal,none
6145,73.98,0.1931,normal,none
6146,73.95,0.1649,normal,none
6147,75.85,0.1557,normal,none
6148,76.99,0.1152,normal,none
6149,75.85,0.1243,normal,none
6150,74.72,0.1432,normal,none
6151,74.15,0.1495,normal,none
6152,77.79,0.1546,normal,none
6153,77.5,0.06,normal,none
6154,73.29,0.1688,normal,none
6155,74.64,0.1196,normal,none
6156,74.51,0.0764,normal,none
6157,76.35,0.1849,normal,none
6158,75.99,0.142,normal,none
6159,72.7,0.115,normal,none
6160,75.64,0.1042,normal,none
6161,76.38,0.0706,normal,none
6162,74.62,0.0817,normal,none
6163,75.35,0.1853,normal,none
6164,75.49,0.13,normal,none
6165,75.22,0.1719,normal,none
6166,76.91,0.0661,normal,none
6167,75.98,0.1483,normal,none
6168,72.13,0.0507,normal,none
6169,74.14,0.0676,normal,none
6170,76.96,0.1293,normal,none
6171,76.7,0.1778,normal,none
6172,74.81,0.0991,normal,none
6173,74.57,0.1313,normal,none
6174,76.12,0.1546,normal,none
6175,76.18,0.164,normal,none
6176,75.52,0.1364,normal,none
6177,73.25,0.194,normal,none
6178,76.53,0.1847,normal,none
6179,75.89,0.0793,normal,none
6180,77.76,0.0681,normal,none
6181,73.6,0.1351,normal,none
6182,74.51,0.1233,normal,none
6183,75.07,0.0722,normal,none
6184,74.82,0.1479,normal,none
6185,75.15,0.1324,normal,none
6186,72.26,0.1472,normal,none
6187,73.25,0.1873,normal,none
6188,74.37,0.194,normal,none
6189,76.64,0.1657,normal,none
6190,76.51,0.1338,normal,none
6191,73.23,0.1188,normal,none
6192,76.4,0.124,normal,none
6193,76.01,0.1323,normal,none
6194,76.96,0.0708,normal,none
6195,72.75,0.1218,normal,none
6196,75.99,0.0766,normal,none
6197,75.49,0.1687,normal,none
6198,77.02,0.136,normal,none
6199,74.97,0.138,normal,none
6200,73.89,0.1503,normal,none
6201,76.89,0.1003,normal,none
6202,75.05,0.1133,normal,none
6203,76.09,0.0688,normal,none
6204,72.71,0.0764,normal,none
6205,74.31,0.1111,normal,none
6206,75.66,0.1158,normal,none
6207,77.43,0.1632,normal,none
6208,73.17,0.1725,normal,none
6209,73.94,0.1823,normal,none
6210,74.41,0.1401,normal,none
6211,77.04,0.1391,normal,none
6212,76.88,0.1216,normal,none
6213,75.1,0.0811,normal,none
6214,76.18,0.0659,normal,none
6215,77.01,0.1063,normal,none
6216,77.12,0.0808,normal,none
6217,75.31,0.1394,normal,none
6218,73.4,0.181,normal,none
6219,74.04,0.1829,normal,none
6220,76.35,0.1432,normal,none
6221,74.84,0.1778,normal,none
6222,73.55,0.1344,normal,none
6223,75.41,0.1071,normal,none
6224,75.92,0.0887,normal,none
6225,77.74,0.1128,normal,none
6226,75.66,0.1041,normal,none
6227,72.83,0.1738,normal,none
6228,74.56,0.1382,normal,none
6229,76.43,0.1611,normal,none
6230,75.25,0.1164,normal,none
6231,73.27,0.1619,normal,none
6232,74.39,0.1336,normal,none
6233,74.49,0.086,normal,none
6234,76.55,0.0729,normal,none
6235,76.0,0.1106,normal,none
6236,72.96,0.1552,normal,none
6237,76.54,0.1351,normal,none
6238,75.05,0.0927,normal,none
6239,75.1,0.1269,normal,none
6240,73.54,0.1757,normal,none
6241,73.89,0.0706,normal,none
6242,77.84,0.1887,normal,none
6243,77.11,0.1177,normal,none
6244,75.14,0.0541,normal,none
6245,74.19,0.0696,normal,none
6246,75.45,0.1477,normal,none
6247,78.85,0.1168,normal,none
6248,75.35,0.1566,normal,none
6249,74.35,0.162,normal,none
6250,74.35,0.0,anomaly,drop_out
6251,74.35,0.0,anomaly,drop_out
6252,74.35,0.0,anomaly,drop_out
6253,74.35,0.0,anomaly,drop_out
6254,74.35,0.0,anomaly,drop_out
6255,74.35,0.0,anomaly,drop_out
6256,74.35,0.0,anomaly,drop_out
6257,74.35,0.0,anomaly,drop_out
6258,74.35,0.0,anomaly,drop_out
6259,74.35,0.0,anomaly,drop_out
6260,74.35,0.0,anomaly,drop_out
6261,74.35,0.0,anomaly,drop_out
6262,74.35,0.0,anomaly,drop_out
6263,74.35,0.0,anomaly,drop_out
6264,73.88,0.174,normal,none
6265,75.88,0.1657,normal,none
6266,76.26,0.0543,normal,none
6267,72.93,0.1685,normal,none
6268,73.6,0.062,normal,none
6269,77.27,0.0952,normal,none
6270,77.15,0.1185,normal,none
6271,75.04,0.11,normal,none
6272,74.05,0.1969,normal,none
6273,75.8,0.1779,normal,none
6274,75.52,0.1195,normal,none
6275,75.6,0.1802,normal,none
6276,74.65,0.1979,normal,none
6277,72.92,0.076,normal,none
6278,77.67,0.083,normal,none
6279,75.28,0.1913,normal,none
6280,74.46,0.1559,normal,none
6281,73.53,0.1508,normal,none
6282,75.4,0.1624,normal,none
6283,76.94,0.1848,normal,none
6284,75.05,0.0888,normal,none
6285,74.16,0.0629,normal,none
6286,75.2,0.0752,normal,none
6287,75.93,0.0909,normal,none
6288,75.53,0.1756,normal,none
6289,73.25,0.0993,normal,none
6290,74.34,0.1175,normal,none
6291,77.04,0.1815,normal,none
6292,77.2,0.0935,normal,none
6293,75.55,0.1238,normal,none
6294,73.34,0.1051,normal,none
6295,72.21,0.193,normal,none
6296,75.65,0.0934,normal,none
6297,76.68,0.1107,normal,none
6298,74.6,0.1897,normal,none
6299,74.12,0.0996,normal,none
6300,74.19,0.081,normal,none
6301,75.2,0.178,normal,none
6302,75.33,0.0943,normal,none
6303,73.4,0.1531,normal,none
6304,73.51,0.0638,normal,none
6305,76.21,0.0843,normal,none
6306,75.02,0.1263,normal,none
6307,72.58,0.0759,normal,none
6308,73.21,0.0974,normal,none
6309,74.61,0.1695,normal,none
6310,76.24,0.0738,normal,none
6311,76.4,0.0574,normal,none
6312,73.72,0.0965,normal,none
6313,73.5,0.1457,normal,none
6314,75.92,0.1871,normal,none
6315,76.93,0.082,normal,none
6316,75.17,0.1411,normal,none
6317,73.41,0.073,normal,none
6318,75.59,0.135,normal,none
6319,77.19,0.1951,normal,none
6320,74.26,0.0932,normal,none
6321,73.33,0.1592,normal,none
6322,72.78,0.1077,normal,none
6323,76.64,0.1007,normal,none
6324,76.78,0.0571,normal,none
6325,77.1,0.1276,normal,none
6326,73.63,0.1371,normal,none
6327,74.73,0.1177,normal,none
6328,78.34,0.1748,normal,none
6329,75.81,0.059,normal,none
6330,72.9,0.1423,normal,none
6331,72.12,0.0961,normal,none
6332,76.54,0.0801,normal,none
6333,76.36,0.1291,normal,none
6334,73.69,0.1401,normal,none
6335,73.95,0.0967,normal,none
6336,75.02,0.1251,normal,none
6337,76.2,0.156,normal,none
6338,76.95,0.1849,normal,none
6339,73.02,0.1753,normal,none
6340,74.19,0.1105,normal,none
6341,75.12,0.1181,normal,none
6342,76.85,0.1368,normal,none
6343,73.01,0.1882,normal,none
6344,75.72,0.1955,normal,none
6345,75.4,0.0916,normal,none
6346,75.64,0.1032,normal,none
6347,76.23,0.1437,normal,none
6348,73.1,0.1176,normal,none
6349,74.15,0.0756,normal,none
6350,74.29,0.0513,normal,none
6351,75.55,0.1815,normal,none
6352,73.92,0.1646,normal,none
6353,73.75,0.1257,normal,none
6354,74.79,0.0513,normal,none
6355,75.44,0.1656,normal,none
6356,74.99,0.1781,normal,none
6357,71.87,0.0817,normal,none
6358,75.08,0.1696,normal,none
6359,76.01,0.1649,normal,none
6360,75.65,0.0557,normal,none
6361,73.71,0.0637,normal,none
6362,74.32,0.0567,normal,none
6363,75.2,0.0526,normal,none
6364,78.1,0.1189,normal,none
6365,77.56,0.0715,normal,none
6366,74.43,0.1042,normal,none
6367,72.55,0.0756,normal,none
6368,77.25,0.1168,normal,none
6369,77.11,0.1946,normal,none
6370,73.52,0.1641,normal,none
6371,73.61,0.1055,normal,none
6372,74.94,0.1366,normal,none
6373,76.74,0.1237,normal,none
6374,73.36,0.1388,normal,none
6375,72.01,0.0576,normal,none
6376,74.25,0.1347,normal,none
6377,75.37,0.1181,normal,none
6378,79.43,0.059,normal,none
6379,75.76,0.1272,normal,none
6380,72.74,0.1131,normal,none
6381,76.61,0.1769,normal,none
6382,77.4,0.1247,normal,none
6383,74.39,0.1001,normal,none
6384,74.06,0.1363,normal,none
6385,74.64,0.0695,normal,none
6386,74.0,0.1945,normal,none
6387,75.77,0.1927,normal,none
6388,75.88,0.0675,normal,none
6389,71.19,0.0687,normal,none
6390,73.43,0.1935,normal,none
6391,75.32,0.1251,normal,none
6392,76.17,0.1956,normal,none
6393,75.43,0.1142,normal,none
6394,71.93,0.1965,normal,none
6395,76.16,0.1171,normal,none
6396,76.98,0.082,normal,none
6397,74.0,0.0925,normal,none
6398,74.54,0.073,normal,none
6399,75.4,0.0529,normal,none
6400,77.47,0.0922,anomaly,silent_drift
6401,73.86,0.037,anomaly,silent_drift
6402,74.49,0.0217,anomaly,silent_drift
6403,74.25,0.0157,anomaly,silent_drift
6404,75.13,0.0622,anomaly,silent_drift
6405,76.78,0.0124,anomaly,silent_drift
6406,72.05,0.0897,anomaly,silent_drift
6407,73.12,0.005,anomaly,silent_drift
6408,78.14,0.0305,anomaly,silent_drift
6409,78.13,0.0622,anomaly,silent_drift
6410,78.04,0.0764,anomaly,silent_drift
6411,75.55,0.0002,anomaly,silent_drift
6412,75.22,0.0071,anomaly,silent_drift
6413,76.92,0.0814,anomaly,silent_drift
6414,75.97,0.0671,anomaly,silent_drift
6415,75.73,0.0596,anomaly,silent_drift
6416,74.12,0.0955,anomaly,silent_drift
6417,74.22,0.0636,anomaly,silent_drift
6418,77.72,0.078,anomaly,silent_drift
6419,75.28,0.0444,anomaly,silent_drift
6420,74.39,0.0397,anomaly,silent_drift
6421,74.71,0.0403,anomaly,silent_drift
6422,77.48,0.0323,anomaly,silent_drift
6423,80.89,0.0262,anomaly,silent_drift
6424,76.33,0.0383,anomaly,silent_drift
6425,74.76,0.0056,anomaly,silent_drift
6426,75.88,0.0726,anomaly,silent_drift
6427,79.48,0.0274,anomaly,silent_drift
6428,77.58,0.0151,anomaly,silent_drift
6429,76.06,0.0175,anomaly,silent_drift
6430,75.28,0.0498,anomaly,silent_drift
6431,76.65,0.034,anomaly,silent_drift
6432,79.25,0.0393,anomaly,silent_drift
6433,74.58,0.0079,anomaly,silent_drift
6434,76.36,0.005,anomaly,silent_drift
6435,77.47,0.0825,anomaly,silent_drift
6436,80.02,0.0591,anomaly,silent_drift
6437,77.43,0.0968,anomaly,silent_drift
6438,76.89,0.005,anomaly,silent_drift
6439,75.23,0.0637,anomaly,silent_drift
6440,78.35,0.0703,anomaly,silent_drift
6441,77.42,0.0832,anomaly,silent_drift
6442,76.24,0.0988,anomaly,silent_drift
6443,75.02,0.0989,anomaly,silent_drift
6444,77.25,0.0071,anomaly,silent_drift
6445,79.3,0.0356,anomaly,silent_drift
6446,77.73,0.0011,anomaly,silent_drift
6447,75.11,0.0521,anomaly,silent_drift
6448,77.23,0.0638,anomaly,silent_drift
6449,77.78,0.0764,anomaly,silent_drift
6450,79.6,0.0809,anomaly,silent_drift
6451,77.04,0.0461,anomaly,silent_drift
6452,75.33,0.0769,anomaly,silent_drift
6453,76.71,0.0458,anomaly,silent_drift
6454,79.84,0.0716,anomaly,silent_drift
6455,78.17,0.074,anomaly,silent_drift
6456,76.62,0.0404,anomaly,silent_drift
6457,77.8,0.0659,anomaly,silent_drift
6458,77.98,0.0987,anomaly,silent_drift
6459,81.13,0.0224,anomaly,silent_drift
6460,78.15,0.0907,anomaly,silent_drift
6461,77.57,0.0514,anomaly,silent_drift
6462,77.36,0.0186,anomaly,silent_drift
6463,79.41,0.0423,anomaly,silent_drift
6464,80.17,0.0323,anomaly,silent_drift
6465,77.0,0.0434,anomaly,silent_drift
6466,77.62,0.0033,anomaly,silent_drift
6467,78.65,0.051,anomaly,silent_drift
6468,79.9,0.0801,anomaly,silent_drift
6469,77.48,0.0107,anomaly,silent_drift
6470,76.79,0.0936,anomaly,silent_drift
6471,77.87,0.0666,anomaly,silent_drift
6472,81.39,0.0857,anomaly,silent_drift
6473,79.3,0.039,anomaly,silent_drift
6474,79.43,0.0017,anomaly,silent_drift
6475,76.97,0.0648,anomaly,silent_drift
6476,80.08,0.0844,anomaly,silent_drift
6477,81.27,0.0609,anomaly,silent_drift
6478,79.09,0.0742,anomaly,silent_drift
6479,77.63,0.0847,anomaly,silent_drift
6480,80.06,0.0611,anomaly,silent_drift
6481,80.5,0.0922,anomaly,silent_drift
6482,79.29,0.0645,anomaly,silent_drift
6483,76.86,0.0908,anomaly,silent_drift
6484,76.62,0.0016,anomaly,silent_drift
6485,80.92,0.0846,anomaly,silent_drift
6486,79.53,0.0895,anomaly,silent_drift
6487,78.29,0.0779,anomaly,silent_drift
6488,77.8,0.0413,anomaly,silent_drift
6489,79.54,0.0371,anomaly,silent_drift
6490,81.62,0.024,anomaly,silent_drift
6491,81.15,0.0624,anomaly,silent_drift
6492,78.02,0.0533,anomaly,silent_drift
6493,80.04,0.0567,anomaly,silent_drift
6494,79.23,0.0875,anomaly,silent_drift
6495,80.37,0.0796,anomaly,silent_drift
6496,79.3,0.0184,anomaly,silent_drift
6497,75.35,0.0302,anomaly,silent_drift
6498,80.62,0.0376,anomaly,silent_drift
6499,80.35,0.0054,anomaly,silent_drift
6500,80.67,0.076,anomaly,silent_drift
6501,80.76,0.0248,anomaly,silent_drift
6502,80.39,0.0631,anomaly,silent_drift
6503,81.15,0.0167,anomaly,silent_drift
6504,82.58,0.0811,anomaly,silent_drift
6505,80.31,0.0605,anomaly,silent_drift
6506,77.83,0.0764,anomaly,silent_drift
6507,78.56,0.0877,anomaly,silent_drift
6508,83.52,0.0994,anomaly,silent_drift
6509,81.64,0.0743,anomaly,silent_drift
6510,80.83,0.016,anomaly,silent_drift
6511,79.57,0.0655,anomaly,silent_drift
6512,81.52,0.0807,anomaly,silent_drift
6513,84.63,0.0902,anomaly,silent_drift
6514,82.3,0.0981,anomaly,silent_drift
6515,79.38,0.0491,anomaly,silent_drift
6516,81.73,0.0528,anomaly,silent_drift
6517,81.61,0.0417,anomaly,silent_drift
6518,80.83,0.0303,anomaly,silent_drift
6519,80.96,0.0129,anomaly,silent_drift
6520,79.01,0.0283,anomaly,silent_drift
6521,83.18,0.0294,anomaly,silent_drift
6522,83.63,0.0193,anomaly,silent_drift
6523,80.69,0.0903,anomaly,silent_drift
6524,78.36,0.0234,anomaly,silent_drift
6525,80.34,0.0219,anomaly,silent_drift
6526,83.56,0.0184,anomaly,silent_drift
6527,82.8,0.0577,anomaly,silent_drift
6528,78.06,0.0955,anomaly,silent_drift
6529,82.23,0.0124,anomaly,silent_drift
6530,83.2,0.0431,anomaly,silent_drift
6531,85.43,0.097,anomaly,silent_drift
6532,82.02,0.0398,anomaly,silent_drift
6533,80.12,0.0692,anomaly,silent_drift
6534,83.17,0.027,anomaly,silent_drift
6535,83.8,0.0868,anomaly,silent_drift
6536,80.9,0.0836,anomaly,silent_drift
6537,80.52,0.0868,anomaly,silent_drift
6538,79.37,0.0527,anomaly,silent_drift
6539,83.58,0.0751,anomaly,silent_drift
6540,83.52,0.0986,anomaly,silent_drift
6541,80.33,0.0236,anomaly,silent_drift
6542,81.89,0.0555,anomaly,silent_drift
6543,80.66,0.0781,anomaly,silent_drift
6544,84.6,0.0568,anomaly,silent_drift
6545,83.69,0.0537,anomaly,silent_drift
6546,83.26,0.0432,anomaly,silent_drift
6547,81.21,0.0792,anomaly,silent_drift
6548,84.47,0.0058,anomaly,silent_drift
6549,83.49,0.0183,anomaly,silent_drift
6550,81.58,0.0174,anomaly,silent_drift
6551,82.78,0.0436,anomaly,silent_drift
6552,80.56,0.0336,anomaly,silent_drift
6553,84.83,0.0477,anomaly,silent_drift
6554,82.08,0.0012,anomaly,silent_drift
6555,82.26,0.0448,anomaly,silent_drift
6556,82.56,0.0976,anomaly,silent_drift
6557,84.16,0.0551,anomaly,silent_drift
6558,83.56,0.0816,anomaly,silent_drift
6559,82.18,0.0321,anomaly,silent_drift
6560,83.36,0.0034,anomaly,silent_drift
6561,83.07,0.0862,anomaly,silent_drift
6562,85.03,0.062,anomaly,silent_drift
6563,83.09,0.0345,anomaly,silent_drift
6564,81.76,0.0097,anomaly,silent_drift
6565,81.82,0.0276,anomaly,silent_drift
6566,83.39,0.0338,anomaly,silent_drift
6567,85.17,0.0396,anomaly,silent_drift
6568,83.71,0.0428,anomaly,silent_drift
6569,82.91,0.09,anomaly,silent_drift
6570,84.99,0.0474,anomaly,silent_drift
6571,86.43,0.0738,anomaly,silent_drift
6572,85.6,0.0932,anomaly,silent_drift
6573,82.79,0.0057,anomaly,silent_drift
6574,81.66,0.0918,anomaly,silent_drift
6575,84.19,0.0555,anomaly,silent_drift
6576,85.59,0.0578,anomaly,silent_drift
6577,84.0,0.0696,anomaly,silent_drift
6578,82.47,0.0737,anomaly,silent_drift
6579,83.72,0.0184,anomaly,silent_drift
6580,84.99,0.0417,anomaly,silent_drift
6581,85.07,0.0962,anomaly,silent_drift
6582,82.77,0.0199,anomaly,silent_drift
6583,84.18,0.0137,anomaly,silent_drift
6584,86.67,0.0166,anomaly,silent_drift
6585,86.08,0.0934,anomaly,silent_drift
6586,83.58,0.0482,anomaly,silent_drift
6587,83.72,0.0345,anomaly,silent_drift
6588,82.59,0.0855,anomaly,silent_drift
6589,87.18,0.0461,anomaly,silent_drift
6590,85.55,0.0306,anomaly,silent_drift
6591,84.74,0.0606,anomaly,silent_drift
6592,83.2,0.0274,anomaly,silent_drift
6593,85.0,0.0123,anomaly,silent_drift
6594,86.72,0.0364,anomaly,silent_drift
6595,84.99,0.055,anomaly,silent_drift
6596,84.32,0.0647,anomaly,silent_drift
6597,82.88,0.0556,anomaly,silent_drift
6598,86.12,0.0422,anomaly,silent_drift
6599,86.94,0.0177,anomaly,silent_drift
6600,83.73,0.0713,anomaly,silent_drift
6601,83.84,0.04,anomaly,silent_drift
6602,85.47,0.0625,anomaly,silent_drift
6603,83.96,0.0142,anomaly,silent_drift
6604,86.01,0.0533,anomaly,silent_drift
6605,83.73,0.0298,anomaly,silent_drift
6606,86.12,0.0785,anomaly,silent_drift
6607,85.44,0.0759,anomaly,silent_drift
6608,86.41,0.06,anomaly,silent_drift
6609,82.74,0.0645,anomaly,silent_drift
6610,84.14,0.0615,anomaly,silent_drift
6611,87.15,0.0488,anomaly,silent_drift
6612,86.16,0.0901,anomaly,silent_drift
6613,84.42,0.0337,anomaly,silent_drift
6614,85.19,0.0237,anomaly,silent_drift
6615,85.9,0.02,anomaly,silent_drift
6616,87.19,0.0178,anomaly,silent_drift
6617,85.36,0.0563,anomaly,silent_drift
6618,84.66,0.0969,anomaly,silent_drift
6619,83.25,0.037,anomaly,silent_drift
6620,87.98,0.0957,anomaly,silent_drift
6621,88.01,0.0513,anomaly,silent_drift
6622,83.5,0.0923,anomaly,silent_drift
6623,83.93,0.0814,anomaly,silent_drift
6624,86.26,0.0011,anomaly,silent_drift
6625,87.33,0.0298,anomaly,silent_drift
6626,84.45,0.0478,anomaly,silent_drift
6627,85.35,0.0909,anomaly,silent_drift
6628,84.03,0.0995,anomaly,silent_drift
6629,86.69,0.0253,anomaly,silent_drift
6630,87.68,0.0418,anomaly,silent_drift
6631,87.71,0.0959,anomaly,silent_drift
6632,85.03,0.0181,anomaly,silent_drift
6633,84.9,0.028,anomaly,silent_drift
6634,87.54,0.0597,anomaly,silent_drift
6635,88.08,0.009,anomaly,silent_drift
6636,87.21,0.0546,anomaly,silent_drift
6637,87.92,0.0863,anomaly,silent_drift
6638,86.32,0.0315,anomaly,silent_drift
6639,89.38,0.037,anomaly,silent_drift
6640,84.58,0.0213,anomaly,silent_drift
6641,84.86,0.0912,anomaly,silent_drift
6642,86.45,0.0475,anomaly,silent_drift
6643,88.83,0.099,anomaly,silent_drift
6644,88.71,0.0088,anomaly,silent_drift
6645,86.79,0.0365,anomaly,silent_drift
6646,84.93,0.0352,anomaly,silent_drift
6647,89.75,0.0728,anomaly,silent_drift
6648,88.4,0.092,anomaly,silent_drift
6649,88.53,0.0451,anomaly,silent_drift
6650,86.77,0.0581,anomaly,silent_drift
6651,87.1,0.0301,anomaly,silent_drift
6652,88.4,0.0981,anomaly,silent_drift
6653,87.03,0.066,anomaly,silent_drift
6654,87.81,0.0955,anomaly,silent_drift
6655,87.22,0.0721,anomaly,silent_drift
6656,88.21,0.0219,anomaly,silent_drift
6657,90.46,0.0171,anomaly,silent_drift
6658,86.51,0.0212,anomaly,silent_drift
6659,87.19,0.0501,anomaly,silent_drift
6660,90.73,0.0333,anomaly,silent_drift
6661,89.72,0.0958,anomaly,silent_drift
6662,91.27,0.0808,anomaly,silent_drift
6663,85.89,0.0807,anomaly,silent_drift
6664,85.6,0.0662,anomaly,silent_drift
6665,88.98,0.0512,anomaly,silent_drift
6666,90.6,0.0318,anomaly,silent_drift
6667,89.05,0.0819,anomaly,silent_drift
6668,87.56,0.0753,anomaly,silent_drift
6669,89.29,0.0122,anomaly,silent_drift
6670,89.6,0.0508,anomaly,silent_drift
6671,88.74,0.0632,anomaly,silent_drift
6672,87.46,0.0269,anomaly,silent_drift
6673,88.23,0.0469,anomaly,silent_drift
6674,88.92,0.0756,anomaly,silent_drift
6675,90.91,0.0203,anomaly,silent_drift
6676,88.33,0.0382,anomaly,silent_drift
6677,86.92,0.0605,anomaly,silent_drift
6678,89.05,0.0102,anomaly,silent_drift
6679,90.2,0.0569,anomaly,silent_drift
6680,88.68,0.0526,anomaly,silent_drift
6681,87.72,0.0523,anomaly,silent_drift
6682,88.65,0.034,anomaly,silent_drift
6683,89.35,0.0154,anomaly,silent_drift
6684,90.75,0.0605,anomaly,silent_drift
6685,89.78,0.0804,anomaly,silent_drift
6686,87.56,0.0384,anomaly,silent_drift
6687,88.79,0.004,anomaly,silent_drift
6688,89.77,0.0268,anomaly,silent_drift
6689,88.56,0.0118,anomaly,silent_drift
6690,89.99,0.0182,anomaly,silent_drift
6691,88.36,0.0897,anomaly,silent_drift
6692,89.88,0.0252,anomaly,silent_drift
6693,91.83,0.0515,anomaly,silent_drift
6694,89.73,0.052,anomaly,silent_drift
6695,88.29,0.0802,anomaly,silent_drift
6696,92.03,0.0076,anomaly,silent_drift
6697,90.58,0.0154,anomaly,silent_drift
6698,93.35,0.0011,anomaly,silent_drift
6699,88.37,0.0519,anomaly,silent_drift
6700,73.44,0.126,normal,none
6701,74.47,0.1151,normal,none
6702,78.57,0.1503,normal,none
6703,74.04,0.1623,normal,none
6704,73.87,0.1805,normal,none
6705,74.12,0.0684,normal,none
6706,76.18,0.1327,normal,none
6707,75.84,0.111,normal,none
6708,73.85,0.0812,normal,none
6709,74.74,0.0503,normal,none
6710,76.64,0.092,normal,none
6711,78.06,0.1834,normal,none
6712,77.12,0.0601,normal,none
6713,71.9,0.0531,normal,none
6714,74.44,0.1126,normal,none
6715,77.51,0.1741,normal,none
6716,76.11,0.1875,normal,none
6717,73.97,0.0514,normal,none
6718,74.22,0.1992,normal,none
6719,77.08,0.1211,normal,none
6720,77.83,0.1749,normal,none
6721,75.22,0.1598,normal,none
6722,74.64,0.07,normal,none
6723,75.69,0.0809,normal,none
6724,78.5,0.0631,normal,none
6725,75.36,0.1751,normal,none
6726,74.74,0.1863,normal,none
6727,75.52,0.0863,normal,none
6728,74.97,0.1339,normal,none
6729,76.87,0.0901,normal,none
6730,74.2,0.0991,normal,none
6731,73.58,0.1875,normal,none
6732,76.76,0.1745,normal,none
6733,76.83,0.1785,normal,none
6734,75.94,0.1014,normal,none
6735,73.06,0.1465,normal,none
6736,73.68,0.0908,normal,none
6737,73.2,0.1584,normal,none
6738,75.76,0.1656,normal,none
6739,72.29,0.0544,normal,none
6740,72.33,0.1951,normal,none
6741,74.71,0.0791,normal,none
6742,76.01,0.159,normal,none
6743,74.6,0.091,normal,none
6744,71.98,0.1312,normal,none
6745,73.91,0.1402,normal,none
6746,76.4,0.1743,normal,none
6747,75.85,0.1679,normal,none
6748,74.91,0.1413,normal,none
6749,73.59,0.1685,normal,none
6750,74.42,0.064,normal,none
6751,74.13,0.0874,normal,none
6752,74.19,0.0741,normal,none
6753,75.38,0.1607,normal,none
6754,73.61,0.1397,normal,none
6755,77.16,0.183,normal,none
6756,77.55,0.178,normal,none
6757,75.55,0.1239,normal,none
6758,72.15,0.1367,normal,none
6759,74.81,0.1265,normal,none
6760,77.58,0.0574,normal,none
6761,75.5,0.0834,normal,none
6762,75.36,0.1665,normal,none
6763,72.81,0.1475,normal,none
6764,77.35,0.0753,normal,none
6765,77.13,0.073,normal,none
6766,74.0,0.09,normal,none
6767,75.64,0.1675,normal,none
6768,75.26,0.1679,normal,none
6769,77.19,0.1853,normal,none
6770,75.76,0.1104,normal,none
6771,74.61,0.1774,normal,none
6772,74.68,0.1921,normal,none
6773,75.3,0.1968,normal,none
6774,76.95,0.1365,normal,none
6775,73.26,0.1569,normal,none
6776,73.23,0.1391,normal,none
6777,76.04,0.1216,normal,none
6778,77.7,0.1984,normal,none
6779,74.11,0.1387,normal,none
6780,72.68,0.0921,normal,none
6781,72.53,0.1851,normal,none
6782,77.15,0.1932,normal,none
6783,74.79,0.1226,normal,none
6784,73.38,0.0702,normal,none
6785,73.32,0.1727,normal,none
6786,74.2,0.1439,normal,none
6787,76.83,0.1643,normal,none
6788,76.66,0.0841,normal,none
6789,75.4,0.1955,normal,none
6790,75.04,0.1674,normal,none
6791,75.32,0.1028,normal,none
6792,77.13,0.1684,normal,none
6793,73.85,0.1343,normal,none
6794,73.03,0.1526,normal,none
6795,74.0,0.1785,normal,none
6796,76.69,0.1201,normal,none
6797,77.46,0.0939,normal,none
6798,74.11,0.1812,normal,none
6799,70.48,0.1734,normal,none
6800,132.34,0.0791,anomaly,spike
6801,131.27,0.0425,anomaly,spike
6802,129.38,0.0051,anomaly,spike
6803,129.73,0.0316,anomaly,spike
6804,130.01,0.0994,anomaly,spike
6805,132.47,0.0205,anomaly,spike
6806,74.34,0.1676,normal,none
6807,73.46,0.1167,normal,none
6808,74.25,0.0535,normal,none
6809,76.01,0.1777,normal,none
6810,75.76,0.1944,normal,none
6811,74.39,0.0701,normal,none
6812,74.14,0.0872,normal,none
6813,75.59,0.1309,normal,none
6814,77.58,0.1842,normal,none
6815,74.97,0.0596,normal,none
6816,73.27,0.1273,normal,none
6817,71.74,0.1287,normal,none
6818,74.83,0.1926,normal,none
6819,75.4,0.1491,normal,none
6820,73.87,0.1384,normal,none
6821,75.01,0.1788,normal,none
6822,75.54,0.1739,normal,none
6823,76.48,0.1679,normal,none
6824,75.79,0.0893,normal,none
6825,74.15,0.1113,normal,none
6826,72.66,0.086,normal,none
6827,75.14,0.1852,normal,none
6828,77.32,0.1221,normal,none
6829,73.17,0.0522,normal,none
6830,73.88,0.0705,normal,none
6831,75.57,0.0722,normal,none
6832,74.43,0.1122,normal,none
6833,76.48,0.1488,normal,none
6834,74.61,0.0888,normal,none
6835,74.65,0.0792,normal,none
6836,75.44,0.0896,normal,none
6837,75.21,0.1959,normal,none
6838,75.24,0.0815,normal,none
6839,73.66,0.0932,normal,none
6840,75.6,0.1312,normal,none
6841,76.74,0.1428,normal,none
6842,75.14,0.1633,normal,none
6843,74.38,0.0749,normal,none
6844,75.6,0.1254,normal,none
6845,77.62,0.1304,normal,none
6846,76.57,0.0787,normal,none
6847,75.22,0.055,normal,none
6848,72.14,0.1788,normal,none
6849,75.96,0.1114,normal,none
6850,76.6,0.1455,normal,none
6851,73.99,0.0593,normal,none
6852,73.06,0.0926,normal,none
6853,74.31,0.0978,normal,none
6854,77.99,0.1044,normal,none
6855,76.39,0.0611,normal,none
6856,75.45,0.178,normal,none
6857,73.81,0.0557,normal,none
6858,75.28,0.0551,normal,none
6859,76.06,0.1115,normal,none
6860,76.03,0.1808,normal,none
6861,72.91,0.1695,normal,none
6862,74.6,0.1446,normal,none
6863,75.17,0.0774,normal,none
6864,75.97,0.1254,normal,none
6865,75.67,0.111,normal,none
6866,74.59,0.0538,normal,none
6867,74.99,0.1675,normal,none
6868,78.13,0.0735,normal,none
6869,76.37,0.1731,normal,none
6870,73.44,0.0549,normal,none
6871,73.98,0.1568,normal,none
6872,75.57,0.0715,normal,none
6873,78.22,0.1977,normal,none
6874,74.41,0.1324,normal,none
6875,73.51,0.1973,normal,none
6876,74.13,0.1718,normal,none
6877,78.39,0.1668,normal,none
6878,77.01,0.1059,normal,none
6879,74.74,0.056,normal,none
6880,74.08,0.1253,normal,none
6881,77.23,0.1126,normal,none
6882,77.42,0.0752,normal,none
6883,74.96,0.1654,normal,none
6884,73.88,0.1368,normal,none
6885,73.7,0.1775,normal,none
6886,75.79,0.0742,normal,none
6887,76.09,0.1201,normal,none
6888,73.2,0.0875,normal,none
6889,74.98,0.1004,normal,none
6890,74.45,0.1458,normal,none
6891,75.38,0.1763,normal,none
6892,75.69,0.1028,normal,none
6893,73.88,0.1614,normal,none
6894,74.49,0.0774,normal,none
6895,76.11,0.1947,normal,none
6896,75.4,0.1331,normal,none
6897,75.25,0.0738,normal,none
6898,74.11,0.0801,normal,none
6899,76.24,0.0928,normal,none
6900,77.04,0.1031,normal,none
6901,74.48,0.109,normal,none
6902,73.44,0.054,normal,none
6903,74.7,0.0882,normal,none
6904,76.39,0.1473,normal,none
6905,76.32,0.1323,normal,none
6906,74.24,0.1284,normal,none
6907,73.53,0.1838,normal,none
6908,75.58,0.1593,normal,none
6909,76.5,0.1874,normal,none
6910,73.52,0.0551,normal,none
6911,73.11,0.0745,normal,none
6912,74.85,0.1855,normal,none
6913,76.35,0.0696,normal,none
6914,74.42,0.1581,normal,none
6915,74.55,0.0894,normal,none
6916,73.26,0.0634,normal,none
6917,76.9,0.097,normal,none
6918,76.82,0.1245,normal,none
6919,74.9,0.0671,normal,none
6920,73.43,0.1083,normal,none
6921,76.42,0.0644,normal,none
6922,77.53,0.0858,normal,none
6923,76.29,0.089,normal,none
6924,75.87,0.1909,normal,none
6925,74.83,0.1905,normal,none
6926,73.79,0.157,normal,none
6927,77.84,0.058,normal,none
6928,75.49,0.1087,normal,none
6929,73.94,0.0899,normal,none
6930,72.95,0.0913,normal,none
6931,75.34,0.147,normal,none
6932,75.03,0.1047,normal,none
6933,74.84,0.1951,normal,none
6934,75.4,0.0833,normal,none
6935,75.35,0.1594,normal,none
6936,76.36,0.1229,normal,none
6937,72.97,0.0662,normal,none
6938,73.42,0.0555,normal,none
6939,74.44,0.0709,normal,none
6940,76.48,0.1059,normal,none
6941,75.68,0.0603,normal,none
6942,75.78,0.115,normal,none
6943,75.79,0.078,normal,none
6944,76.16,0.0981,normal,none
6945,79.05,0.0732,normal,none
6946,75.73,0.1413,normal,none
6947,75.18,0.1939,normal,none
6948,76.36,0.1108,normal,none
6949,76.64,0.0505,normal,none
6950,76.76,0.0606,normal,none
6951,72.71,0.0674,normal,none
6952,73.77,0.1733,normal,none
6953,75.42,0.0516,normal,none
6954,77.82,0.124,normal,none
6955,74.29,0.0905,normal,none
6956,72.4,0.0802,normal,none
6957,75.04,0.1669,normal,none
6958,77.82,0.1931,normal,none
6959,74.6,0.0585,normal,none
6960,74.67,0.1971,normal,none
6961,74.77,0.1728,normal,none
6962,75.06,0.1184,normal,none
6963,78.42,0.1903,normal,none
6964,75.87,0.1365,normal,none
6965,73.12,0.1595,normal,none
6966,75.83,0.1282,normal,none
6967,77.91,0.0982,normal,none
6968,75.17,0.1581,normal,none
6969,74.63,0.1266,normal,none
6970,74.02,0.0979,normal,none
6971,76.27,0.1084,normal,none
6972,75.47,0.1617,normal,none
6973,73.59,0.0592,normal,none
6974,73.78,0.1438,normal,none
6975,76.39,0.1709,normal,none
6976,75.8,0.0749,normal,none
6977,76.92,0.1011,normal,none
6978,74.4,0.1267,normal,none
6979,74.46,0.1378,normal,none
6980,75.68,0.0505,normal,none
6981,76.22,0.1538,normal,none
6982,73.68,0.0922,normal,none
6983,72.53,0.0994,normal,none
6984,76.34,0.1356,normal,none
6985,77.12,0.1848,normal,none
6986,75.26,0.0848,normal,none
6987,73.2,0.0581,normal,none
6988,73.25,0.0677,normal,none
6989,75.37,0.1828,normal,none
6990,77.51,0.067,normal,none
6991,75.62,0.1944,normal,none
6992,74.37,0.1388,normal,none
6993,75.43,0.0625,normal,none
6994,77.23,0.1799,normal,none
6995,75.46,0.1601,normal,none
6996,72.41,0.0793,normal,none
6997,73.85,0.1762,normal,none
6998,78.4,0.0731,normal,none
6999,76.0,0.1212,normal,none
7000,73.95,0.1157,normal,none
7001,74.12,0.1306,normal,none
7002,73.33,0.0813,normal,none
7003,75.41,0.1521,normal,none
7004,75.85,0.0622,normal,none
7005,76.69,0.0538,normal,none
7006,73.21,0.1791,normal,none
7007,77.52,0.0673,normal,none
7008,77.36,0.1678,normal,none
7009,74.86,0.0919,normal,none
7010,74.16,0.1192,normal,none
7011,75.82,0.1222,normal,none
7012,76.9,0.1002,normal,none
7013,76.02,0.1595,normal,none
7014,75.08,0.1577,normal,none
7015,73.75,0.1552,normal,none
7016,76.35,0.1549,normal,none
7017,76.96,0.1864,normal,none
7018,73.98,0.1464,normal,none
7019,75.1,0.0544,normal,none
7020,74.83,0.1202,normal,none
7021,76.55,0.0726,normal,none
7022,74.61,0.1355,normal,none
7023,74.07,0.1585,normal,none
7024,74.1,0.1596,normal,none
7025,76.48,0.1588,normal,none
7026,76.21,0.1847,normal,none
7027,75.87,0.1319,normal,none
7028,74.33,0.1906,normal,none
7029,74.89,0.195,normal,none
7030,77.3,0.1986,normal,none
7031,76.58,0.1113,normal,none
7032,73.11,0.0764,normal,none
7033,74.32,0.0929,normal,none
7034,74.73,0.09,normal,none
7035,76.96,0.1875,normal,none
7036,76.55,0.1098,normal,none
7037,73.71,0.1237,normal,none
7038,75.11,0.0781,normal,none
7039,75.72,0.0593,normal,none
7040,75.93,0.1058,normal,none
7041,73.55,0.0895,normal,none
7042,74.4,0.1649,normal,none
7043,76.12,0.1997,normal,none
7044,75.76,0.1239,normal,none
7045,74.67,0.122,normal,none
7046,74.14,0.1248,normal,none
7047,75.27,0.1913,normal,none
7048,76.6,0.166,normal,none
7049,76.19,0.0562,normal,none
7050,73.01,0.1434,normal,none
7051,74.8,0.1476,normal,none
7052,76.27,0.1399,normal,none
7053,76.79,0.0993,normal,none
7054,74.34,0.0964,normal,none
7055,74.06,0.0984,normal,none
7056,74.89,0.0595,normal,none
7057,78.58,0.1182,normal,none
7058,75.13,0.1479,normal,none
7059,73.48,0.1924,normal,none
7060,73.66,0.1617,normal,none
7061,76.78,0.1438,normal,none
7062,78.8,0.1162,normal,none
7063,74.3,0.1973,normal,none
7064,73.34,0.1823,normal,none
7065,74.01,0.1667,normal,none
7066,76.95,0.0615,normal,none
7067,77.34,0.1917,normal,none
7068,75.31,0.1579,normal,none
7069,73.84,0.183,normal,none
7070,76.61,0.1263,normal,none
7071,76.19,0.1045,normal,none
7072,74.81,0.0772,normal,none
7073,74.37,0.103,normal,none
7074,75.55,0.1117,normal,none
7075,77.87,0.0706,normal,none
7076,76.37,0.1491,normal,none
7077,73.25,0.1072,normal,none
7078,74.76,0.069,normal,none
7079,78.73,0.1971,normal,none
7080,76.31,0.0521,normal,none
7081,74.8,0.1952,normal,none
7082,73.88,0.1351,normal,none
7083,78.08,0.0928,normal,none
7084,75.89,0.1526,normal,none
7085,77.72,0.1917,normal,none
7086,73.52,0.0799,normal,none
7087,75.57,0.1918,normal,none
7088,77.24,0.0563,normal,none
7089,76.28,0.1242,normal,none
7090,74.19,0.1043,normal,none
7091,75.52,0.1295,normal,none
7092,77.13,0.0514,normal,none
7093,77.59,0.1841,normal,none
7094,75.0,0.0717,normal,none
7095,74.83,0.1291,normal,none
7096,73.25,0.0927,normal,none
7097,77.17,0.1239,normal,none
7098,77.55,0.0733,normal,none
7099,74.44,0.1647,normal,none
7100,72.93,0.1889,normal,none
7101,77.4,0.0836,normal,none
7102,77.88,0.0678,normal,none
7103,77.76,0.0646,normal,none
7104,74.03,0.1873,normal,none
7105,76.91,0.1519,normal,none
7106,74.96,0.0883,normal,none
7107,76.79,0.0641,normal,none
7108,75.17,0.1021,normal,none
7109,73.74,0.0725,normal,none
7110,76.89,0.1374,normal,none
7111,77.56,0.113,normal,none
7112,77.41,0.0997,normal,none
7113,73.88,0.1781,normal,none
7114,74.44,0.1839,normal,none
7115,77.1,0.1769,normal,none
7116,75.42,0.062,normal,none
7117,76.15,0.0936,normal,none
7118,73.37,0.1017,normal,none
7119,75.89,0.0569,normal,none
7120,76.22,0.0665,normal,none
7121,77.25,0.1122,normal,none
7122,74.07,0.1736,normal,none
7123,73.46,0.0663,normal,none
7124,76.98,0.0937,normal,none
7125,75.66,0.1606,normal,none
7126,75.89,0.0585,normal,none
7127,74.42,0.1215,normal,none
7128,76.86,0.0877,normal,none
7129,77.58,0.1716,normal,none
7130,75.03,0.135,normal,none
7131,74.93,0.1253,normal,none
7132,75.31,0.1723,normal,none
7133,75.93,0.1978,normal,none
7134,76.22,0.1275,normal,none
7135,73.73,0.1477,normal,none
7136,75.6,0.1643,normal,none
7137,74.39,0.0678,normal,none
7138,76.69,0.0525,normal,none
7139,78.22,0.1085,normal,none
7140,74.09,0.0757,normal,none
7141,76.46,0.1064,normal,none
7142,76.43,0.1342,normal,none
7143,78.4,0.1267,normal,none
7144,74.75,0.1572,normal,none
7145,74.69,0.1334,normal,none
7146,77.12,0.1658,normal,none
7147,76.58,0.1325,normal,none
7148,76.46,0.0975,normal,none
7149,74.52,0.0567,normal,none
7150,73.61,0.1619,normal,none
7151,77.04,0.1038,normal,none
7152,76.32,0.1483,normal,none
7153,74.48,0.1774,normal,none
7154,73.99,0.0542,normal,none
7155,77.24,0.0759,normal,none
7156,76.57,0.1217,normal,none
7157,76.14,0.1328,normal,none
7158,76.26,0.1007,normal,none
7159,74.49,0.167,normal,none
7160,75.78,0.1041,normal,none
7161,75.38,0.1281,normal,none
7162,74.69,0.1251,normal,none
7163,74.86,0.1227,normal,none
7164,76.7,0.191,normal,none
7165,77.97,0.1405,normal,none
7166,75.83,0.0788,normal,none
7167,75.19,0.1024,normal,none
7168,74.87,0.0691,normal,none
7169,75.62,0.1482,normal,none
7170,76.84,0.177,normal,none
7171,75.0,0.0775,normal,none
7172,75.5,0.0663,normal,none
7173,76.96,0.1273,normal,none
7174,75.85,0.1841,normal,none
7175,75.39,0.0562,normal,none
7176,74.75,0.1751,normal,none
7177,74.78,0.1301,normal,none
7178,75.74,0.1795,normal,none
7179,77.12,0.0883,normal,none
7180,75.84,0.1844,normal,none
7181,73.22,0.1295,normal,none
7182,75.87,0.1591,normal,none
7183,78.73,0.1105,normal,none
7184,76.01,0.1348,normal,none
7185,73.78,0.1854,normal,none
7186,75.88,0.0528,normal,none
7187,76.82,0.1331,normal,none
7188,76.31,0.1378,normal,none
7189,75.02,0.0996,normal,none
7190,73.82,0.0566,normal,none
7191,76.28,0.1789,normal,none
7192,76.29,0.1438,normal,none
7193,77.02,0.118,normal,none
7194,74.42,0.1755,normal,none
7195,74.49,0.0896,normal,none
7196,78.26,0.1312,normal,none
7197,76.92,0.1147,normal,none
7198,74.96,0.0514,normal,none
7199,75.09,0.1192,normal,none
